cohort,driver,column,community_pcs_k,site,site_n,site_residual_product_sum,site_residual_product_mean
optionC_date_aligned_n107_order_locked,Bloom,bloom,0,S01,10,18348.816839898678,1834.8816839898677
optionC_date_aligned_n107_order_locked,Bloom,bloom,0,S02,11,969.6686173464929,88.15169248604481
optionC_date_aligned_n107_order_locked,Bloom,bloom,0,S03,11,-3259.667831251638,-296.33343920469434
optionC_date_aligned_n107_order_locked,Bloom,bloom,0,S04,11,6364.378897720325,578.5798997927568
optionC_date_aligned_n107_order_locked,Bloom,bloom,0,S05,11,-3011.9575508778053,-273.8143228070732
optionC_date_aligned_n107_order_locked,Bloom,bloom,0,S06,11,2679.5658136081747,243.5968921461977
optionC_date_aligned_n107_order_locked,Bloom,bloom,0,S07,11,8063.6873089352775,733.0624826304797
optionC_date_aligned_n107_order_locked,Bloom,bloom,0,S08,11,342.9209537950917,31.174632163190154
optionC_date_aligned_n107_order_locked,Bloom,bloom,0,S09,10,18351.648615599614,1835.1648615599613
optionC_date_aligned_n107_order_locked,Bloom,bloom,0,S10,10,9699.798148309896,969.9798148309895
optionC_date_aligned_n107_order_locked,Bloom,bloom,1,S01,10,6604.848752816944,660.4848752816945
optionC_date_aligned_n107_order_locked,Bloom,bloom,1,S02,11,-1746.9278144944828,-158.81161949949845
optionC_date_aligned_n107_order_locked,Bloom,bloom,1,S03,11,-13108.285400430868,-1191.662309130079
optionC_date_aligned_n107_order_locked,Bloom,bloom,1,S04,11,2567.3764219110844,233.39785653737133
optionC_date_aligned_n107_order_locked,Bloom,bloom,1,S05,11,1679.1839949579921,152.65309045072655
optionC_date_aligned_n107_order_locked,Bloom,bloom,1,S06,11,-672.5410471361379,-61.14009519419435
optionC_date_aligned_n107_order_locked,Bloom,bloom,1,S07,11,-6859.047712311832,-623.5497920283483
optionC_date_aligned_n107_order_locked,Bloom,bloom,1,S08,11,-5052.03841036371,-459.2762191239736
optionC_date_aligned_n107_order_locked,Bloom,bloom,1,S09,10,1861.3961855911684,186.13961855911685
optionC_date_aligned_n107_order_locked,Bloom,bloom,1,S10,10,-1126.860570297124,-112.6860570297124
optionC_date_aligned_n107_order_locked,Bloom,bloom,2,S01,10,8846.89104593241,884.689104593241
optionC_date_aligned_n107_order_locked,Bloom,bloom,2,S02,11,-7959.620879876571,-723.6018981705973
optionC_date_aligned_n107_order_locked,Bloom,bloom,2,S03,11,-6285.398780657498,-571.3998891506816
optionC_date_aligned_n107_order_locked,Bloom,bloom,2,S04,11,-1164.8625735433889,-105.89659759485353
optionC_date_aligned_n107_order_locked,Bloom,bloom,2,S05,11,-3171.2816060591113,-288.29832782355555
optionC_date_aligned_n107_order_locked,Bloom,bloom,2,S06,11,189.10833714871444,17.191667013519496
optionC_date_aligned_n107_order_locked,Bloom,bloom,2,S07,11,-4828.731753703832,-438.9756139730756
optionC_date_aligned_n107_order_locked,Bloom,bloom,2,S08,11,-3900.650609206913,-354.6046008369921
optionC_date_aligned_n107_order_locked,Bloom,bloom,2,S09,10,305.1801846287858,30.51801846287858
optionC_date_aligned_n107_order_locked,Bloom,bloom,2,S10,10,222.84251842808152,22.284251842808153
optionC_date_aligned_n107_order_locked,Bloom,bloom,3,S01,10,11888.04388323861,1188.804388323861
optionC_date_aligned_n107_order_locked,Bloom,bloom,3,S02,11,-7373.4729259657,-670.3157205423363
optionC_date_aligned_n107_order_locked,Bloom,bloom,3,S03,11,-4896.1308102559215,-445.1028009323565
optionC_date_aligned_n107_order_locked,Bloom,bloom,3,S04,11,-79.20739501801427,-7.200672274364933
optionC_date_aligned_n107_order_locked,Bloom,bloom,3,S05,11,-5193.483120874379,-472.13482917039806
optionC_date_aligned_n107_order_locked,Bloom,bloom,3,S06,11,-428.84966678937735,-38.98633334448885
optionC_date_aligned_n107_order_locked,Bloom,bloom,3,S07,11,-3140.5207280550844,-285.501884368644
optionC_date_aligned_n107_order_locked,Bloom,bloom,3,S08,11,-3657.174188894027,-332.4703808085479
optionC_date_aligned_n107_order_locked,Bloom,bloom,3,S09,10,364.68058259711285,36.468058259711285
optionC_date_aligned_n107_order_locked,Bloom,bloom,3,S10,10,-632.7900012925336,-63.27900012925336
optionC_date_aligned_n107_order_locked,Bloom,bloom,4,S01,10,2176.7848300980336,217.67848300980336
optionC_date_aligned_n107_order_locked,Bloom,bloom,4,S02,11,-7052.518796726826,-641.1380724297114
optionC_date_aligned_n107_order_locked,Bloom,bloom,4,S03,11,-2034.9615388962507,-184.9965035360228
optionC_date_aligned_n107_order_locked,Bloom,bloom,4,S04,11,1849.1485073230604,168.10440975664184
optionC_date_aligned_n107_order_locked,Bloom,bloom,4,S05,11,-7268.048716407751,-660.7317014916138
optionC_date_aligned_n107_order_locked,Bloom,bloom,4,S06,11,-1041.8067114491573,-94.70970104083248
optionC_date_aligned_n107_order_locked,Bloom,bloom,4,S07,11,-3477.2704907219445,-316.1154991565404
optionC_date_aligned_n107_order_locked,Bloom,bloom,4,S08,11,-1191.6681221369063,-108.33346564880966
optionC_date_aligned_n107_order_locked,Bloom,bloom,4,S09,10,2058.290041663645,205.82900416636448
optionC_date_aligned_n107_order_locked,Bloom,bloom,4,S10,10,-698.5072600231058,-69.85072600231058
optionC_date_aligned_n107_order_locked,Bloom,bloom,5,S01,10,4381.281518758253,438.12815187582527
optionC_date_aligned_n107_order_locked,Bloom,bloom,5,S02,11,-9741.495802941785,-885.5905275401623
optionC_date_aligned_n107_order_locked,Bloom,bloom,5,S03,11,-3729.030282531757,-339.00275295743245
optionC_date_aligned_n107_order_locked,Bloom,bloom,5,S04,11,-3601.031746423997,-327.36652240218154
optionC_date_aligned_n107_order_locked,Bloom,bloom,5,S05,11,-6904.723104089792,-627.7021003717992
optionC_date_aligned_n107_order_locked,Bloom,bloom,5,S06,11,-1236.1255622948731,-112.37505111771574
optionC_date_aligned_n107_order_locked,Bloom,bloom,5,S07,11,-4674.0722276731785,-424.91565706119803
optionC_date_aligned_n107_order_locked,Bloom,bloom,5,S08,11,-1146.6267000260525,-104.23879091145932
optionC_date_aligned_n107_order_locked,Bloom,bloom,5,S09,10,1280.354297791366,128.0354297791366
optionC_date_aligned_n107_order_locked,Bloom,bloom,5,S10,10,-620.046733495277,-62.00467334952769
optionC_date_aligned_n107_order_locked,Bloom,bloom,6,S01,10,2675.3531206069015,267.53531206069016
optionC_date_aligned_n107_order_locked,Bloom,bloom,6,S02,11,-10493.522762965504,-953.9566148150458
optionC_date_aligned_n107_order_locked,Bloom,bloom,6,S03,11,-5143.409600296143,-467.582690936013
optionC_date_aligned_n107_order_locked,Bloom,bloom,6,S04,11,-5509.75284309887,-500.88662209989724
optionC_date_aligned_n107_order_locked,Bloom,bloom,6,S05,11,-8310.338417348205,-755.4853106680185
optionC_date_aligned_n107_order_locked,Bloom,bloom,6,S06,11,-1617.4408797233834,-147.04007997485303
optionC_date_aligned_n107_order_locked,Bloom,bloom,6,S07,11,-3897.780728897994,-354.34370262709035
optionC_date_aligned_n107_order_locked,Bloom,bloom,6,S08,11,-1976.761466686844,-179.70558788062218
optionC_date_aligned_n107_order_locked,Bloom,bloom,6,S09,10,1187.4409766938847,118.74409766938848
optionC_date_aligned_n107_order_locked,Bloom,bloom,6,S10,10,-1109.7560329904159,-110.97560329904158
optionC_date_aligned_n107_order_locked,Bloom,bloom,7,S01,10,5604.229026738976,560.4229026738976
optionC_date_aligned_n107_order_locked,Bloom,bloom,7,S02,11,-5876.377063288764,-534.2160966626149
optionC_date_aligned_n107_order_locked,Bloom,bloom,7,S03,11,-4868.486366889043,-442.5896697171857
optionC_date_aligned_n107_order_locked,Bloom,bloom,7,S04,11,-4272.963525565794,-388.45122959689036
optionC_date_aligned_n107_order_locked,Bloom,bloom,7,S05,11,-6647.586482972103,-604.3260439065548
optionC_date_aligned_n107_order_locked,Bloom,bloom,7,S06,11,-403.0453489812671,-36.64048627102429
optionC_date_aligned_n107_order_locked,Bloom,bloom,7,S07,11,-2001.2243829089875,-181.9294893553625
optionC_date_aligned_n107_order_locked,Bloom,bloom,7,S08,11,-3621.8105538801015,-329.255504898191
optionC_date_aligned_n107_order_locked,Bloom,bloom,7,S09,10,2378.6784553697958,237.8678455369796
optionC_date_aligned_n107_order_locked,Bloom,bloom,7,S10,10,-2873.8405694454977,-287.3840569445498
optionC_date_aligned_n107_order_locked,Bloom,bloom,8,S01,10,7028.888945216093,702.8888945216092
optionC_date_aligned_n107_order_locked,Bloom,bloom,8,S02,11,-5530.6770437235755,-502.7888221566887
optionC_date_aligned_n107_order_locked,Bloom,bloom,8,S03,11,-5235.766756256903,-475.97879602335485
optionC_date_aligned_n107_order_locked,Bloom,bloom,8,S04,11,-1441.011563175748,-131.00105119779528
optionC_date_aligned_n107_order_locked,Bloom,bloom,8,S05,11,-6304.882417998667,-573.1711289089698
optionC_date_aligned_n107_order_locked,Bloom,bloom,8,S06,11,-359.765028460861,-32.705911678260094
optionC_date_aligned_n107_order_locked,Bloom,bloom,8,S07,11,-1206.3796062481113,-109.67087329528285
optionC_date_aligned_n107_order_locked,Bloom,bloom,8,S08,11,-3485.860713031083,-316.8964284573712
optionC_date_aligned_n107_order_locked,Bloom,bloom,8,S09,10,2729.3177463727015,272.93177463727017
optionC_date_aligned_n107_order_locked,Bloom,bloom,8,S10,10,-2181.9740312267963,-218.19740312267965
optionC_date_aligned_n107_order_locked,Bloom,bloom,9,S01,10,-269.7433373036388,-26.974333730363877
optionC_date_aligned_n107_order_locked,Bloom,bloom,9,S02,11,-6933.0614454905835,-630.2783132264167
optionC_date_aligned_n107_order_locked,Bloom,bloom,9,S03,11,-4433.060433192939,-403.00549392663083
optionC_date_aligned_n107_order_locked,Bloom,bloom,9,S04,11,1559.41136824978,141.7646698408891
optionC_date_aligned_n107_order_locked,Bloom,bloom,9,S05,11,-2126.7960572001425,-193.34509610910388
optionC_date_aligned_n107_order_locked,Bloom,bloom,9,S06,11,-3163.3900284709835,-287.5809116791803
optionC_date_aligned_n107_order_locked,Bloom,bloom,9,S07,11,-377.89802090021675,-34.35436553638334
optionC_date_aligned_n107_order_locked,Bloom,bloom,9,S08,11,-1028.431217374856,-93.49374703407783
optionC_date_aligned_n107_order_locked,Bloom,bloom,9,S09,10,2636.1851072906375,263.61851072906376
optionC_date_aligned_n107_order_locked,Bloom,bloom,9,S10,10,310.08134657780715,31.008134657780715
optionC_date_aligned_n107_order_locked,Bloom,bloom,10,S01,10,-369.1934105896639,-36.919341058966396
optionC_date_aligned_n107_order_locked,Bloom,bloom,10,S02,11,-4754.770034968507,-432.2518213607734
optionC_date_aligned_n107_order_locked,Bloom,bloom,10,S03,11,-3662.7817898754215,-332.9801627159474
optionC_date_aligned_n107_order_locked,Bloom,bloom,10,S04,11,1763.972891948526,160.36117199532055
optionC_date_aligned_n107_order_locked,Bloom,bloom,10,S05,11,-439.57575869428683,-39.96143260857153
optionC_date_aligned_n107_order_locked,Bloom,bloom,10,S06,11,-3384.844069441809,-307.71309722198265
optionC_date_aligned_n107_order_locked,Bloom,bloom,10,S07,11,-2.636496326098495,-0.2396814841907723
optionC_date_aligned_n107_order_locked,Bloom,bloom,10,S08,11,-650.4800219563051,-59.134547450573194
optionC_date_aligned_n107_order_locked,Bloom,bloom,10,S09,10,1839.6605991426147,183.96605991426148
optionC_date_aligned_n107_order_locked,Bloom,bloom,10,S10,10,1275.8256058154384,127.58256058154385
optionC_date_aligned_n107_order_locked,Microcystin,MC_ppb,0,S01,10,11442.48888636562,1144.248888636562
optionC_date_aligned_n107_order_locked,Microcystin,MC_ppb,0,S02,11,13073.170289020874,1188.4700262746248
optionC_date_aligned_n107_order_locked,Microcystin,MC_ppb,0,S03,11,-2232.067953969778,-202.91526854270708
optionC_date_aligned_n107_order_locked,Microcystin,MC_ppb,0,S04,11,10557.6389151891,959.7853559262818
optionC_date_aligned_n107_order_locked,Microcystin,MC_ppb,0,S05,11,-134839.51797266136,-12258.137997514668
optionC_date_aligned_n107_order_locked,Microcystin,MC_ppb,0,S06,11,30860.31114883396,2805.4828317121783
optionC_date_aligned_n107_order_locked,Microcystin,MC_ppb,0,S07,11,18383.1887469648,1671.1989769968
optionC_date_aligned_n107_order_locked,Microcystin,MC_ppb,0,S08,11,-5247.58611284828,-477.0532829862073
optionC_date_aligned_n107_order_locked,Microcystin,MC_ppb,0,S09,10,59993.929848982436,5999.392984898243
optionC_date_aligned_n107_order_locked,Microcystin,MC_ppb,0,S10,10,34139.89212001048,3413.989212001048
optionC_date_aligned_n107_order_locked,Microcystin,MC_ppb,1,S01,10,-9768.761916245738,-976.8761916245737
optionC_date_aligned_n107_order_locked,Microcystin,MC_ppb,1,S02,11,-26249.922147859306,-2386.3565588963006
optionC_date_aligned_n107_order_locked,Microcystin,MC_ppb,1,S03,11,-26038.00577235462,-2367.09143385042
optionC_date_aligned_n107_order_locked,Microcystin,MC_ppb,1,S04,11,-43557.754217242866,-3959.7958379311694
optionC_date_aligned_n107_order_locked,Microcystin,MC_ppb,1,S05,11,-129193.30955966373,-11744.846323605794
optionC_date_aligned_n107_order_locked,Microcystin,MC_ppb,1,S06,11,4223.637553948317,383.9670503589379
optionC_date_aligned_n107_order_locked,Microcystin,MC_ppb,1,S07,11,-18891.415575373496,-1717.401415943045
optionC_date_aligned_n107_order_locked,Microcystin,MC_ppb,1,S08,11,5536.165085722646,503.2877350656951
optionC_date_aligned_n107_order_locked,Microcystin,MC_ppb,1,S09,10,2030.78169639736,203.07816963973602
optionC_date_aligned_n107_order_locked,Microcystin,MC_ppb,1,S10,10,-21352.89691973162,-2135.289691973162
optionC_date_aligned_n107_order_locked,Microcystin,MC_ppb,2,S01,10,-4882.060637497982,-488.20606374979815
optionC_date_aligned_n107_order_locked,Microcystin,MC_ppb,2,S02,11,-51902.768234938296,-4718.433475903482
optionC_date_aligned_n107_order_locked,Microcystin,MC_ppb,2,S03,11,59506.8408148258,5409.7128013478
optionC_date_aligned_n107_order_locked,Microcystin,MC_ppb,2,S04,11,-34387.12375027227,-3126.102159115661
optionC_date_aligned_n107_order_locked,Microcystin,MC_ppb,2,S05,11,-153763.60489983638,-13978.509536348762
optionC_date_aligned_n107_order_locked,Microcystin,MC_ppb,2,S06,11,-21873.903044018432,-1988.536640365312
optionC_date_aligned_n107_order_locked,Microcystin,MC_ppb,2,S07,11,-14651.119578392589,-1331.9199616720534
optionC_date_aligned_n107_order_locked,Microcystin,MC_ppb,2,S08,11,-6489.383547371664,-589.9439588519695
optionC_date_aligned_n107_order_locked,Microcystin,MC_ppb,2,S09,10,15560.432584616703,1556.0432584616703
optionC_date_aligned_n107_order_locked,Microcystin,MC_ppb,2,S10,10,13313.702893268119,1331.3702893268119
optionC_date_aligned_n107_order_locked,Microcystin,MC_ppb,3,S01,10,15582.676339057438,1558.2676339057439
optionC_date_aligned_n107_order_locked,Microcystin,MC_ppb,3,S02,11,-54993.599791672714,-4999.418162879338
optionC_date_aligned_n107_order_locked,Microcystin,MC_ppb,3,S03,11,32473.361589972355,2952.123780906578
optionC_date_aligned_n107_order_locked,Microcystin,MC_ppb,3,S04,11,-19338.012558259074,-1758.0011416599157
optionC_date_aligned_n107_order_locked,Microcystin,MC_ppb,3,S05,11,-192346.92462682285,-17486.084056983895
optionC_date_aligned_n107_order_locked,Microcystin,MC_ppb,3,S06,11,-1050.4718499362025,-95.49744090329114
optionC_date_aligned_n107_order_locked,Microcystin,MC_ppb,3,S07,11,-7716.25362786906,-701.4776025335509
optionC_date_aligned_n107_order_locked,Microcystin,MC_ppb,3,S08,11,-11670.157234002014,-1060.923384909274
optionC_date_aligned_n107_order_locked,Microcystin,MC_ppb,3,S09,10,-216.24985566236865,-21.624985566236866
optionC_date_aligned_n107_order_locked,Microcystin,MC_ppb,3,S10,10,7073.291418277939,707.3291418277938
optionC_date_aligned_n107_order_locked,Microcystin,MC_ppb,4,S01,10,-42946.37031393814,-4294.637031393814
optionC_date_aligned_n107_order_locked,Microcystin,MC_ppb,4,S02,11,-111604.6693890972,-10145.879035372473
optionC_date_aligned_n107_order_locked,Microcystin,MC_ppb,4,S03,11,35692.546272773056,3244.7769338884596
optionC_date_aligned_n107_order_locked,Microcystin,MC_ppb,4,S04,11,-38939.46503600305,-3539.951366909368
optionC_date_aligned_n107_order_locked,Microcystin,MC_ppb,4,S05,11,-275418.33889413433,-25038.030808557665
optionC_date_aligned_n107_order_locked,Microcystin,MC_ppb,4,S06,11,-3927.41705106712,-357.0379137333746
optionC_date_aligned_n107_order_locked,Microcystin,MC_ppb,4,S07,11,-5879.428190806635,-534.4934718915123
optionC_date_aligned_n107_order_locked,Microcystin,MC_ppb,4,S08,11,-10203.882064917363,-927.6256422652149
optionC_date_aligned_n107_order_locked,Microcystin,MC_ppb,4,S09,10,10248.47927241555,1024.847927241555
optionC_date_aligned_n107_order_locked,Microcystin,MC_ppb,4,S10,10,16020.802237429554,1602.0802237429555
optionC_date_aligned_n107_order_locked,Microcystin,MC_ppb,5,S01,10,-41776.05479178406,-4177.605479178406
optionC_date_aligned_n107_order_locked,Microcystin,MC_ppb,5,S02,11,-101771.16405937805,-9251.924005398005
optionC_date_aligned_n107_order_locked,Microcystin,MC_ppb,5,S03,11,29196.526581741444,2654.2296892492222
optionC_date_aligned_n107_order_locked,Microcystin,MC_ppb,5,S04,11,-31478.556608781506,-2861.6869644346825
optionC_date_aligned_n107_order_locked,Microcystin,MC_ppb,5,S05,11,-263078.1445013876,-23916.194954671602
optionC_date_aligned_n107_order_locked,Microcystin,MC_ppb,5,S06,11,5059.181890485168,459.9256264077425
optionC_date_aligned_n107_order_locked,Microcystin,MC_ppb,5,S07,11,-9148.969206791766,-831.724473344706
optionC_date_aligned_n107_order_locked,Microcystin,MC_ppb,5,S08,11,-10278.807793313088,-934.4370721193717
optionC_date_aligned_n107_order_locked,Microcystin,MC_ppb,5,S09,10,2640.2477666660925,264.0247766666092
optionC_date_aligned_n107_order_locked,Microcystin,MC_ppb,5,S10,10,12460.783271584862,1246.0783271584862
optionC_date_aligned_n107_order_locked,Microcystin,MC_ppb,6,S01,10,-51911.10002579952,-5191.1100025799515
optionC_date_aligned_n107_order_locked,Microcystin,MC_ppb,6,S02,11,-92802.61547331714,-8436.601406665195
optionC_date_aligned_n107_order_locked,Microcystin,MC_ppb,6,S03,11,-11445.024805682273,-1040.4568005165702
optionC_date_aligned_n107_order_locked,Microcystin,MC_ppb,6,S04,11,-38584.482404359886,-3507.680218578171
optionC_date_aligned_n107_order_locked,Microcystin,MC_ppb,6,S05,11,-268434.3231669346,-24403.120287903144
optionC_date_aligned_n107_order_locked,Microcystin,MC_ppb,6,S06,11,6799.154812336059,618.1049829396417
optionC_date_aligned_n107_order_locked,Microcystin,MC_ppb,6,S07,11,-7915.861512026593,-719.6237738205994
optionC_date_aligned_n107_order_locked,Microcystin,MC_ppb,6,S08,11,-12787.109293631136,-1162.4644812391941
optionC_date_aligned_n107_order_locked,Microcystin,MC_ppb,6,S09,10,11890.269974976343,1189.0269974976343
optionC_date_aligned_n107_order_locked,Microcystin,MC_ppb,6,S10,10,8156.353714202834,815.6353714202835
optionC_date_aligned_n107_order_locked,Microcystin,MC_ppb,7,S01,10,-34890.05172018388,-3489.0051720183883
optionC_date_aligned_n107_order_locked,Microcystin,MC_ppb,7,S02,11,-63113.698341683215,-5737.60894015302
optionC_date_aligned_n107_order_locked,Microcystin,MC_ppb,7,S03,11,-4826.521418022974,-438.77467436572493
optionC_date_aligned_n107_order_locked,Microcystin,MC_ppb,7,S04,11,-27595.611519399485,-2508.691956309044
optionC_date_aligned_n107_order_locked,Microcystin,MC_ppb,7,S05,11,-187504.08324256545,-17045.825749324133
optionC_date_aligned_n107_order_locked,Microcystin,MC_ppb,7,S06,11,5502.0897556750915,500.1899777886447
optionC_date_aligned_n107_order_locked,Microcystin,MC_ppb,7,S07,11,-3490.10029401146,-317.28184491013275
optionC_date_aligned_n107_order_locked,Microcystin,MC_ppb,7,S08,11,-18314.08252530733,-1664.9165932097574
optionC_date_aligned_n107_order_locked,Microcystin,MC_ppb,7,S09,10,11814.84378019376,1181.484378019376
optionC_date_aligned_n107_order_locked,Microcystin,MC_ppb,7,S10,10,6026.0889165935205,602.608891659352
optionC_date_aligned_n107_order_locked,Microcystin,MC_ppb,8,S01,10,-38502.238236108635,-3850.2238236108633
optionC_date_aligned_n107_order_locked,Microcystin,MC_ppb,8,S02,11,-56601.793908049825,-5145.617628004529
optionC_date_aligned_n107_order_locked,Microcystin,MC_ppb,8,S03,11,-9005.75120323867,-818.704654839879
optionC_date_aligned_n107_order_locked,Microcystin,MC_ppb,8,S04,11,-46091.95118501366,-4190.177380455788
optionC_date_aligned_n107_order_locked,Microcystin,MC_ppb,8,S05,11,-189261.62204464796,-17205.602004058906
optionC_date_aligned_n107_order_locked,Microcystin,MC_ppb,8,S06,11,392.68531003221324,35.69866454838302
optionC_date_aligned_n107_order_locked,Microcystin,MC_ppb,8,S07,11,-1677.0428371295839,-152.4584397390531
optionC_date_aligned_n107_order_locked,Microcystin,MC_ppb,8,S08,11,-15006.831583027644,-1364.2574166388767
optionC_date_aligned_n107_order_locked,Microcystin,MC_ppb,8,S09,10,9343.803566622344,934.3803566622344
optionC_date_aligned_n107_order_locked,Microcystin,MC_ppb,8,S10,10,11566.070799440131,1156.607079944013
optionC_date_aligned_n107_order_locked,Microcystin,MC_ppb,9,S01,10,-93197.49399120343,-9319.749399120343
optionC_date_aligned_n107_order_locked,Microcystin,MC_ppb,9,S02,11,-30590.44270876916,-2780.949337160833
optionC_date_aligned_n107_order_locked,Microcystin,MC_ppb,9,S03,11,-44511.78471018135,-4046.525882743759
optionC_date_aligned_n107_order_locked,Microcystin,MC_ppb,9,S04,11,-17662.826912157205,-1605.7115374688367
optionC_date_aligned_n107_order_locked,Microcystin,MC_ppb,9,S05,11,-179421.64645791537,-16311.058768901397
optionC_date_aligned_n107_order_locked,Microcystin,MC_ppb,9,S06,11,-15354.754661720617,-1395.886787429147
optionC_date_aligned_n107_order_locked,Microcystin,MC_ppb,9,S07,11,-2164.6757578945044,-196.78870526313676
optionC_date_aligned_n107_order_locked,Microcystin,MC_ppb,9,S08,11,-1561.9875715005053,-141.99887013640958
optionC_date_aligned_n107_order_locked,Microcystin,MC_ppb,9,S09,10,-3741.060222676912,-374.1060222676912
optionC_date_aligned_n107_order_locked,Microcystin,MC_ppb,9,S10,10,37587.98815649276,3758.7988156492756
optionC_date_aligned_n107_order_locked,Microcystin,MC_ppb,10,S01,10,-100576.42220956208,-10057.642220956208
optionC_date_aligned_n107_order_locked,Microcystin,MC_ppb,10,S02,11,-44939.61343673578,-4085.4194033396166
optionC_date_aligned_n107_order_locked,Microcystin,MC_ppb,10,S03,11,-57173.136150834776,-5197.557831894071
optionC_date_aligned_n107_order_locked,Microcystin,MC_ppb,10,S04,11,-11029.809144801984,-1002.7099222547258
optionC_date_aligned_n107_order_locked,Microcystin,MC_ppb,10,S05,11,-234626.6087527458,-21329.69170479507
optionC_date_aligned_n107_order_locked,Microcystin,MC_ppb,10,S06,11,-20107.992304816726,-1827.9993004378841
optionC_date_aligned_n107_order_locked,Microcystin,MC_ppb,10,S07,11,-787.048533053432,-71.5498666412211
optionC_date_aligned_n107_order_locked,Microcystin,MC_ppb,10,S08,11,-813.7738452973861,-73.97944048158055
optionC_date_aligned_n107_order_locked,Microcystin,MC_ppb,10,S09,10,-2368.4952479879476,-236.84952479879476
optionC_date_aligned_n107_order_locked,Microcystin,MC_ppb,10,S10,10,34237.379783776756,3423.7379783776755
optionC_date_aligned_n107_order_locked,Chlorophyll a,Chl_a_mg_m3,0,S01,10,1492844.5893526361,149284.45893526362
optionC_date_aligned_n107_order_locked,Chlorophyll a,Chl_a_mg_m3,0,S02,11,156640.2641025417,14240.024009321973
optionC_date_aligned_n107_order_locked,Chlorophyll a,Chl_a_mg_m3,0,S03,11,147972.4799903922,13452.0436354902
optionC_date_aligned_n107_order_locked,Chlorophyll a,Chl_a_mg_m3,0,S04,11,74457.42235799343,6768.856577999403
optionC_date_aligned_n107_order_locked,Chlorophyll a,Chl_a_mg_m3,0,S05,11,-248888.47362331493,-22626.224874846812
optionC_date_aligned_n107_order_locked,Chlorophyll a,Chl_a_mg_m3,0,S06,11,-88569.24116225581,-8051.74919656871
optionC_date_aligned_n107_order_locked,Chlorophyll a,Chl_a_mg_m3,0,S07,11,-368788.0638725362,-33526.187624776016
optionC_date_aligned_n107_order_locked,Chlorophyll a,Chl_a_mg_m3,0,S08,11,-441227.1933429412,-40111.56303117647
optionC_date_aligned_n107_order_locked,Chlorophyll a,Chl_a_mg_m3,0,S09,10,58009.02654889804,5800.902654889804
optionC_date_aligned_n107_order_locked,Chlorophyll a,Chl_a_mg_m3,0,S10,10,371663.2397420445,37166.323974204446
optionC_date_aligned_n107_order_locked,Chlorophyll a,Chl_a_mg_m3,1,S01,10,992260.7224096197,99226.07224096198
optionC_date_aligned_n107_order_locked,Chlorophyll a,Chl_a_mg_m3,1,S02,11,-29753.809415409363,-2704.891765037215
optionC_date_aligned_n107_order_locked,Chlorophyll a,Chl_a_mg_m3,1,S03,11,-147795.98007405124,-13435.998188550113
optionC_date_aligned_n107_order_locked,Chlorophyll a,Chl_a_mg_m3,1,S04,11,-48713.86708732049,-4428.53337157459
optionC_date_aligned_n107_order_locked,Chlorophyll a,Chl_a_mg_m3,1,S05,11,231921.17642379706,21083.74331125428
optionC_date_aligned_n107_order_locked,Chlorophyll a,Chl_a_mg_m3,1,S06,11,-101853.89421815715,-9259.444928923376
optionC_date_aligned_n107_order_locked,Chlorophyll a,Chl_a_mg_m3,1,S07,11,-98838.68643652377,-8985.33513059307
optionC_date_aligned_n107_order_locked,Chlorophyll a,Chl_a_mg_m3,1,S08,11,-323862.22715200693,-29442.020650182447
optionC_date_aligned_n107_order_locked,Chlorophyll a,Chl_a_mg_m3,1,S09,10,-17589.258452662325,-1758.9258452662325
optionC_date_aligned_n107_order_locked,Chlorophyll a,Chl_a_mg_m3,1,S10,10,18471.16278994888,1847.116278994888
optionC_date_aligned_n107_order_locked,Chlorophyll a,Chl_a_mg_m3,2,S01,10,1192645.4219703914,119264.54219703915
optionC_date_aligned_n107_order_locked,Chlorophyll a,Chl_a_mg_m3,2,S02,11,-1214.1611134704654,-110.37828304276958
optionC_date_aligned_n107_order_locked,Chlorophyll a,Chl_a_mg_m3,2,S03,11,-9988.066085455008,-908.0060077686371
optionC_date_aligned_n107_order_locked,Chlorophyll a,Chl_a_mg_m3,2,S04,11,-190793.07103129773,-17344.824639208884
optionC_date_aligned_n107_order_locked,Chlorophyll a,Chl_a_mg_m3,2,S05,11,237423.8327902574,21583.98479911431
optionC_date_aligned_n107_order_locked,Chlorophyll a,Chl_a_mg_m3,2,S06,11,166533.58413967962,15139.416739970875
optionC_date_aligned_n107_order_locked,Chlorophyll a,Chl_a_mg_m3,2,S07,11,-161657.6198817687,-14696.147261978973
optionC_date_aligned_n107_order_locked,Chlorophyll a,Chl_a_mg_m3,2,S08,11,-420490.22814603033,-38226.38437691185
optionC_date_aligned_n107_order_locked,Chlorophyll a,Chl_a_mg_m3,2,S09,10,40664.59805305328,4066.4598053053282
optionC_date_aligned_n107_order_locked,Chlorophyll a,Chl_a_mg_m3,2,S10,10,183303.68053765903,18330.368053765902
optionC_date_aligned_n107_order_locked,Chlorophyll a,Chl_a_mg_m3,3,S01,10,1227073.153915605,122707.3153915605
optionC_date_aligned_n107_order_locked,Chlorophyll a,Chl_a_mg_m3,3,S02,11,-36646.244521405206,-3331.4767746732005
optionC_date_aligned_n107_order_locked,Chlorophyll a,Chl_a_mg_m3,3,S03,11,-46101.39338019372,-4191.035761835792
optionC_date_aligned_n107_order_locked,Chlorophyll a,Chl_a_mg_m3,3,S04,11,9690.46934969534,880.9517590632128
optionC_date_aligned_n107_order_locked,Chlorophyll a,Chl_a_mg_m3,3,S05,11,116035.8542107818,10548.714019161982
optionC_date_aligned_n107_order_locked,Chlorophyll a,Chl_a_mg_m3,3,S06,11,245250.23505150757,22295.475913773415
optionC_date_aligned_n107_order_locked,Chlorophyll a,Chl_a_mg_m3,3,S07,11,-143763.26640735456,-13069.38785521405
optionC_date_aligned_n107_order_locked,Chlorophyll a,Chl_a_mg_m3,3,S08,11,-368766.45493266894,-33524.223175697174
optionC_date_aligned_n107_order_locked,Chlorophyll a,Chl_a_mg_m3,3,S09,10,-86816.82760409726,-8681.682760409725
optionC_date_aligned_n107_order_locked,Chlorophyll a,Chl_a_mg_m3,3,S10,10,18267.51307584227,1826.751307584227
optionC_date_aligned_n107_order_locked,Chlorophyll a,Chl_a_mg_m3,4,S01,10,1130128.604918257,113012.8604918257
optionC_date_aligned_n107_order_locked,Chlorophyll a,Chl_a_mg_m3,4,S02,11,-41828.78920009946,-3802.617200009042
optionC_date_aligned_n107_order_locked,Chlorophyll a,Chl_a_mg_m3,4,S03,11,77751.46689652727,7068.3151724115705
optionC_date_aligned_n107_order_locked,Chlorophyll a,Chl_a_mg_m3,4,S04,11,-3370.625406502817,-306.4204915002561
optionC_date_aligned_n107_order_locked,Chlorophyll a,Chl_a_mg_m3,4,S05,11,43538.10289887628,3958.009354443298
optionC_date_aligned_n107_order_locked,Chlorophyll a,Chl_a_mg_m3,4,S06,11,226445.71458212828,20585.974052920752
optionC_date_aligned_n107_order_locked,Chlorophyll a,Chl_a_mg_m3,4,S07,11,-187083.92077832957,-17007.629161666326
optionC_date_aligned_n107_order_locked,Chlorophyll a,Chl_a_mg_m3,4,S08,11,-278414.5923178094,-25310.41748343722
optionC_date_aligned_n107_order_locked,Chlorophyll a,Chl_a_mg_m3,4,S09,10,-98573.11154307728,-9857.311154307728
optionC_date_aligned_n107_order_locked,Chlorophyll a,Chl_a_mg_m3,4,S10,10,68909.55902509142,6890.955902509142
optionC_date_aligned_n107_order_locked,Chlorophyll a,Chl_a_mg_m3,5,S01,10,1228792.5276859372,122879.25276859372
optionC_date_aligned_n107_order_locked,Chlorophyll a,Chl_a_mg_m3,5,S02,11,-63560.053489775215,-5778.186680888656
optionC_date_aligned_n107_order_locked,Chlorophyll a,Chl_a_mg_m3,5,S03,11,77189.40049540557,7017.218226855052
optionC_date_aligned_n107_order_locked,Chlorophyll a,Chl_a_mg_m3,5,S04,11,1871.137689598232,170.103426327112
optionC_date_aligned_n107_order_locked,Chlorophyll a,Chl_a_mg_m3,5,S05,11,10442.91764964135,949.3561499673954
optionC_date_aligned_n107_order_locked,Chlorophyll a,Chl_a_mg_m3,5,S06,11,242489.30455484637,22044.48223225876
optionC_date_aligned_n107_order_locked,Chlorophyll a,Chl_a_mg_m3,5,S07,11,-198913.28162841586,-18083.02560258326
optionC_date_aligned_n107_order_locked,Chlorophyll a,Chl_a_mg_m3,5,S08,11,-243025.64208688,-22093.24018971636
optionC_date_aligned_n107_order_locked,Chlorophyll a,Chl_a_mg_m3,5,S09,10,-79289.24759088221,-7928.9247590882205
optionC_date_aligned_n107_order_locked,Chlorophyll a,Chl_a_mg_m3,5,S10,10,73273.16770996849,7327.316770996849
optionC_date_aligned_n107_order_locked,Chlorophyll a,Chl_a_mg_m3,6,S01,10,1174194.3182269777,117419.43182269778
optionC_date_aligned_n107_order_locked,Chlorophyll a,Chl_a_mg_m3,6,S02,11,-166119.503996222,-15101.773090565635
optionC_date_aligned_n107_order_locked,Chlorophyll a,Chl_a_mg_m3,6,S03,11,38698.006430821,3518.0005846200906
optionC_date_aligned_n107_order_locked,Chlorophyll a,Chl_a_mg_m3,6,S04,11,-43747.911695475246,-3977.0828814068404
optionC_date_aligned_n107_order_locked,Chlorophyll a,Chl_a_mg_m3,6,S05,11,-47540.46827351642,-4321.860752137856
optionC_date_aligned_n107_order_locked,Chlorophyll a,Chl_a_mg_m3,6,S06,11,236245.02703732834,21476.820639757123
optionC_date_aligned_n107_order_locked,Chlorophyll a,Chl_a_mg_m3,6,S07,11,-150320.09759773227,-13665.463417975661
optionC_date_aligned_n107_order_locked,Chlorophyll a,Chl_a_mg_m3,6,S08,11,-195873.87777441772,-17806.716161310702
optionC_date_aligned_n107_order_locked,Chlorophyll a,Chl_a_mg_m3,6,S09,10,-59092.52441972693,-5909.252441972692
optionC_date_aligned_n107_order_locked,Chlorophyll a,Chl_a_mg_m3,6,S10,10,32543.781490536854,3254.3781490536853
optionC_date_aligned_n107_order_locked,Chlorophyll a,Chl_a_mg_m3,7,S01,10,1135143.326292026,113514.3326292026
optionC_date_aligned_n107_order_locked,Chlorophyll a,Chl_a_mg_m3,7,S02,11,-153373.80302307842,-13943.073002098039
optionC_date_aligned_n107_order_locked,Chlorophyll a,Chl_a_mg_m3,7,S03,11,-21570.881593179845,-1960.9892357436222
optionC_date_aligned_n107_order_locked,Chlorophyll a,Chl_a_mg_m3,7,S04,11,-67304.79745376066,-6118.617950341879
optionC_date_aligned_n107_order_locked,Chlorophyll a,Chl_a_mg_m3,7,S05,11,-64487.581559509774,-5862.507414500888
optionC_date_aligned_n107_order_locked,Chlorophyll a,Chl_a_mg_m3,7,S06,11,153591.11217255582,13962.828379323257
optionC_date_aligned_n107_order_locked,Chlorophyll a,Chl_a_mg_m3,7,S07,11,-131134.5893103164,-11921.326300937855
optionC_date_aligned_n107_order_locked,Chlorophyll a,Chl_a_mg_m3,7,S08,11,-193578.90874988426,-17598.08261362584
optionC_date_aligned_n107_order_locked,Chlorophyll a,Chl_a_mg_m3,7,S09,10,-41304.4001364819,-4130.44001364819
optionC_date_aligned_n107_order_locked,Chlorophyll a,Chl_a_mg_m3,7,S10,10,74659.43521985342,7465.943521985342
optionC_date_aligned_n107_order_locked,Chlorophyll a,Chl_a_mg_m3,8,S01,10,1161301.775378119,116130.17753781189
optionC_date_aligned_n107_order_locked,Chlorophyll a,Chl_a_mg_m3,8,S02,11,-220892.82184282283,-20081.1656220748
optionC_date_aligned_n107_order_locked,Chlorophyll a,Chl_a_mg_m3,8,S03,11,9813.030840269566,892.0937127517788
optionC_date_aligned_n107_order_locked,Chlorophyll a,Chl_a_mg_m3,8,S04,11,-11986.94018710278,-1089.7218351911617
optionC_date_aligned_n107_order_locked,Chlorophyll a,Chl_a_mg_m3,8,S05,11,-36286.591638608406,-3298.7810580553096
optionC_date_aligned_n107_order_locked,Chlorophyll a,Chl_a_mg_m3,8,S06,11,125540.45411716636,11412.768556106033
optionC_date_aligned_n107_order_locked,Chlorophyll a,Chl_a_mg_m3,8,S07,11,-141159.43161258858,-12832.675601144416
optionC_date_aligned_n107_order_locked,Chlorophyll a,Chl_a_mg_m3,8,S08,11,-163903.58212443022,-14900.325647675474
optionC_date_aligned_n107_order_locked,Chlorophyll a,Chl_a_mg_m3,8,S09,10,-47950.31992289687,-4795.031992289687
optionC_date_aligned_n107_order_locked,Chlorophyll a,Chl_a_mg_m3,8,S10,10,97881.48330855882,9788.148330855882
optionC_date_aligned_n107_order_locked,Chlorophyll a,Chl_a_mg_m3,9,S01,10,946365.5120577952,94636.55120577951
optionC_date_aligned_n107_order_locked,Chlorophyll a,Chl_a_mg_m3,9,S02,11,-135272.53636070958,-12297.503305519052
optionC_date_aligned_n107_order_locked,Chlorophyll a,Chl_a_mg_m3,9,S03,11,159000.84524828044,14454.622295298223
optionC_date_aligned_n107_order_locked,Chlorophyll a,Chl_a_mg_m3,9,S04,11,53210.766699086416,4837.342427189674
optionC_date_aligned_n107_order_locked,Chlorophyll a,Chl_a_mg_m3,9,S05,11,797.9812243610795,72.54374766918905
optionC_date_aligned_n107_order_locked,Chlorophyll a,Chl_a_mg_m3,9,S06,11,45264.52686465299,4114.956987695726
optionC_date_aligned_n107_order_locked,Chlorophyll a,Chl_a_mg_m3,9,S07,11,-145767.09205704354,-13251.553823367594
optionC_date_aligned_n107_order_locked,Chlorophyll a,Chl_a_mg_m3,9,S08,11,-159330.30243351177,-14484.572948501069
optionC_date_aligned_n107_order_locked,Chlorophyll a,Chl_a_mg_m3,9,S09,10,-74609.20618202894,-7460.920618202894
optionC_date_aligned_n107_order_locked,Chlorophyll a,Chl_a_mg_m3,9,S10,10,157394.94947226025,15739.494947226025
optionC_date_aligned_n107_order_locked,Chlorophyll a,Chl_a_mg_m3,10,S01,10,959433.9778269494,95943.39778269494
optionC_date_aligned_n107_order_locked,Chlorophyll a,Chl_a_mg_m3,10,S02,11,-118417.75625568321,-10765.250568698473
optionC_date_aligned_n107_order_locked,Chlorophyll a,Chl_a_mg_m3,10,S03,11,167335.9234532221,15212.356677565644
optionC_date_aligned_n107_order_locked,Chlorophyll a,Chl_a_mg_m3,10,S04,11,42751.300068787554,3886.4818244352323
optionC_date_aligned_n107_order_locked,Chlorophyll a,Chl_a_mg_m3,10,S05,11,-60248.56176344323,-5477.141978494838
optionC_date_aligned_n107_order_locked,Chlorophyll a,Chl_a_mg_m3,10,S06,11,48299.045891631955,4390.822353784723
optionC_date_aligned_n107_order_locked,Chlorophyll a,Chl_a_mg_m3,10,S07,11,-142480.1569489424,-12952.741540812945
optionC_date_aligned_n107_order_locked,Chlorophyll a,Chl_a_mg_m3,10,S08,11,-148022.8962237776,-13456.62692943433
optionC_date_aligned_n107_order_locked,Chlorophyll a,Chl_a_mg_m3,10,S09,10,-74883.31675452276,-7488.331675452277
optionC_date_aligned_n107_order_locked,Chlorophyll a,Chl_a_mg_m3,10,S10,10,202279.4131928289,20227.94131928289
optionC_date_aligned_n107_order_locked,Water temperature,water_temp_C,0,S01,10,388503.56841019593,38850.356841019595
optionC_date_aligned_n107_order_locked,Water temperature,water_temp_C,0,S02,11,219755.94065464236,19977.812786785667
optionC_date_aligned_n107_order_locked,Water temperature,water_temp_C,0,S03,11,43684.16565464231,3971.2877867856646
optionC_date_aligned_n107_order_locked,Water temperature,water_temp_C,0,S04,11,198357.822897633,18032.529354330272
optionC_date_aligned_n107_order_locked,Water temperature,water_temp_C,0,S05,11,122733.13646461116,11157.557860419196
optionC_date_aligned_n107_order_locked,Water temperature,water_temp_C,0,S06,11,114419.41177613757,10401.764706921596
optionC_date_aligned_n107_order_locked,Water temperature,water_temp_C,0,S07,11,7185.885701371299,653.2623364882999
optionC_date_aligned_n107_order_locked,Water temperature,water_temp_C,0,S08,11,14414.886854019303,1310.4442594563004
optionC_date_aligned_n107_order_locked,Water temperature,water_temp_C,0,S09,10,252269.72112047637,25226.97211204764
optionC_date_aligned_n107_order_locked,Water temperature,water_temp_C,0,S10,10,227297.21197717413,22729.721197717412
optionC_date_aligned_n107_order_locked,Water temperature,water_temp_C,1,S01,10,156358.92974201735,15635.892974201735
optionC_date_aligned_n107_order_locked,Water temperature,water_temp_C,1,S02,11,169735.2570327856,15430.477912071417
optionC_date_aligned_n107_order_locked,Water temperature,water_temp_C,1,S03,11,-33042.06188023611,-3003.823807294192
optionC_date_aligned_n107_order_locked,Water temperature,water_temp_C,1,S04,11,116789.43836164335,10617.221669240304
optionC_date_aligned_n107_order_locked,Water temperature,water_temp_C,1,S05,11,167664.69491745316,15242.244992495742
optionC_date_aligned_n107_order_locked,Water temperature,water_temp_C,1,S06,11,-3480.236174316651,-316.3851067560592
optionC_date_aligned_n107_order_locked,Water temperature,water_temp_C,1,S07,11,-80176.1602739984,-7288.741843090763
optionC_date_aligned_n107_order_locked,Water temperature,water_temp_C,1,S08,11,-35485.493151571995,-3225.9539228701815
optionC_date_aligned_n107_order_locked,Water temperature,water_temp_C,1,S09,10,43398.033264583406,4339.803326458341
optionC_date_aligned_n107_order_locked,Water temperature,water_temp_C,1,S10,10,60625.376426358365,6062.537642635836
optionC_date_aligned_n107_order_locked,Water temperature,water_temp_C,2,S01,10,249518.1444985325,24951.81444985325
optionC_date_aligned_n107_order_locked,Water temperature,water_temp_C,2,S02,11,-27493.99012740086,-2499.453647945533
optionC_date_aligned_n107_order_locked,Water temperature,water_temp_C,2,S03,11,-220.69360666759894,-20.063055151599904
optionC_date_aligned_n107_order_locked,Water temperature,water_temp_C,2,S04,11,6261.460753521613,569.2237048656011
optionC_date_aligned_n107_order_locked,Water temperature,water_temp_C,2,S05,11,106994.4744773666,9726.770407033328
optionC_date_aligned_n107_order_locked,Water temperature,water_temp_C,2,S06,11,116868.96091284756,10624.45099207705
optionC_date_aligned_n107_order_locked,Water temperature,water_temp_C,2,S07,11,-86165.33424580109,-7833.212204163735
optionC_date_aligned_n107_order_locked,Water temperature,water_temp_C,2,S08,11,-68434.8216256926,-6221.347420517509
optionC_date_aligned_n107_order_locked,Water temperature,water_temp_C,2,S09,10,96706.9987266802,9670.699872668021
optionC_date_aligned_n107_order_locked,Water temperature,water_temp_C,2,S10,10,51327.10187766836,5132.7101877668365
optionC_date_aligned_n107_order_locked,Water temperature,water_temp_C,3,S01,10,259534.44458754605,25953.444458754606
optionC_date_aligned_n107_order_locked,Water temperature,water_temp_C,3,S02,11,-24608.62696923513,-2237.147906294103
optionC_date_aligned_n107_order_locked,Water temperature,water_temp_C,3,S03,11,-14402.11426611081,-1309.2831151009827
optionC_date_aligned_n107_order_locked,Water temperature,water_temp_C,3,S04,11,43679.785898232774,3970.8896271120702
optionC_date_aligned_n107_order_locked,Water temperature,water_temp_C,3,S05,11,40698.733727408995,3699.8848843099086
optionC_date_aligned_n107_order_locked,Water temperature,water_temp_C,3,S06,11,41796.05840594874,3799.641673268067
optionC_date_aligned_n107_order_locked,Water temperature,water_temp_C,3,S07,11,-51270.117366616716,-4660.91976060152
optionC_date_aligned_n107_order_locked,Water temperature,water_temp_C,3,S08,11,6496.067449317898,590.551586301627
optionC_date_aligned_n107_order_locked,Water temperature,water_temp_C,3,S09,10,-5633.088230890522,-563.3088230890522
optionC_date_aligned_n107_order_locked,Water temperature,water_temp_C,3,S10,10,22665.60128827208,2266.560128827208
optionC_date_aligned_n107_order_locked,Water temperature,water_temp_C,4,S01,10,220651.04256260052,22065.104256260052
optionC_date_aligned_n107_order_locked,Water temperature,water_temp_C,4,S02,11,-40542.20142709524,-3685.6546751904766
optionC_date_aligned_n107_order_locked,Water temperature,water_temp_C,4,S03,11,-14196.971709083164,-1290.633791734833
optionC_date_aligned_n107_order_locked,Water temperature,water_temp_C,4,S04,11,45413.12153545428,4128.465594132207
optionC_date_aligned_n107_order_locked,Water temperature,water_temp_C,4,S05,11,-39.72045076233553,-3.61095006930323
optionC_date_aligned_n107_order_locked,Water temperature,water_temp_C,4,S06,11,39510.47062063915,3591.8609655126497
optionC_date_aligned_n107_order_locked,Water temperature,water_temp_C,4,S07,11,-58668.40960532944,-5333.491782302676
optionC_date_aligned_n107_order_locked,Water temperature,water_temp_C,4,S08,11,9075.030061087118,825.0027328261017
optionC_date_aligned_n107_order_locked,Water temperature,water_temp_C,4,S09,10,-9211.719139443714,-921.1719139443715
optionC_date_aligned_n107_order_locked,Water temperature,water_temp_C,4,S10,10,38325.409728720995,3832.5409728720997
optionC_date_aligned_n107_order_locked,Water temperature,water_temp_C,5,S01,10,214737.18220810863,21473.718220810864
optionC_date_aligned_n107_order_locked,Water temperature,water_temp_C,5,S02,11,-62041.018686668314,-5640.092607878938
optionC_date_aligned_n107_order_locked,Water temperature,water_temp_C,5,S03,11,-32299.683026538605,-2936.3348205944185
optionC_date_aligned_n107_order_locked,Water temperature,water_temp_C,5,S04,11,16970.866922273788,1542.8060838430717
optionC_date_aligned_n107_order_locked,Water temperature,water_temp_C,5,S05,11,-2522.8460160171326,-229.3496378197393
optionC_date_aligned_n107_order_locked,Water temperature,water_temp_C,5,S06,11,28438.850306694094,2585.350027881281
optionC_date_aligned_n107_order_locked,Water temperature,water_temp_C,5,S07,11,-73428.8375260845,-6675.348866007683
optionC_date_aligned_n107_order_locked,Water temperature,water_temp_C,5,S08,11,16662.974211439683,1514.8158374036075
optionC_date_aligned_n107_order_locked,Water temperature,water_temp_C,5,S09,10,-10064.174756933884,-1006.4174756933884
optionC_date_aligned_n107_order_locked,Water temperature,water_temp_C,5,S10,10,27762.79458003425,2776.279458003425
optionC_date_aligned_n107_order_locked,Water temperature,water_temp_C,6,S01,10,173315.39656578284,17331.539656578283
optionC_date_aligned_n107_order_locked,Water temperature,water_temp_C,6,S02,11,-68628.15509341145,-6238.923190310132
optionC_date_aligned_n107_order_locked,Water temperature,water_temp_C,6,S03,11,-20513.99137492203,-1864.9083068110936
optionC_date_aligned_n107_order_locked,Water temperature,water_temp_C,6,S04,11,1047.6202573346545,95.23820521224133
optionC_date_aligned_n107_order_locked,Water temperature,water_temp_C,6,S05,11,9358.84782039531,850.8043473086644
optionC_date_aligned_n107_order_locked,Water temperature,water_temp_C,6,S06,11,18211.251395847037,1655.568308713367
optionC_date_aligned_n107_order_locked,Water temperature,water_temp_C,6,S07,11,-67448.79768829652,-6131.708880754229
optionC_date_aligned_n107_order_locked,Water temperature,water_temp_C,6,S08,11,17476.779081629007,1588.7980983299096
optionC_date_aligned_n107_order_locked,Water temperature,water_temp_C,6,S09,10,-8272.476480917749,-827.2476480917749
optionC_date_aligned_n107_order_locked,Water temperature,water_temp_C,6,S10,10,26917.36438476873,2691.736438476873
optionC_date_aligned_n107_order_locked,Water temperature,water_temp_C,7,S01,10,182256.84845204337,18225.684845204338
optionC_date_aligned_n107_order_locked,Water temperature,water_temp_C,7,S02,11,10637.869886171793,967.0790805610721
optionC_date_aligned_n107_order_locked,Water temperature,water_temp_C,7,S03,11,10583.91298764811,962.17390796801
optionC_date_aligned_n107_order_locked,Water temperature,water_temp_C,7,S04,11,13660.893018241904,1241.8993652947186
optionC_date_aligned_n107_order_locked,Water temperature,water_temp_C,7,S05,11,41273.36276103673,3752.123887366976
optionC_date_aligned_n107_order_locked,Water temperature,water_temp_C,7,S06,11,15214.304541544501,1383.1185946858639
optionC_date_aligned_n107_order_locked,Water temperature,water_temp_C,7,S07,11,-63567.297410925734,-5778.845219175067
optionC_date_aligned_n107_order_locked,Water temperature,water_temp_C,7,S08,11,10662.865291516475,969.3513901378614
optionC_date_aligned_n107_order_locked,Water temperature,water_temp_C,7,S09,10,61127.07549709535,6112.707549709535
optionC_date_aligned_n107_order_locked,Water temperature,water_temp_C,7,S10,10,14540.336524060136,1454.0336524060135
optionC_date_aligned_n107_order_locked,Water temperature,water_temp_C,8,S01,10,207974.47981090637,20797.447981090638
optionC_date_aligned_n107_order_locked,Water temperature,water_temp_C,8,S02,11,3714.97482219626,337.7249838360236
optionC_date_aligned_n107_order_locked,Water temperature,water_temp_C,8,S03,11,-2934.1885800001146,-266.7444163636468
optionC_date_aligned_n107_order_locked,Water temperature,water_temp_C,8,S04,11,40858.45191133912,3714.4047192126473
optionC_date_aligned_n107_order_locked,Water temperature,water_temp_C,8,S05,11,37401.48534388364,3400.1350312621494
optionC_date_aligned_n107_order_locked,Water temperature,water_temp_C,8,S06,11,18767.609621449526,1706.1463292226842
optionC_date_aligned_n107_order_locked,Water temperature,water_temp_C,8,S07,11,-70490.76579048976,-6408.25143549907
optionC_date_aligned_n107_order_locked,Water temperature,water_temp_C,8,S08,11,19886.652286227036,1807.8774805660942
optionC_date_aligned_n107_order_locked,Water temperature,water_temp_C,8,S09,10,55970.99238768674,5597.099238768674
optionC_date_aligned_n107_order_locked,Water temperature,water_temp_C,8,S10,10,34493.082603497256,3449.3082603497255
optionC_date_aligned_n107_order_locked,Water temperature,water_temp_C,9,S01,10,144642.34434323033,14464.234434323032
optionC_date_aligned_n107_order_locked,Water temperature,water_temp_C,9,S02,11,-73.95683459826887,-6.723348599842624
optionC_date_aligned_n107_order_locked,Water temperature,water_temp_C,9,S03,11,22634.333801425048,2057.666709220459
optionC_date_aligned_n107_order_locked,Water temperature,water_temp_C,9,S04,11,50048.24423465515,4549.84038496865
optionC_date_aligned_n107_order_locked,Water temperature,water_temp_C,9,S05,11,59629.47389410302,5420.861263100275
optionC_date_aligned_n107_order_locked,Water temperature,water_temp_C,9,S06,11,-21190.34098666363,-1926.3946351512388
optionC_date_aligned_n107_order_locked,Water temperature,water_temp_C,9,S07,11,-61254.892670984606,-5568.6266064531455
optionC_date_aligned_n107_order_locked,Water temperature,water_temp_C,9,S08,11,19323.279811521534,1756.6618010474122
optionC_date_aligned_n107_order_locked,Water temperature,water_temp_C,9,S09,10,47586.476688514784,4758.647668851479
optionC_date_aligned_n107_order_locked,Water temperature,water_temp_C,9,S10,10,67043.5762614895,6704.357626148951
optionC_date_aligned_n107_order_locked,Water temperature,water_temp_C,10,S01,10,135384.63124336282,13538.463124336282
optionC_date_aligned_n107_order_locked,Water temperature,water_temp_C,10,S02,11,-4116.289749952915,-374.20815908662865
optionC_date_aligned_n107_order_locked,Water temperature,water_temp_C,10,S03,11,17536.804602115157,1594.2549638286507
optionC_date_aligned_n107_order_locked,Water temperature,water_temp_C,10,S04,11,48186.61172551276,4380.601065955706
optionC_date_aligned_n107_order_locked,Water temperature,water_temp_C,10,S05,11,39353.26828925762,3577.5698444779655
optionC_date_aligned_n107_order_locked,Water temperature,water_temp_C,10,S06,11,-32916.87249643605,-2992.4429542214593
optionC_date_aligned_n107_order_locked,Water temperature,water_temp_C,10,S07,11,-66393.73569296741,-6035.7941539061285
optionC_date_aligned_n107_order_locked,Water temperature,water_temp_C,10,S08,11,11804.174504880402,1073.1067731709456
optionC_date_aligned_n107_order_locked,Water temperature,water_temp_C,10,S09,10,54492.956143981384,5449.295614398138
optionC_date_aligned_n107_order_locked,Water temperature,water_temp_C,10,S10,10,92184.2682096148,9218.42682096148
optionC_date_aligned_n107_order_locked,TP,TP_mg_L,0,S01,10,1409.3112900762803,140.93112900762804
optionC_date_aligned_n107_order_locked,TP,TP_mg_L,0,S02,11,192.91565872565312,17.537787156877556
optionC_date_aligned_n107_order_locked,TP,TP_mg_L,0,S03,11,181.74320934870605,16.52210994079146
optionC_date_aligned_n107_order_locked,TP,TP_mg_L,0,S04,11,-664.7611629254368,-60.432832993221524
optionC_date_aligned_n107_order_locked,TP,TP_mg_L,0,S05,11,-5.031011056277343,-0.45736464147975847
optionC_date_aligned_n107_order_locked,TP,TP_mg_L,0,S06,11,-9.00292694412866,-0.8184479040116964
optionC_date_aligned_n107_order_locked,TP,TP_mg_L,0,S07,11,-165.94392460767904,-15.085811327970822
optionC_date_aligned_n107_order_locked,TP,TP_mg_L,0,S08,11,-439.980101398958,-39.99819103626891
optionC_date_aligned_n107_order_locked,TP,TP_mg_L,0,S09,10,-142.41294824147667,-14.241294824147667
optionC_date_aligned_n107_order_locked,TP,TP_mg_L,0,S10,10,67.59765487378884,6.759765487378884
optionC_date_aligned_n107_order_locked,TP,TP_mg_L,1,S01,10,1375.2406291183927,137.52406291183928
optionC_date_aligned_n107_order_locked,TP,TP_mg_L,1,S02,11,362.7770288737598,32.979729897614526
optionC_date_aligned_n107_order_locked,TP,TP_mg_L,1,S03,11,94.57158391523748,8.597416719567043
optionC_date_aligned_n107_order_locked,TP,TP_mg_L,1,S04,11,354.4674505459887,32.22431368599897
optionC_date_aligned_n107_order_locked,TP,TP_mg_L,1,S05,11,388.46996070119366,35.315450972835784
optionC_date_aligned_n107_order_locked,TP,TP_mg_L,1,S06,11,-133.15770808173548,-12.10524618924868
optionC_date_aligned_n107_order_locked,TP,TP_mg_L,1,S07,11,-5.246979885937801,-0.476998171448891
optionC_date_aligned_n107_order_locked,TP,TP_mg_L,1,S08,11,-96.30890383538895,-8.755354894126269
optionC_date_aligned_n107_order_locked,TP,TP_mg_L,1,S09,10,10.774210422239351,1.0774210422239352
optionC_date_aligned_n107_order_locked,TP,TP_mg_L,1,S10,10,6.03534151048984,0.603534151048984
optionC_date_aligned_n107_order_locked,TP,TP_mg_L,2,S01,10,1431.1646962048965,143.11646962048965
optionC_date_aligned_n107_order_locked,TP,TP_mg_L,2,S02,11,-17.06194855769006,-1.551086232517278
optionC_date_aligned_n107_order_locked,TP,TP_mg_L,2,S03,11,249.6531601045065,22.695741827682408
optionC_date_aligned_n107_order_locked,TP,TP_mg_L,2,S04,11,-420.5811954347193,-38.23465413042903
optionC_date_aligned_n107_order_locked,TP,TP_mg_L,2,S05,11,34.06233191319669,3.096575628472426
optionC_date_aligned_n107_order_locked,TP,TP_mg_L,2,S06,11,67.0360913514769,6.094190122861536
optionC_date_aligned_n107_order_locked,TP,TP_mg_L,2,S07,11,-60.580891800758494,-5.507353800068954
optionC_date_aligned_n107_order_locked,TP,TP_mg_L,2,S08,11,-207.282550247809,-18.843868204346276
optionC_date_aligned_n107_order_locked,TP,TP_mg_L,2,S09,10,42.98916675093701,4.298916675093701
optionC_date_aligned_n107_order_locked,TP,TP_mg_L,2,S10,10,-70.20086678230594,-7.0200866782305935
optionC_date_aligned_n107_order_locked,TP,TP_mg_L,3,S01,10,1622.4750023488539,162.2475002348854
optionC_date_aligned_n107_order_locked,TP,TP_mg_L,3,S02,11,-35.86115491958116,-3.2601049926891963
optionC_date_aligned_n107_order_locked,TP,TP_mg_L,3,S03,11,132.23779321304286,12.021617564822078
optionC_date_aligned_n107_order_locked,TP,TP_mg_L,3,S04,11,-476.61121985054547,-43.328292713685954
optionC_date_aligned_n107_order_locked,TP,TP_mg_L,3,S05,11,-139.6983571783129,-12.6998506525739
optionC_date_aligned_n107_order_locked,TP,TP_mg_L,3,S06,11,68.05061878689072,6.186419889717339
optionC_date_aligned_n107_order_locked,TP,TP_mg_L,3,S07,11,43.71554825128381,3.9741407501167103
optionC_date_aligned_n107_order_locked,TP,TP_mg_L,3,S08,11,-81.07793180180644,-7.370721072891495
optionC_date_aligned_n107_order_locked,TP,TP_mg_L,3,S09,10,-96.27868544813245,-9.627868544813245
optionC_date_aligned_n107_order_locked,TP,TP_mg_L,3,S10,10,-128.83964087236455,-12.883964087236455
optionC_date_aligned_n107_order_locked,TP,TP_mg_L,4,S01,10,1614.4016804145783,161.44016804145784
optionC_date_aligned_n107_order_locked,TP,TP_mg_L,4,S02,11,-44.690238162462656,-4.062748923860242
optionC_date_aligned_n107_order_locked,TP,TP_mg_L,4,S03,11,99.8878943639973,9.0807176694543
optionC_date_aligned_n107_order_locked,TP,TP_mg_L,4,S04,11,-237.55586299952682,-21.59598754541153
optionC_date_aligned_n107_order_locked,TP,TP_mg_L,4,S05,11,-270.42000401327095,-24.583636728479178
optionC_date_aligned_n107_order_locked,TP,TP_mg_L,4,S06,11,96.8979119366626,8.808901085151145
optionC_date_aligned_n107_order_locked,TP,TP_mg_L,4,S07,11,84.26515994144891,7.660469085586265
optionC_date_aligned_n107_order_locked,TP,TP_mg_L,4,S08,11,-19.959220590390213,-1.814474599126383
optionC_date_aligned_n107_order_locked,TP,TP_mg_L,4,S09,10,-67.67345654325018,-6.767345654325018
optionC_date_aligned_n107_order_locked,TP,TP_mg_L,4,S10,10,-57.44141136963876,-5.744141136963876
optionC_date_aligned_n107_order_locked,TP,TP_mg_L,5,S01,10,1338.039384464171,133.8039384464171
optionC_date_aligned_n107_order_locked,TP,TP_mg_L,5,S02,11,-136.91508941062136,-12.446826310056487
optionC_date_aligned_n107_order_locked,TP,TP_mg_L,5,S03,11,7.0362954935537445,0.6396632266867041
optionC_date_aligned_n107_order_locked,TP,TP_mg_L,5,S04,11,-757.1333680001393,-68.83030618183085
optionC_date_aligned_n107_order_locked,TP,TP_mg_L,5,S05,11,-253.21156945181133,-23.0192335865283
optionC_date_aligned_n107_order_locked,TP,TP_mg_L,5,S06,11,176.0355660031129,16.003233273010263
optionC_date_aligned_n107_order_locked,TP,TP_mg_L,5,S07,11,-6.719878913024703,-0.6108980830022458
optionC_date_aligned_n107_order_locked,TP,TP_mg_L,5,S08,11,-68.67242459929454,-6.242947690844958
optionC_date_aligned_n107_order_locked,TP,TP_mg_L,5,S09,10,-80.41606162246529,-8.041606162246529
optionC_date_aligned_n107_order_locked,TP,TP_mg_L,5,S10,10,-104.15573981620162,-10.415573981620161
optionC_date_aligned_n107_order_locked,TP,TP_mg_L,6,S01,10,1355.3171380170481,135.53171380170483
optionC_date_aligned_n107_order_locked,TP,TP_mg_L,6,S02,11,-192.50126158036915,-17.50011468912447
optionC_date_aligned_n107_order_locked,TP,TP_mg_L,6,S03,11,-14.569761896211318,-1.3245238087464835
optionC_date_aligned_n107_order_locked,TP,TP_mg_L,6,S04,11,-980.1086204945416,-89.10078368132196
optionC_date_aligned_n107_order_locked,TP,TP_mg_L,6,S05,11,-224.04140993618012,-20.367400903289102
optionC_date_aligned_n107_order_locked,TP,TP_mg_L,6,S06,11,147.9197111111182,13.44724646464711
optionC_date_aligned_n107_order_locked,TP,TP_mg_L,6,S07,11,6.899903791932718,0.6272639810847925
optionC_date_aligned_n107_order_locked,TP,TP_mg_L,6,S08,11,-15.51301834329465,-1.4102743948449683
optionC_date_aligned_n107_order_locked,TP,TP_mg_L,6,S09,10,-51.04009329060723,-5.104009329060723
optionC_date_aligned_n107_order_locked,TP,TP_mg_L,6,S10,10,-107.53555763758513,-10.753555763758513
optionC_date_aligned_n107_order_locked,TP,TP_mg_L,7,S01,10,1229.0554010456533,122.90554010456533
optionC_date_aligned_n107_order_locked,TP,TP_mg_L,7,S02,11,-42.96687639177782,-3.9060796719798017
optionC_date_aligned_n107_order_locked,TP,TP_mg_L,7,S03,11,-73.56558041759601,-6.6877800379632735
optionC_date_aligned_n107_order_locked,TP,TP_mg_L,7,S04,11,-875.6717726129309,-79.60652478299372
optionC_date_aligned_n107_order_locked,TP,TP_mg_L,7,S05,11,-224.1337054068424,-20.375791400622038
optionC_date_aligned_n107_order_locked,TP,TP_mg_L,7,S06,11,98.95444308896694,8.995858462633358
optionC_date_aligned_n107_order_locked,TP,TP_mg_L,7,S07,11,37.23029347454158,3.3845721340492347
optionC_date_aligned_n107_order_locked,TP,TP_mg_L,7,S08,11,-61.819678658179974,-5.61997078710727
optionC_date_aligned_n107_order_locked,TP,TP_mg_L,7,S09,10,-139.11229844353701,-13.911229844353702
optionC_date_aligned_n107_order_locked,TP,TP_mg_L,7,S10,10,-164.482724530243,-16.4482724530243
optionC_date_aligned_n107_order_locked,TP,TP_mg_L,8,S01,10,1125.6866281157395,112.56866281157394
optionC_date_aligned_n107_order_locked,TP,TP_mg_L,8,S02,11,-112.24344129569145,-10.203949208699223
optionC_date_aligned_n107_order_locked,TP,TP_mg_L,8,S03,11,-25.101389485250223,-2.281944498659111
optionC_date_aligned_n107_order_locked,TP,TP_mg_L,8,S04,11,-823.4395206440038,-74.85813824036399
optionC_date_aligned_n107_order_locked,TP,TP_mg_L,8,S05,11,-188.7715979751158,-17.161054361374166
optionC_date_aligned_n107_order_locked,TP,TP_mg_L,8,S06,11,92.94102918115988,8.449184471014535
optionC_date_aligned_n107_order_locked,TP,TP_mg_L,8,S07,11,42.284779270642545,3.844070842785686
optionC_date_aligned_n107_order_locked,TP,TP_mg_L,8,S08,11,0.09859958135272373,0.008963598304793067
optionC_date_aligned_n107_order_locked,TP,TP_mg_L,8,S09,10,-190.56641144493548,-19.056641144493547
optionC_date_aligned_n107_order_locked,TP,TP_mg_L,8,S10,10,-152.65605248324317,-15.265605248324317
optionC_date_aligned_n107_order_locked,TP,TP_mg_L,9,S01,10,1013.205340603017,101.3205340603017
optionC_date_aligned_n107_order_locked,TP,TP_mg_L,9,S02,11,-163.64433711638793,-14.87675791967163
optionC_date_aligned_n107_order_locked,TP,TP_mg_L,9,S03,11,2.408199829091018,0.21892725719009254
optionC_date_aligned_n107_order_locked,TP,TP_mg_L,9,S04,11,-799.0671511478723,-72.64246828617021
optionC_date_aligned_n107_order_locked,TP,TP_mg_L,9,S05,11,-197.22386366849105,-17.929442151681005
optionC_date_aligned_n107_order_locked,TP,TP_mg_L,9,S06,11,3.3658289758375304,0.3059844523488664
optionC_date_aligned_n107_order_locked,TP,TP_mg_L,9,S07,11,30.839761908775433,2.803614718979585
optionC_date_aligned_n107_order_locked,TP,TP_mg_L,9,S08,11,55.98207709104847,5.0892797355498605
optionC_date_aligned_n107_order_locked,TP,TP_mg_L,9,S09,10,-169.38389654929367,-16.938389654929367
optionC_date_aligned_n107_order_locked,TP,TP_mg_L,9,S10,10,-73.89786281799357,-7.389786281799357
optionC_date_aligned_n107_order_locked,TP,TP_mg_L,10,S01,10,1077.0892148521627,107.70892148521628
optionC_date_aligned_n107_order_locked,TP,TP_mg_L,10,S02,11,-152.5881849403385,-13.871653176394409
optionC_date_aligned_n107_order_locked,TP,TP_mg_L,10,S03,11,20.512816197342516,1.8648014724856834
optionC_date_aligned_n107_order_locked,TP,TP_mg_L,10,S04,11,-728.6897884384736,-66.24452622167941
optionC_date_aligned_n107_order_locked,TP,TP_mg_L,10,S05,11,-235.0981216716728,-21.372556515606618
optionC_date_aligned_n107_order_locked,TP,TP_mg_L,10,S06,11,28.121013982850457,2.5564558166227687
optionC_date_aligned_n107_order_locked,TP,TP_mg_L,10,S07,11,21.32678796956226,1.938798906323842
optionC_date_aligned_n107_order_locked,TP,TP_mg_L,10,S08,11,60.16130622169718,5.469209656517926
optionC_date_aligned_n107_order_locked,TP,TP_mg_L,10,S09,10,-171.13423539325368,-17.113423539325368
optionC_date_aligned_n107_order_locked,TP,TP_mg_L,10,S10,10,-82.7185648698463,-8.27185648698463
optionC_date_aligned_n107_order_locked,TN,TN_mg_L,0,S01,10,-29257.48204421929,-2925.748204421929
optionC_date_aligned_n107_order_locked,TN,TN_mg_L,0,S02,11,-17127.15045708359,-1557.0136779166899
optionC_date_aligned_n107_order_locked,TN,TN_mg_L,0,S03,11,-10416.437908018168,-946.9489007289244
optionC_date_aligned_n107_order_locked,TN,TN_mg_L,0,S04,11,-16768.19972733281,-1524.3817933938917
optionC_date_aligned_n107_order_locked,TN,TN_mg_L,0,S05,11,-4327.857183251818,-393.44156211380164
optionC_date_aligned_n107_order_locked,TN,TN_mg_L,0,S06,11,-6621.209204435612,-601.9281094941466
optionC_date_aligned_n107_order_locked,TN,TN_mg_L,0,S07,11,3506.13052329024,318.73913848093093
optionC_date_aligned_n107_order_locked,TN,TN_mg_L,0,S08,11,5586.870524536347,507.8973204123952
optionC_date_aligned_n107_order_locked,TN,TN_mg_L,0,S09,10,-20041.338169920222,-2004.1338169920223
optionC_date_aligned_n107_order_locked,TN,TN_mg_L,0,S10,10,-17710.359143752,-1771.0359143752
optionC_date_aligned_n107_order_locked,TN,TN_mg_L,1,S01,10,-4630.4103000597015,-463.04103000597013
optionC_date_aligned_n107_order_locked,TN,TN_mg_L,1,S02,11,-9812.97324301886,-892.0884766380782
optionC_date_aligned_n107_order_locked,TN,TN_mg_L,1,S03,11,2200.235478700317,200.02140715457426
optionC_date_aligned_n107_order_locked,TN,TN_mg_L,1,S04,11,-6379.996949658004,-579.9997226961822
optionC_date_aligned_n107_order_locked,TN,TN_mg_L,1,S05,11,-11699.951703410443,-1063.631973037313
optionC_date_aligned_n107_order_locked,TN,TN_mg_L,1,S06,11,-995.3915535546362,-90.49014123223965
optionC_date_aligned_n107_order_locked,TN,TN_mg_L,1,S07,11,6486.676290651565,589.6978446046877
optionC_date_aligned_n107_order_locked,TN,TN_mg_L,1,S08,11,-52.314758047058376,-4.755887095187125
optionC_date_aligned_n107_order_locked,TN,TN_mg_L,1,S09,10,-3905.815700059707,-390.5815700059707
optionC_date_aligned_n107_order_locked,TN,TN_mg_L,1,S10,10,-6141.466961912824,-614.1466961912824
optionC_date_aligned_n107_order_locked,TN,TN_mg_L,2,S01,10,-13669.857452544995,-1366.9857452544995
optionC_date_aligned_n107_order_locked,TN,TN_mg_L,2,S02,11,-777.3457030626741,-70.66779118751583
optionC_date_aligned_n107_order_locked,TN,TN_mg_L,2,S03,11,-6330.899537370626,-575.5363215791477
optionC_date_aligned_n107_order_locked,TN,TN_mg_L,2,S04,11,-1180.3642852195896,-107.30584411087179
optionC_date_aligned_n107_order_locked,TN,TN_mg_L,2,S05,11,-3615.8972237569424,-328.7179294324493
optionC_date_aligned_n107_order_locked,TN,TN_mg_L,2,S06,11,-6941.96145996686,-631.0874054515327
optionC_date_aligned_n107_order_locked,TN,TN_mg_L,2,S07,11,7223.318920038927,656.6653563671751
optionC_date_aligned_n107_order_locked,TN,TN_mg_L,2,S08,11,535.8591140957408,48.714464917794615
optionC_date_aligned_n107_order_locked,TN,TN_mg_L,2,S09,10,-7917.91562505388,-791.791562505388
optionC_date_aligned_n107_order_locked,TN,TN_mg_L,2,S10,10,-6532.5891331670255,-653.2589133167025
optionC_date_aligned_n107_order_locked,TN,TN_mg_L,3,S01,10,-11844.124873525623,-1184.4124873525623
optionC_date_aligned_n107_order_locked,TN,TN_mg_L,3,S02,11,3956.862535478739,359.7147759526126
optionC_date_aligned_n107_order_locked,TN,TN_mg_L,3,S03,11,-1594.5446161321515,-144.95860146655923
optionC_date_aligned_n107_order_locked,TN,TN_mg_L,3,S04,11,-496.7965594153196,-45.163323583210875
optionC_date_aligned_n107_order_locked,TN,TN_mg_L,3,S05,11,1062.4462118545216,96.58601925950197
optionC_date_aligned_n107_order_locked,TN,TN_mg_L,3,S06,11,-920.4489532112822,-83.67717756466202
optionC_date_aligned_n107_order_locked,TN,TN_mg_L,3,S07,11,2963.427179191754,269.402470835614
optionC_date_aligned_n107_order_locked,TN,TN_mg_L,3,S08,11,-478.01334948346187,-43.455759043951076
optionC_date_aligned_n107_order_locked,TN,TN_mg_L,3,S09,10,255.44616348078603,25.544616348078602
optionC_date_aligned_n107_order_locked,TN,TN_mg_L,3,S10,10,-3161.404927875071,-316.14049278750707
optionC_date_aligned_n107_order_locked,TN,TN_mg_L,4,S01,10,-13228.307986295804,-1322.8307986295804
optionC_date_aligned_n107_order_locked,TN,TN_mg_L,4,S02,11,4677.978385707173,425.27076233701575
optionC_date_aligned_n107_order_locked,TN,TN_mg_L,4,S03,11,-6121.6084534111205,-556.509859401011
optionC_date_aligned_n107_order_locked,TN,TN_mg_L,4,S04,11,-1263.004646536318,-114.81860423057437
optionC_date_aligned_n107_order_locked,TN,TN_mg_L,4,S05,11,4313.069990902811,392.0972719002555
optionC_date_aligned_n107_order_locked,TN,TN_mg_L,4,S06,11,-1990.0444601638746,-180.91313274217043
optionC_date_aligned_n107_order_locked,TN,TN_mg_L,4,S07,11,3786.5304707534733,344.2300427957703
optionC_date_aligned_n107_order_locked,TN,TN_mg_L,4,S08,11,2164.309656689571,196.75542333541554
optionC_date_aligned_n107_order_locked,TN,TN_mg_L,4,S09,10,-136.13969857530697,-13.613969857530696
optionC_date_aligned_n107_order_locked,TN,TN_mg_L,4,S10,10,-3910.7623181097315,-391.0762318109731
optionC_date_aligned_n107_order_locked,TN,TN_mg_L,5,S01,10,-16704.703168500237,-1670.4703168500237
optionC_date_aligned_n107_order_locked,TN,TN_mg_L,5,S02,11,5504.393742581842,500.39943114380384
optionC_date_aligned_n107_order_locked,TN,TN_mg_L,5,S03,11,-4262.014765523951,-387.4558877749046
optionC_date_aligned_n107_order_locked,TN,TN_mg_L,5,S04,11,-132.3825240295637,-12.03477491177852
optionC_date_aligned_n107_order_locked,TN,TN_mg_L,5,S05,11,4786.1662605393085,435.1060236853917
optionC_date_aligned_n107_order_locked,TN,TN_mg_L,5,S06,11,-1950.89477541977,-177.35407049270637
optionC_date_aligned_n107_order_locked,TN,TN_mg_L,5,S07,11,4489.441999511843,408.13109086471303
optionC_date_aligned_n107_order_locked,TN,TN_mg_L,5,S08,11,2142.914417440539,194.81040158550357
optionC_date_aligned_n107_order_locked,TN,TN_mg_L,5,S09,10,-108.17772087496155,-10.817772087496156
optionC_date_aligned_n107_order_locked,TN,TN_mg_L,5,S10,10,-4246.207456452727,-424.6207456452727
optionC_date_aligned_n107_order_locked,TN,TN_mg_L,6,S01,10,-3755.5394782577296,-375.553947825773
optionC_date_aligned_n107_order_locked,TN,TN_mg_L,6,S02,11,3416.670356998499,310.60639609077265
optionC_date_aligned_n107_order_locked,TN,TN_mg_L,6,S03,11,-6187.8580579062345,-562.5325507187486
optionC_date_aligned_n107_order_locked,TN,TN_mg_L,6,S04,11,6146.10643609641,558.7369487360373
optionC_date_aligned_n107_order_locked,TN,TN_mg_L,6,S05,11,5937.036895275693,539.7306268432447
optionC_date_aligned_n107_order_locked,TN,TN_mg_L,6,S06,11,-1121.8868463390863,-101.9897133035533
optionC_date_aligned_n107_order_locked,TN,TN_mg_L,6,S07,11,4078.0999600050495,370.73636000045906
optionC_date_aligned_n107_order_locked,TN,TN_mg_L,6,S08,11,3354.3724760287105,304.9429523662464
optionC_date_aligned_n107_order_locked,TN,TN_mg_L,6,S09,10,-997.1947132128857,-99.71947132128858
optionC_date_aligned_n107_order_locked,TN,TN_mg_L,6,S10,10,-4052.673609304188,-405.2673609304188
optionC_date_aligned_n107_order_locked,TN,TN_mg_L,7,S01,10,-11936.063595235615,-1193.6063595235614
optionC_date_aligned_n107_order_locked,TN,TN_mg_L,7,S02,11,-4574.9640878355995,-415.90582616687266
optionC_date_aligned_n107_order_locked,TN,TN_mg_L,7,S03,11,-6096.895322345885,-554.2632111223531
optionC_date_aligned_n107_order_locked,TN,TN_mg_L,7,S04,11,1316.882197967088,119.71656345155344
optionC_date_aligned_n107_order_locked,TN,TN_mg_L,7,S05,11,318.14586508689854,28.92235137153623
optionC_date_aligned_n107_order_locked,TN,TN_mg_L,7,S06,11,-2881.307046653906,-261.9370042412642
optionC_date_aligned_n107_order_locked,TN,TN_mg_L,7,S07,11,4447.429795160038,404.31179956000346
optionC_date_aligned_n107_order_locked,TN,TN_mg_L,7,S08,11,2475.497967249747,225.045269749977
optionC_date_aligned_n107_order_locked,TN,TN_mg_L,7,S09,10,-6661.0392302081045,-666.1039230208105
optionC_date_aligned_n107_order_locked,TN,TN_mg_L,7,S10,10,-2819.0070632196807,-281.9007063219681
optionC_date_aligned_n107_order_locked,TN,TN_mg_L,8,S01,10,-16414.82606452577,-1641.4826064525769
optionC_date_aligned_n107_order_locked,TN,TN_mg_L,8,S02,11,-4084.432100158048,-371.31200910527707
optionC_date_aligned_n107_order_locked,TN,TN_mg_L,8,S03,11,-4942.832308506024,-449.3483916823658
optionC_date_aligned_n107_order_locked,TN,TN_mg_L,8,S04,11,-782.5295454982962,-71.1390495907542
optionC_date_aligned_n107_order_locked,TN,TN_mg_L,8,S05,11,1092.688161077977,99.33528737072517
optionC_date_aligned_n107_order_locked,TN,TN_mg_L,8,S06,11,-2622.7928823651923,-238.43571657865385
optionC_date_aligned_n107_order_locked,TN,TN_mg_L,8,S07,11,4199.713105331717,381.79210048470156
optionC_date_aligned_n107_order_locked,TN,TN_mg_L,8,S08,11,2209.8507923398565,200.8955265763506
optionC_date_aligned_n107_order_locked,TN,TN_mg_L,8,S09,10,-6528.535209749568,-652.8535209749568
optionC_date_aligned_n107_order_locked,TN,TN_mg_L,8,S10,10,-3802.6144624913327,-380.26144624913326
optionC_date_aligned_n107_order_locked,TN,TN_mg_L,9,S01,10,-13324.915555655496,-1332.4915555655496
optionC_date_aligned_n107_order_locked,TN,TN_mg_L,9,S02,11,-4758.391369766038,-432.5810336150944
optionC_date_aligned_n107_order_locked,TN,TN_mg_L,9,S03,11,-11432.39351156214,-1039.3085010511038
optionC_date_aligned_n107_order_locked,TN,TN_mg_L,9,S04,11,-1148.3324638360727,-104.39386034873388
optionC_date_aligned_n107_order_locked,TN,TN_mg_L,9,S05,11,-1247.9582098177652,-113.45074634706957
optionC_date_aligned_n107_order_locked,TN,TN_mg_L,9,S06,11,385.7255682769374,35.06596075244885
optionC_date_aligned_n107_order_locked,TN,TN_mg_L,9,S07,11,4156.872845781718,377.89753143470165
optionC_date_aligned_n107_order_locked,TN,TN_mg_L,9,S08,11,1759.9334760524353,159.9939523684032
optionC_date_aligned_n107_order_locked,TN,TN_mg_L,9,S09,10,-6939.147993813796,-693.9147993813797
optionC_date_aligned_n107_order_locked,TN,TN_mg_L,9,S10,10,-7770.7074649613405,-777.070746496134
optionC_date_aligned_n107_order_locked,TN,TN_mg_L,10,S01,10,-12025.872665823357,-1202.5872665823358
optionC_date_aligned_n107_order_locked,TN,TN_mg_L,10,S02,11,-5303.584748863084,-482.1440680784622
optionC_date_aligned_n107_order_locked,TN,TN_mg_L,10,S03,11,-10101.31278044123,-918.3011618582937
optionC_date_aligned_n107_order_locked,TN,TN_mg_L,10,S04,11,-2527.8492212236843,-229.80447465669857
optionC_date_aligned_n107_order_locked,TN,TN_mg_L,10,S05,11,893.5094238964675,81.2281294451334
optionC_date_aligned_n107_order_locked,TN,TN_mg_L,10,S06,11,780.6657178064363,70.96961070967603
optionC_date_aligned_n107_order_locked,TN,TN_mg_L,10,S07,11,3989.9864063184655,362.72603693804234
optionC_date_aligned_n107_order_locked,TN,TN_mg_L,10,S08,11,583.1322326955783,53.01202115414348
optionC_date_aligned_n107_order_locked,TN,TN_mg_L,10,S09,10,-6853.340320667558,-685.3340320667559
optionC_date_aligned_n107_order_locked,TN,TN_mg_L,10,S10,10,-9503.071970816094,-950.3071970816094
optionC_date_aligned_n107_order_locked,pH,pH_wq,0,S01,10,7729.59334774509,772.959334774509
optionC_date_aligned_n107_order_locked,pH,pH_wq,0,S02,11,9660.2189924884,878.2017265898546
optionC_date_aligned_n107_order_locked,pH,pH_wq,0,S03,11,-689.4273470754097,-62.67521337049179
optionC_date_aligned_n107_order_locked,pH,pH_wq,0,S04,11,12696.565955105216,1154.2332686459288
optionC_date_aligned_n107_order_locked,pH,pH_wq,0,S05,11,-782.0437800972338,-71.09488909974853
optionC_date_aligned_n107_order_locked,pH,pH_wq,0,S06,11,3696.9893040149414,336.089936728631
optionC_date_aligned_n107_order_locked,pH,pH_wq,0,S07,11,-1937.0901508137374,-176.09910461943068
optionC_date_aligned_n107_order_locked,pH,pH_wq,0,S08,11,-6167.504543337154,-560.6822312124685
optionC_date_aligned_n107_order_locked,pH,pH_wq,0,S09,10,6716.333628118895,671.6333628118895
optionC_date_aligned_n107_order_locked,pH,pH_wq,0,S10,10,7336.662272978715,733.6662272978715
optionC_date_aligned_n107_order_locked,pH,pH_wq,1,S01,10,392.97543603466914,39.29754360346691
optionC_date_aligned_n107_order_locked,pH,pH_wq,1,S02,11,3948.685162639502,358.9713784217729
optionC_date_aligned_n107_order_locked,pH,pH_wq,1,S03,11,-5893.976953562907,-535.816086687537
optionC_date_aligned_n107_order_locked,pH,pH_wq,1,S04,11,-803.1634563652754,-73.01485966957048
optionC_date_aligned_n107_order_locked,pH,pH_wq,1,S05,11,131.66852412170385,11.969865829245805
optionC_date_aligned_n107_order_locked,pH,pH_wq,1,S06,11,1951.0143969423973,177.36494517658159
optionC_date_aligned_n107_order_locked,pH,pH_wq,1,S07,11,-3927.385473082372,-357.03504300748835
optionC_date_aligned_n107_order_locked,pH,pH_wq,1,S08,11,-7551.652835647366,-686.5138941497606
optionC_date_aligned_n107_order_locked,pH,pH_wq,1,S09,10,-1260.0537175144302,-126.00537175144302
optionC_date_aligned_n107_order_locked,pH,pH_wq,1,S10,10,71.53211454849452,7.153211454849452
optionC_date_aligned_n107_order_locked,pH,pH_wq,2,S01,10,-723.4018958072456,-72.34018958072457
optionC_date_aligned_n107_order_locked,pH,pH_wq,2,S02,11,-2733.5295830252003,-248.5026893659273
optionC_date_aligned_n107_order_locked,pH,pH_wq,2,S03,11,-4465.662027927478,-405.9692752661344
optionC_date_aligned_n107_order_locked,pH,pH_wq,2,S04,11,-2690.6208981128466,-244.6018998284406
optionC_date_aligned_n107_order_locked,pH,pH_wq,2,S05,11,-1301.1684121794822,-118.28803747086202
optionC_date_aligned_n107_order_locked,pH,pH_wq,2,S06,11,4153.4300495213865,377.5845499564897
optionC_date_aligned_n107_order_locked,pH,pH_wq,2,S07,11,-4258.728213485524,-387.15711031686584
optionC_date_aligned_n107_order_locked,pH,pH_wq,2,S08,11,-8302.682943309937,-754.7893584827216
optionC_date_aligned_n107_order_locked,pH,pH_wq,2,S09,10,-1531.9999308182457,-153.19999308182457
optionC_date_aligned_n107_order_locked,pH,pH_wq,2,S10,10,2068.507737058349,206.8507737058349
optionC_date_aligned_n107_order_locked,pH,pH_wq,3,S01,10,649.428361968708,64.9428361968708
optionC_date_aligned_n107_order_locked,pH,pH_wq,3,S02,11,47.38241896801139,4.307492633455581
optionC_date_aligned_n107_order_locked,pH,pH_wq,3,S03,11,-3082.4709594287256,-280.2246326753387
optionC_date_aligned_n107_order_locked,pH,pH_wq,3,S04,11,1473.7647348112594,133.97861225556903
optionC_date_aligned_n107_order_locked,pH,pH_wq,3,S05,11,-1583.1577892018972,-143.92343538199066
optionC_date_aligned_n107_order_locked,pH,pH_wq,3,S06,11,2792.773298538989,253.88848168536262
optionC_date_aligned_n107_order_locked,pH,pH_wq,3,S07,11,-2369.08628180194,-215.37148016381272
optionC_date_aligned_n107_order_locked,pH,pH_wq,3,S08,11,-6613.079889698024,-601.1890808816386
optionC_date_aligned_n107_order_locked,pH,pH_wq,3,S09,10,-3334.416640172555,-333.4416640172555
optionC_date_aligned_n107_order_locked,pH,pH_wq,3,S10,10,260.9850258532874,26.098502585328742
optionC_date_aligned_n107_order_locked,pH,pH_wq,4,S01,10,1606.8293905941212,160.68293905941212
optionC_date_aligned_n107_order_locked,pH,pH_wq,4,S02,11,559.1486254075267,50.83169321886606
optionC_date_aligned_n107_order_locked,pH,pH_wq,4,S03,11,1349.5946353622544,122.69042139656858
optionC_date_aligned_n107_order_locked,pH,pH_wq,4,S04,11,2053.4885813784012,186.6807801253092
optionC_date_aligned_n107_order_locked,pH,pH_wq,4,S05,11,-4204.823441455934,-382.256676495994
optionC_date_aligned_n107_order_locked,pH,pH_wq,4,S06,11,3201.890590824599,291.08096280223623
optionC_date_aligned_n107_order_locked,pH,pH_wq,4,S07,11,-3119.298623815157,-283.5726021650143
optionC_date_aligned_n107_order_locked,pH,pH_wq,4,S08,11,-5756.519705948256,-523.3199732680233
optionC_date_aligned_n107_order_locked,pH,pH_wq,4,S09,10,-2806.266664115209,-280.6266664115209
optionC_date_aligned_n107_order_locked,pH,pH_wq,4,S10,10,-117.6714863184435,-11.76714863184435
optionC_date_aligned_n107_order_locked,pH,pH_wq,5,S01,10,1769.893785940449,176.98937859404492
optionC_date_aligned_n107_order_locked,pH,pH_wq,5,S02,11,1124.5764810794462,102.23422555267693
optionC_date_aligned_n107_order_locked,pH,pH_wq,5,S03,11,2096.802844306575,190.61844039150682
optionC_date_aligned_n107_order_locked,pH,pH_wq,5,S04,11,5616.558776848893,510.5962524408085
optionC_date_aligned_n107_order_locked,pH,pH_wq,5,S05,11,-2521.0206338132575,-229.1836939830234
optionC_date_aligned_n107_order_locked,pH,pH_wq,5,S06,11,3215.0539762338653,292.27763420307866
optionC_date_aligned_n107_order_locked,pH,pH_wq,5,S07,11,-3413.988942167313,-310.36263110611935
optionC_date_aligned_n107_order_locked,pH,pH_wq,5,S08,11,-6715.30379723051,-610.4821633845918
optionC_date_aligned_n107_order_locked,pH,pH_wq,5,S09,10,-2195.957303817361,-219.59573038173613
optionC_date_aligned_n107_order_locked,pH,pH_wq,5,S10,10,364.24986224700046,36.42498622470005
optionC_date_aligned_n107_order_locked,pH,pH_wq,6,S01,10,2060.4096224717637,206.04096224717637
optionC_date_aligned_n107_order_locked,pH,pH_wq,6,S02,11,821.2816813340024,74.66197103036386
optionC_date_aligned_n107_order_locked,pH,pH_wq,6,S03,11,2374.702845561077,215.88207686918884
optionC_date_aligned_n107_order_locked,pH,pH_wq,6,S04,11,4673.9313542157315,424.90285038324834
optionC_date_aligned_n107_order_locked,pH,pH_wq,6,S05,11,-3237.7819344895092,-294.343812226319
optionC_date_aligned_n107_order_locked,pH,pH_wq,6,S06,11,3469.3502813943164,315.395480126756
optionC_date_aligned_n107_order_locked,pH,pH_wq,6,S07,11,-4076.89947452173,-370.62722495652093
optionC_date_aligned_n107_order_locked,pH,pH_wq,6,S08,11,-6479.911029525902,-589.0828208659912
optionC_date_aligned_n107_order_locked,pH,pH_wq,6,S09,10,-1708.3262657837204,-170.83262657837204
optionC_date_aligned_n107_order_locked,pH,pH_wq,6,S10,10,-422.5552567252123,-42.25552567252123
optionC_date_aligned_n107_order_locked,pH,pH_wq,7,S01,10,6038.226588930303,603.8226588930303
optionC_date_aligned_n107_order_locked,pH,pH_wq,7,S02,11,5144.609291337373,467.691753757943
optionC_date_aligned_n107_order_locked,pH,pH_wq,7,S03,11,-540.2528973516844,-49.113899759244035
optionC_date_aligned_n107_order_locked,pH,pH_wq,7,S04,11,5188.4832258487995,471.68029325898175
optionC_date_aligned_n107_order_locked,pH,pH_wq,7,S05,11,-3062.1276708217633,-278.37524280197846
optionC_date_aligned_n107_order_locked,pH,pH_wq,7,S06,11,2021.5017337275174,183.77288488431975
optionC_date_aligned_n107_order_locked,pH,pH_wq,7,S07,11,-4026.088611475681,-366.00805558869826
optionC_date_aligned_n107_order_locked,pH,pH_wq,7,S08,11,-7946.211022713344,-722.3828202466676
optionC_date_aligned_n107_order_locked,pH,pH_wq,7,S09,10,551.1341116126408,55.11341116126408
optionC_date_aligned_n107_order_locked,pH,pH_wq,7,S10,10,-788.9368942403165,-78.89368942403165
optionC_date_aligned_n107_order_locked,pH,pH_wq,8,S01,10,5267.034791527364,526.7034791527365
optionC_date_aligned_n107_order_locked,pH,pH_wq,8,S02,11,4890.572215669642,444.59747415178566
optionC_date_aligned_n107_order_locked,pH,pH_wq,8,S03,11,-38.818036839281376,-3.5289124399346705
optionC_date_aligned_n107_order_locked,pH,pH_wq,8,S04,11,6295.430415630601,572.3118559664182
optionC_date_aligned_n107_order_locked,pH,pH_wq,8,S05,11,-2102.1255623867846,-191.10232385334405
optionC_date_aligned_n107_order_locked,pH,pH_wq,8,S06,11,1847.3933143981178,167.94484676346525
optionC_date_aligned_n107_order_locked,pH,pH_wq,8,S07,11,-4154.001953129436,-377.63654119358506
optionC_date_aligned_n107_order_locked,pH,pH_wq,8,S08,11,-8143.339359574946,-740.3035781431769
optionC_date_aligned_n107_order_locked,pH,pH_wq,8,S09,10,338.50071104693825,33.850071104693825
optionC_date_aligned_n107_order_locked,pH,pH_wq,8,S10,10,-596.9601250578288,-59.69601250578288
optionC_date_aligned_n107_order_locked,pH,pH_wq,9,S01,10,2627.5629294646283,262.75629294646285
optionC_date_aligned_n107_order_locked,pH,pH_wq,9,S02,11,5128.256885511307,466.2051714101188
optionC_date_aligned_n107_order_locked,pH,pH_wq,9,S03,11,1500.705827721355,136.42780252012318
optionC_date_aligned_n107_order_locked,pH,pH_wq,9,S04,11,6821.665481630775,620.1514074209795
optionC_date_aligned_n107_order_locked,pH,pH_wq,9,S05,11,-3194.8721310922324,-290.44292100838476
optionC_date_aligned_n107_order_locked,pH,pH_wq,9,S06,11,1763.8526054455465,160.35023685868603
optionC_date_aligned_n107_order_locked,pH,pH_wq,9,S07,11,-4255.192671471028,-386.8356974064571
optionC_date_aligned_n107_order_locked,pH,pH_wq,9,S08,11,-6824.337877346758,-620.3943524860689
optionC_date_aligned_n107_order_locked,pH,pH_wq,9,S09,10,628.3638136753484,62.83638136753484
optionC_date_aligned_n107_order_locked,pH,pH_wq,9,S10,10,559.7312882190203,55.97312882190202
optionC_date_aligned_n107_order_locked,pH,pH_wq,10,S01,10,3116.549279824344,311.6549279824344
optionC_date_aligned_n107_order_locked,pH,pH_wq,10,S02,11,4988.200276993925,453.4727524539932
optionC_date_aligned_n107_order_locked,pH,pH_wq,10,S03,11,1173.5800079432265,106.68909163120242
optionC_date_aligned_n107_order_locked,pH,pH_wq,10,S04,11,7598.526144289579,690.7751040263254
optionC_date_aligned_n107_order_locked,pH,pH_wq,10,S05,11,-3724.605563858164,-338.60050580528764
optionC_date_aligned_n107_order_locked,pH,pH_wq,10,S06,11,1771.492466571997,161.04476968836337
optionC_date_aligned_n107_order_locked,pH,pH_wq,10,S07,11,-4438.258655577851,-403.47805959798643
optionC_date_aligned_n107_order_locked,pH,pH_wq,10,S08,11,-6848.765468800126,-622.6150426181932
optionC_date_aligned_n107_order_locked,pH,pH_wq,10,S09,10,291.28372312657314,29.128372312657312
optionC_date_aligned_n107_order_locked,pH,pH_wq,10,S10,10,1695.7188254098737,169.57188254098736
optionC_date_aligned_n107_order_locked,DO,DO_mg_L_wq,0,S01,10,-75000.80400762802,-7500.080400762801
optionC_date_aligned_n107_order_locked,DO,DO_mg_L_wq,0,S02,11,-27976.383629574575,-2543.307602688598
optionC_date_aligned_n107_order_locked,DO,DO_mg_L_wq,0,S03,11,-3937.560966023274,-357.96008782029764
optionC_date_aligned_n107_order_locked,DO,DO_mg_L_wq,0,S04,11,-20895.03222770548,-1899.5483843368618
optionC_date_aligned_n107_order_locked,DO,DO_mg_L_wq,0,S05,11,-44973.431604652535,-4088.4937822411393
optionC_date_aligned_n107_order_locked,DO,DO_mg_L_wq,0,S06,11,-21721.219299356628,-1974.6562999415116
optionC_date_aligned_n107_order_locked,DO,DO_mg_L_wq,0,S07,11,-11428.305825836322,-1038.9368932578475
optionC_date_aligned_n107_order_locked,DO,DO_mg_L_wq,0,S08,11,-10905.326386583973,-991.3933078712703
optionC_date_aligned_n107_order_locked,DO,DO_mg_L_wq,0,S09,10,-79641.77900762799,-7964.177900762799
optionC_date_aligned_n107_order_locked,DO,DO_mg_L_wq,0,S10,10,-33695.55416339128,-3369.555416339128
optionC_date_aligned_n107_order_locked,DO,DO_mg_L_wq,1,S01,10,-37383.54813820604,-3738.354813820604
optionC_date_aligned_n107_order_locked,DO,DO_mg_L_wq,1,S02,11,-54759.742089618754,-4978.158371783523
optionC_date_aligned_n107_order_locked,DO,DO_mg_L_wq,1,S03,11,982.8737835790926,89.35216214355387
optionC_date_aligned_n107_order_locked,DO,DO_mg_L_wq,1,S04,11,-20875.110581403238,-1897.7373255821126
optionC_date_aligned_n107_order_locked,DO,DO_mg_L_wq,1,S05,11,-32802.86651263083,-2982.0787738755303
optionC_date_aligned_n107_order_locked,DO,DO_mg_L_wq,1,S06,11,1262.0711429783478,114.73374027075889
optionC_date_aligned_n107_order_locked,DO,DO_mg_L_wq,1,S07,11,17812.30004334906,1619.3000039408237
optionC_date_aligned_n107_order_locked,DO,DO_mg_L_wq,1,S08,11,-12057.992088124178,-1096.1810989203798
optionC_date_aligned_n107_order_locked,DO,DO_mg_L_wq,1,S09,10,-16190.985033230008,-1619.0985033230008
optionC_date_aligned_n107_order_locked,DO,DO_mg_L_wq,1,S10,10,-15665.578056257733,-1566.5578056257732
optionC_date_aligned_n107_order_locked,DO,DO_mg_L_wq,2,S01,10,-58180.339737664755,-5818.033973766475
optionC_date_aligned_n107_order_locked,DO,DO_mg_L_wq,2,S02,11,-11325.934839779537,-1029.6304399799578
optionC_date_aligned_n107_order_locked,DO,DO_mg_L_wq,2,S03,11,611.4357795342221,55.585070866747465
optionC_date_aligned_n107_order_locked,DO,DO_mg_L_wq,2,S04,11,-5003.256986607585,-454.84154423705314
optionC_date_aligned_n107_order_locked,DO,DO_mg_L_wq,2,S05,11,-18946.954250550367,-1722.4503864136698
optionC_date_aligned_n107_order_locked,DO,DO_mg_L_wq,2,S06,11,-10963.22194748077,-996.65654068007
optionC_date_aligned_n107_order_locked,DO,DO_mg_L_wq,2,S07,11,17539.936821525633,1594.5397110477847
optionC_date_aligned_n107_order_locked,DO,DO_mg_L_wq,2,S08,11,-2402.5810175734396,-218.41645614303997
optionC_date_aligned_n107_order_locked,DO,DO_mg_L_wq,2,S09,10,-31440.11342272396,-3144.011342272396
optionC_date_aligned_n107_order_locked,DO,DO_mg_L_wq,2,S10,10,-3614.2743738680474,-361.42743738680474
optionC_date_aligned_n107_order_locked,DO,DO_mg_L_wq,3,S01,10,-66024.88778595791,-6602.488778595791
optionC_date_aligned_n107_order_locked,DO,DO_mg_L_wq,3,S02,11,-13178.754595779988,-1198.0685996163627
optionC_date_aligned_n107_order_locked,DO,DO_mg_L_wq,3,S03,11,11838.470899818298,1076.2246272562088
optionC_date_aligned_n107_order_locked,DO,DO_mg_L_wq,3,S04,11,-1598.5669824305367,-145.3242711300488
optionC_date_aligned_n107_order_locked,DO,DO_mg_L_wq,3,S05,11,-6496.471473254154,-590.5883157503777
optionC_date_aligned_n107_order_locked,DO,DO_mg_L_wq,3,S06,11,-973.3365179516979,-88.48513799560891
optionC_date_aligned_n107_order_locked,DO,DO_mg_L_wq,3,S07,11,12306.955767736636,1118.8141607033306
optionC_date_aligned_n107_order_locked,DO,DO_mg_L_wq,3,S08,11,-19557.575005143455,-1777.9613641039505
optionC_date_aligned_n107_order_locked,DO,DO_mg_L_wq,3,S09,10,-9131.56201745774,-913.156201745774
optionC_date_aligned_n107_order_locked,DO,DO_mg_L_wq,3,S10,10,-1451.3927621465305,-145.13927621465305
optionC_date_aligned_n107_order_locked,DO,DO_mg_L_wq,4,S01,10,-55031.030557191094,-5503.10305571911
optionC_date_aligned_n107_order_locked,DO,DO_mg_L_wq,4,S02,11,-9258.101910895111,-841.645628263192
optionC_date_aligned_n107_order_locked,DO,DO_mg_L_wq,4,S03,11,16006.37658007901,1455.1251436435464
optionC_date_aligned_n107_order_locked,DO,DO_mg_L_wq,4,S04,11,218.4198923464923,19.856353849681117
optionC_date_aligned_n107_order_locked,DO,DO_mg_L_wq,4,S05,11,-3460.192767607878,-314.56297887344346
optionC_date_aligned_n107_order_locked,DO,DO_mg_L_wq,4,S06,11,-335.78207803502113,-30.525643457729192
optionC_date_aligned_n107_order_locked,DO,DO_mg_L_wq,4,S07,11,12776.81908876884,1161.5290080698944
optionC_date_aligned_n107_order_locked,DO,DO_mg_L_wq,4,S08,11,-9429.659501067621,-857.2417728243291
optionC_date_aligned_n107_order_locked,DO,DO_mg_L_wq,4,S09,10,-8621.161222728022,-862.1161222728022
optionC_date_aligned_n107_order_locked,DO,DO_mg_L_wq,4,S10,10,-4309.740467131974,-430.97404671319737
optionC_date_aligned_n107_order_locked,DO,DO_mg_L_wq,5,S01,10,-49621.90777906022,-4962.190777906022
optionC_date_aligned_n107_order_locked,DO,DO_mg_L_wq,5,S02,11,-4276.424150987798,-388.7658319079817
optionC_date_aligned_n107_order_locked,DO,DO_mg_L_wq,5,S03,11,25153.76099635951,2286.705545123592
optionC_date_aligned_n107_order_locked,DO,DO_mg_L_wq,5,S04,11,3478.8082798435557,316.255298167596
optionC_date_aligned_n107_order_locked,DO,DO_mg_L_wq,5,S05,11,-986.9995377845225,-89.72723070768387
optionC_date_aligned_n107_order_locked,DO,DO_mg_L_wq,5,S06,11,5612.9974958219955,510.2724996201814
optionC_date_aligned_n107_order_locked,DO,DO_mg_L_wq,5,S07,11,17613.49376837403,1601.226706215821
optionC_date_aligned_n107_order_locked,DO,DO_mg_L_wq,5,S08,11,-9845.724718583511,-895.0658835075919
optionC_date_aligned_n107_order_locked,DO,DO_mg_L_wq,5,S09,10,-4894.856659093281,-489.48566590932813
optionC_date_aligned_n107_order_locked,DO,DO_mg_L_wq,5,S10,10,-3907.0073399940716,-390.70073399940713
optionC_date_aligned_n107_order_locked,DO,DO_mg_L_wq,6,S01,10,-43006.2208372354,-4300.62208372354
optionC_date_aligned_n107_order_locked,DO,DO_mg_L_wq,6,S02,11,-5374.344189338739,-488.57674448533993
optionC_date_aligned_n107_order_locked,DO,DO_mg_L_wq,6,S03,11,25428.708646936608,2311.7007860851463
optionC_date_aligned_n107_order_locked,DO,DO_mg_L_wq,6,S04,11,1492.3339271031366,135.6667206457397
optionC_date_aligned_n107_order_locked,DO,DO_mg_L_wq,6,S05,11,-1640.001680646039,-149.09106187691262
optionC_date_aligned_n107_order_locked,DO,DO_mg_L_wq,6,S06,11,7071.50926626049,642.8644787509537
optionC_date_aligned_n107_order_locked,DO,DO_mg_L_wq,6,S07,11,18746.117127630518,1704.192466148229
optionC_date_aligned_n107_order_locked,DO,DO_mg_L_wq,6,S08,11,-8409.52159302463,-764.5019630022391
optionC_date_aligned_n107_order_locked,DO,DO_mg_L_wq,6,S09,10,-3956.4190185537773,-395.64190185537774
optionC_date_aligned_n107_order_locked,DO,DO_mg_L_wq,6,S10,10,-4706.263995219304,-470.6263995219304
optionC_date_aligned_n107_order_locked,DO,DO_mg_L_wq,7,S01,10,-45911.063741732745,-4591.106374173274
optionC_date_aligned_n107_order_locked,DO,DO_mg_L_wq,7,S02,11,-15329.640471593473,-1393.6036792357702
optionC_date_aligned_n107_order_locked,DO,DO_mg_L_wq,7,S03,11,13355.912190918294,1214.1738355380267
optionC_date_aligned_n107_order_locked,DO,DO_mg_L_wq,7,S04,11,-1191.693606715512,-108.33578242868292
optionC_date_aligned_n107_order_locked,DO,DO_mg_L_wq,7,S05,11,-10103.585987239054,-918.5078170217322
optionC_date_aligned_n107_order_locked,DO,DO_mg_L_wq,7,S06,11,2993.406941421299,272.1279037655726
optionC_date_aligned_n107_order_locked,DO,DO_mg_L_wq,7,S07,11,16020.172676679953,1456.379334243632
optionC_date_aligned_n107_order_locked,DO,DO_mg_L_wq,7,S08,11,-14097.246632862665,-1281.5678757147878
optionC_date_aligned_n107_order_locked,DO,DO_mg_L_wq,7,S09,10,-20545.538430412234,-2054.5538430412234
optionC_date_aligned_n107_order_locked,DO,DO_mg_L_wq,7,S10,10,-2996.8933288608664,-299.6893328860866
optionC_date_aligned_n107_order_locked,DO,DO_mg_L_wq,8,S01,10,-45878.065888534766,-4587.806588853477
optionC_date_aligned_n107_order_locked,DO,DO_mg_L_wq,8,S02,11,-12015.387735923694,-1092.307975993063
optionC_date_aligned_n107_order_locked,DO,DO_mg_L_wq,8,S03,11,15201.189997257752,1381.9263633870685
optionC_date_aligned_n107_order_locked,DO,DO_mg_L_wq,8,S04,11,-2585.6867945046747,-235.06243586406134
optionC_date_aligned_n107_order_locked,DO,DO_mg_L_wq,8,S05,11,-7183.498086073708,-653.0452805521553
optionC_date_aligned_n107_order_locked,DO,DO_mg_L_wq,8,S06,11,5657.198197466788,514.2907452242534
optionC_date_aligned_n107_order_locked,DO,DO_mg_L_wq,8,S07,11,13387.501403643857,1217.0455821494415
optionC_date_aligned_n107_order_locked,DO,DO_mg_L_wq,8,S08,11,-16413.91457323507,-1492.174052112279
optionC_date_aligned_n107_order_locked,DO,DO_mg_L_wq,8,S09,10,-21382.07461789349,-2138.207461789349
optionC_date_aligned_n107_order_locked,DO,DO_mg_L_wq,8,S10,10,-4569.261476333651,-456.92614763336513
optionC_date_aligned_n107_order_locked,DO,DO_mg_L_wq,9,S01,10,-43115.163302148416,-4311.516330214841
optionC_date_aligned_n107_order_locked,DO,DO_mg_L_wq,9,S02,11,-10224.403010801976,-929.4911828001797
optionC_date_aligned_n107_order_locked,DO,DO_mg_L_wq,9,S03,11,13482.765499129886,1225.7059544663532
optionC_date_aligned_n107_order_locked,DO,DO_mg_L_wq,9,S04,11,-747.2293798167105,-67.92994361970096
optionC_date_aligned_n107_order_locked,DO,DO_mg_L_wq,9,S05,11,-9118.498590669986,-828.9544173336351
optionC_date_aligned_n107_order_locked,DO,DO_mg_L_wq,9,S06,11,7018.120807563804,638.0109825058004
optionC_date_aligned_n107_order_locked,DO,DO_mg_L_wq,9,S07,11,13589.938211085435,1235.448928280494
optionC_date_aligned_n107_order_locked,DO,DO_mg_L_wq,9,S08,11,-15860.475057240854,-1441.8613688400776
optionC_date_aligned_n107_order_locked,DO,DO_mg_L_wq,9,S09,10,-25029.65829464425,-2502.965829464425
optionC_date_aligned_n107_order_locked,DO,DO_mg_L_wq,9,S10,10,-6716.673119966775,-671.6673119966774
optionC_date_aligned_n107_order_locked,DO,DO_mg_L_wq,10,S01,10,-31902.528467521857,-3190.2528467521856
optionC_date_aligned_n107_order_locked,DO,DO_mg_L_wq,10,S02,11,-9185.544738242525,-835.0495216584113
optionC_date_aligned_n107_order_locked,DO,DO_mg_L_wq,10,S03,11,15640.449435889208,1421.8590396262916
optionC_date_aligned_n107_order_locked,DO,DO_mg_L_wq,10,S04,11,-192.07153070737223,-17.461048246124747
optionC_date_aligned_n107_order_locked,DO,DO_mg_L_wq,10,S05,11,-8292.745112533834,-753.8859193212576
optionC_date_aligned_n107_order_locked,DO,DO_mg_L_wq,10,S06,11,8089.742694323571,735.4311540294156
optionC_date_aligned_n107_order_locked,DO,DO_mg_L_wq,10,S07,11,14960.366994513748,1360.0333631376134
optionC_date_aligned_n107_order_locked,DO,DO_mg_L_wq,10,S08,11,-14675.85454860142,-1334.1685953274018
optionC_date_aligned_n107_order_locked,DO,DO_mg_L_wq,10,S09,10,-26037.24769060134,-2603.724769060134
optionC_date_aligned_n107_order_locked,DO,DO_mg_L_wq,10,S10,10,-8173.656605184048,-817.3656605184049
optionC_date_aligned_n107_order_locked,BOD,BOD_mg_L,0,S01,10,38894.10650246019,3889.410650246019
optionC_date_aligned_n107_order_locked,BOD,BOD_mg_L,0,S02,11,7413.155510961653,673.9232282692411
optionC_date_aligned_n107_order_locked,BOD,BOD_mg_L,0,S03,11,-1052.6151276676221,-95.69228433342019
optionC_date_aligned_n107_order_locked,BOD,BOD_mg_L,0,S04,11,11603.521398812129,1054.8655817101935
optionC_date_aligned_n107_order_locked,BOD,BOD_mg_L,0,S05,11,-1682.9918722159096,-152.99926111053722
optionC_date_aligned_n107_order_locked,BOD,BOD_mg_L,0,S06,11,-3979.718803680086,-361.7926185163714
optionC_date_aligned_n107_order_locked,BOD,BOD_mg_L,0,S07,11,8381.8855421143,761.9895947376637
optionC_date_aligned_n107_order_locked,BOD,BOD_mg_L,0,S08,11,6835.418034326135,621.4016394841941
optionC_date_aligned_n107_order_locked,BOD,BOD_mg_L,0,S09,10,24467.204726759246,2446.7204726759246
optionC_date_aligned_n107_order_locked,BOD,BOD_mg_L,0,S10,10,20301.53184513931,2030.1531845139311
optionC_date_aligned_n107_order_locked,BOD,BOD_mg_L,1,S01,10,20495.746956648276,2049.5746956648277
optionC_date_aligned_n107_order_locked,BOD,BOD_mg_L,1,S02,11,5407.2982077034085,491.5725643366735
optionC_date_aligned_n107_order_locked,BOD,BOD_mg_L,1,S03,11,-12735.84372389878,-1157.8039748998892
optionC_date_aligned_n107_order_locked,BOD,BOD_mg_L,1,S04,11,-4117.758527873646,-374.3416843521496
optionC_date_aligned_n107_order_locked,BOD,BOD_mg_L,1,S05,11,2783.094232538872,253.0085665944429
optionC_date_aligned_n107_order_locked,BOD,BOD_mg_L,1,S06,11,-8777.19333125165,-797.9266664774227
optionC_date_aligned_n107_order_locked,BOD,BOD_mg_L,1,S07,11,2242.205339667282,203.836849060662
optionC_date_aligned_n107_order_locked,BOD,BOD_mg_L,1,S08,11,-4120.366028235463,-374.57872983958754
optionC_date_aligned_n107_order_locked,BOD,BOD_mg_L,1,S09,10,2696.969985712773,269.6969985712773
optionC_date_aligned_n107_order_locked,BOD,BOD_mg_L,1,S10,10,-2370.285175646539,-237.0285175646539
optionC_date_aligned_n107_order_locked,BOD,BOD_mg_L,2,S01,10,23762.743880324233,2376.2743880324233
optionC_date_aligned_n107_order_locked,BOD,BOD_mg_L,2,S02,11,4728.762612890332,429.8875102627575
optionC_date_aligned_n107_order_locked,BOD,BOD_mg_L,2,S03,11,-9536.81449831117,-866.9831362101064
optionC_date_aligned_n107_order_locked,BOD,BOD_mg_L,2,S04,11,-4361.2213992329325,-396.4746726575393
optionC_date_aligned_n107_order_locked,BOD,BOD_mg_L,2,S05,11,860.6446032997957,78.24041848179961
optionC_date_aligned_n107_order_locked,BOD,BOD_mg_L,2,S06,11,-5284.4248757318655,-480.4022614301696
optionC_date_aligned_n107_order_locked,BOD,BOD_mg_L,2,S07,11,2457.3238950127334,223.39308136479394
optionC_date_aligned_n107_order_locked,BOD,BOD_mg_L,2,S08,11,-2086.1057336579606,-189.64597578708734
optionC_date_aligned_n107_order_locked,BOD,BOD_mg_L,2,S09,10,3658.40955817505,365.840955817505
optionC_date_aligned_n107_order_locked,BOD,BOD_mg_L,2,S10,10,6241.471183619108,624.1471183619108
optionC_date_aligned_n107_order_locked,BOD,BOD_mg_L,3,S01,10,24621.912490786544,2462.1912490786544
optionC_date_aligned_n107_order_locked,BOD,BOD_mg_L,3,S02,11,4938.750854202162,448.9773503820148
optionC_date_aligned_n107_order_locked,BOD,BOD_mg_L,3,S03,11,-9032.413621055875,-821.1285110050795
optionC_date_aligned_n107_order_locked,BOD,BOD_mg_L,3,S04,11,-308.42377070003045,-28.038524609093677
optionC_date_aligned_n107_order_locked,BOD,BOD_mg_L,3,S05,11,43.860364996256465,3.9873059087505878
optionC_date_aligned_n107_order_locked,BOD,BOD_mg_L,3,S06,11,-4436.658963730178,-403.3326330663798
optionC_date_aligned_n107_order_locked,BOD,BOD_mg_L,3,S07,11,1004.2226016146894,91.29296378315358
optionC_date_aligned_n107_order_locked,BOD,BOD_mg_L,3,S08,11,-1819.5373290618154,-165.41248446016505
optionC_date_aligned_n107_order_locked,BOD,BOD_mg_L,3,S09,10,3472.5121089885424,347.25121089885425
optionC_date_aligned_n107_order_locked,BOD,BOD_mg_L,3,S10,10,4421.678301741994,442.16783017419937
optionC_date_aligned_n107_order_locked,BOD,BOD_mg_L,4,S01,10,17684.64605054799,1768.4646050547992
optionC_date_aligned_n107_order_locked,BOD,BOD_mg_L,4,S02,11,6205.0894126061785,564.0990375096526
optionC_date_aligned_n107_order_locked,BOD,BOD_mg_L,4,S03,11,-5825.741931128501,-529.6129028298637
optionC_date_aligned_n107_order_locked,BOD,BOD_mg_L,4,S04,11,-2821.9298458490593,-256.539076895369
optionC_date_aligned_n107_order_locked,BOD,BOD_mg_L,4,S05,11,-194.50030681457622,-17.681846074052384
optionC_date_aligned_n107_order_locked,BOD,BOD_mg_L,4,S06,11,-3054.090700109969,-277.6446091009063
optionC_date_aligned_n107_order_locked,BOD,BOD_mg_L,4,S07,11,-1429.865639113551,-129.98778537395918
optionC_date_aligned_n107_order_locked,BOD,BOD_mg_L,4,S08,11,126.97740675166739,11.543400613787945
optionC_date_aligned_n107_order_locked,BOD,BOD_mg_L,4,S09,10,3638.833486071466,363.88334860714656
optionC_date_aligned_n107_order_locked,BOD,BOD_mg_L,4,S10,10,4289.894382273098,428.9894382273098
optionC_date_aligned_n107_order_locked,BOD,BOD_mg_L,5,S01,10,17766.239834736847,1776.6239834736848
optionC_date_aligned_n107_order_locked,BOD,BOD_mg_L,5,S02,11,5069.343623698781,460.8494203362528
optionC_date_aligned_n107_order_locked,BOD,BOD_mg_L,5,S03,11,-4629.355023601024,-420.8504566910022
optionC_date_aligned_n107_order_locked,BOD,BOD_mg_L,5,S04,11,-1371.9592030127465,-124.72356391024968
optionC_date_aligned_n107_order_locked,BOD,BOD_mg_L,5,S05,11,-472.3786985507389,-42.94351805006717
optionC_date_aligned_n107_order_locked,BOD,BOD_mg_L,5,S06,11,-3801.499963352224,-345.5909057592931
optionC_date_aligned_n107_order_locked,BOD,BOD_mg_L,5,S07,11,-1259.2890706211297,-114.48082460192087
optionC_date_aligned_n107_order_locked,BOD,BOD_mg_L,5,S08,11,272.6980336393236,24.7907303308476
optionC_date_aligned_n107_order_locked,BOD,BOD_mg_L,5,S09,10,3288.3636200383094,328.8363620038309
optionC_date_aligned_n107_order_locked,BOD,BOD_mg_L,5,S10,10,4495.925790120929,449.5925790120929
optionC_date_aligned_n107_order_locked,BOD,BOD_mg_L,6,S01,10,14738.313637326037,1473.8313637326037
optionC_date_aligned_n107_order_locked,BOD,BOD_mg_L,6,S02,11,3518.199825085235,319.8363477350213
optionC_date_aligned_n107_order_locked,BOD,BOD_mg_L,6,S03,11,-6824.098610657785,-620.3726009688895
optionC_date_aligned_n107_order_locked,BOD,BOD_mg_L,6,S04,11,-5526.377354882224,-502.3979413529294
optionC_date_aligned_n107_order_locked,BOD,BOD_mg_L,6,S05,11,-521.3280681929772,-47.39346074481611
optionC_date_aligned_n107_order_locked,BOD,BOD_mg_L,6,S06,11,-5382.310556769135,-489.30095970628497
optionC_date_aligned_n107_order_locked,BOD,BOD_mg_L,6,S07,11,-431.9103572483946,-39.264577931672235
optionC_date_aligned_n107_order_locked,BOD,BOD_mg_L,6,S08,11,-2503.9197331512914,-227.6290666501174
optionC_date_aligned_n107_order_locked,BOD,BOD_mg_L,6,S09,10,2640.3793671705794,264.03793671705796
optionC_date_aligned_n107_order_locked,BOD,BOD_mg_L,6,S10,10,3997.2440472822127,399.72440472822126
optionC_date_aligned_n107_order_locked,BOD,BOD_mg_L,7,S01,10,15534.461419975705,1553.4461419975705
optionC_date_aligned_n107_order_locked,BOD,BOD_mg_L,7,S02,11,1891.2670806863955,171.9333709714905
optionC_date_aligned_n107_order_locked,BOD,BOD_mg_L,7,S03,11,-8169.928264432479,-742.7207513120436
optionC_date_aligned_n107_order_locked,BOD,BOD_mg_L,7,S04,11,-4494.680080431947,-408.60728003926795
optionC_date_aligned_n107_order_locked,BOD,BOD_mg_L,7,S05,11,-1302.911642120473,-118.446512920043
optionC_date_aligned_n107_order_locked,BOD,BOD_mg_L,7,S06,11,-4362.540161134124,-396.5945601031022
optionC_date_aligned_n107_order_locked,BOD,BOD_mg_L,7,S07,11,-2091.3638385562344,-190.12398532329405
optionC_date_aligned_n107_order_locked,BOD,BOD_mg_L,7,S08,11,-2812.0309651615144,-255.63917865104676
optionC_date_aligned_n107_order_locked,BOD,BOD_mg_L,7,S09,10,4239.628689555459,423.96286895554584
optionC_date_aligned_n107_order_locked,BOD,BOD_mg_L,7,S10,10,6366.48726136149,636.648726136149
optionC_date_aligned_n107_order_locked,BOD,BOD_mg_L,8,S01,10,15074.147651215211,1507.4147651215212
optionC_date_aligned_n107_order_locked,BOD,BOD_mg_L,8,S02,11,493.8034598195725,44.89122361996113
optionC_date_aligned_n107_order_locked,BOD,BOD_mg_L,8,S03,11,-7651.859385119354,-695.6235804653958
optionC_date_aligned_n107_order_locked,BOD,BOD_mg_L,8,S04,11,-2626.603730918855,-238.78215735625955
optionC_date_aligned_n107_order_locked,BOD,BOD_mg_L,8,S05,11,-945.8386867721422,-85.98533516110383
optionC_date_aligned_n107_order_locked,BOD,BOD_mg_L,8,S06,11,-4443.848710758386,-403.9862464325806
optionC_date_aligned_n107_order_locked,BOD,BOD_mg_L,8,S07,11,-1706.3409117531025,-155.12190106846387
optionC_date_aligned_n107_order_locked,BOD,BOD_mg_L,8,S08,11,-2867.0704107779507,-260.6427646161773
optionC_date_aligned_n107_order_locked,BOD,BOD_mg_L,8,S09,10,5479.065492962242,547.9065492962243
optionC_date_aligned_n107_order_locked,BOD,BOD_mg_L,8,S10,10,7643.243184462889,764.3243184462889
optionC_date_aligned_n107_order_locked,BOD,BOD_mg_L,9,S01,10,13973.541753685786,1397.3541753685786
optionC_date_aligned_n107_order_locked,BOD,BOD_mg_L,9,S02,11,465.5324581583134,42.32113255984667
optionC_date_aligned_n107_order_locked,BOD,BOD_mg_L,9,S03,11,-5873.166055192063,-533.9241868356421
optionC_date_aligned_n107_order_locked,BOD,BOD_mg_L,9,S04,11,-1481.9202306118934,-134.72002096471758
optionC_date_aligned_n107_order_locked,BOD,BOD_mg_L,9,S05,11,372.30158896073516,33.84559899643047
optionC_date_aligned_n107_order_locked,BOD,BOD_mg_L,9,S06,11,-6018.048545411002,-547.0953223100911
optionC_date_aligned_n107_order_locked,BOD,BOD_mg_L,9,S07,11,-1243.5829314526989,-113.05299376842717
optionC_date_aligned_n107_order_locked,BOD,BOD_mg_L,9,S08,11,-1346.3432762179095,-122.39484329253723
optionC_date_aligned_n107_order_locked,BOD,BOD_mg_L,9,S09,10,5500.981487683888,550.0981487683888
optionC_date_aligned_n107_order_locked,BOD,BOD_mg_L,9,S10,10,9119.745526129378,911.9745526129378
optionC_date_aligned_n107_order_locked,BOD,BOD_mg_L,10,S01,10,14385.11704523877,1438.5117045238771
optionC_date_aligned_n107_order_locked,BOD,BOD_mg_L,10,S02,11,975.6103832670451,88.69185302427682
optionC_date_aligned_n107_order_locked,BOD,BOD_mg_L,10,S03,11,-5393.105952850824,-490.2823593500749
optionC_date_aligned_n107_order_locked,BOD,BOD_mg_L,10,S04,11,-1446.686454889858,-131.51695044453254
optionC_date_aligned_n107_order_locked,BOD,BOD_mg_L,10,S05,11,-1070.4265501116306,-97.31150455560278
optionC_date_aligned_n107_order_locked,BOD,BOD_mg_L,10,S06,11,-5337.694113466448,-485.2449194060407
optionC_date_aligned_n107_order_locked,BOD,BOD_mg_L,10,S07,11,-1016.8278122165418,-92.43889201968562
optionC_date_aligned_n107_order_locked,BOD,BOD_mg_L,10,S08,11,-1826.9162279721795,-166.0832934520163
optionC_date_aligned_n107_order_locked,BOD,BOD_mg_L,10,S09,10,5606.032540711778,560.6032540711778
optionC_date_aligned_n107_order_locked,BOD,BOD_mg_L,10,S10,10,10012.136381588543,1001.2136381588543
optionC_date_aligned_n107_order_locked,COD,COD_mg_L,0,S01,10,199468.59364180276,19946.859364180276
optionC_date_aligned_n107_order_locked,COD,COD_mg_L,0,S02,11,37027.75528168395,3366.1595710621773
optionC_date_aligned_n107_order_locked,COD,COD_mg_L,0,S03,11,1927.4280231170314,175.22072937427558
optionC_date_aligned_n107_order_locked,COD,COD_mg_L,0,S04,11,25544.71836579612,2322.247124163284
optionC_date_aligned_n107_order_locked,COD,COD_mg_L,0,S05,11,2076.1328362011345,188.7393487455577
optionC_date_aligned_n107_order_locked,COD,COD_mg_L,0,S06,11,8303.742571403665,754.8856883094242
optionC_date_aligned_n107_order_locked,COD,COD_mg_L,0,S07,11,3980.076512213589,361.8251374739626
optionC_date_aligned_n107_order_locked,COD,COD_mg_L,0,S08,11,-12704.431260372086,-1154.9482963974624
optionC_date_aligned_n107_order_locked,COD,COD_mg_L,0,S09,10,33943.204950213985,3394.3204950213985
optionC_date_aligned_n107_order_locked,COD,COD_mg_L,0,S10,10,48034.281943983464,4803.428194398346
optionC_date_aligned_n107_order_locked,COD,COD_mg_L,1,S01,10,127977.16276672683,12797.716276672683
optionC_date_aligned_n107_order_locked,COD,COD_mg_L,1,S02,11,6137.045019067888,557.9131835516262
optionC_date_aligned_n107_order_locked,COD,COD_mg_L,1,S03,11,-24508.032323831245,-2228.002938530113
optionC_date_aligned_n107_order_locked,COD,COD_mg_L,1,S04,11,5811.078152744942,528.2798320677219
optionC_date_aligned_n107_order_locked,COD,COD_mg_L,1,S05,11,32340.525587948156,2940.0477807225598
optionC_date_aligned_n107_order_locked,COD,COD_mg_L,1,S06,11,-4349.9593232231255,-395.4508475657387
optionC_date_aligned_n107_order_locked,COD,COD_mg_L,1,S07,11,-2245.7413175326574,-204.15830159387795
optionC_date_aligned_n107_order_locked,COD,COD_mg_L,1,S08,11,-27667.925612343377,-2515.2659647584887
optionC_date_aligned_n107_order_locked,COD,COD_mg_L,1,S09,10,-2241.3207549400095,-224.13207549400096
optionC_date_aligned_n107_order_locked,COD,COD_mg_L,1,S10,10,152.98212633849198,15.298212633849198
optionC_date_aligned_n107_order_locked,COD,COD_mg_L,2,S01,10,145237.4897870172,14523.74897870172
optionC_date_aligned_n107_order_locked,COD,COD_mg_L,2,S02,11,4470.152237337097,406.3774761215543
optionC_date_aligned_n107_order_locked,COD,COD_mg_L,2,S03,11,-16044.733782198295,-1458.6121620180268
optionC_date_aligned_n107_order_locked,COD,COD_mg_L,2,S04,11,-10515.023290886413,-955.9112082624011
optionC_date_aligned_n107_order_locked,COD,COD_mg_L,2,S05,11,30652.688844373017,2786.6080767611834
optionC_date_aligned_n107_order_locked,COD,COD_mg_L,2,S06,11,19662.69689282347,1787.5178993475884
optionC_date_aligned_n107_order_locked,COD,COD_mg_L,2,S07,11,-9863.91063946254,-896.719149042049
optionC_date_aligned_n107_order_locked,COD,COD_mg_L,2,S08,11,-30581.4707166297,-2780.133701511791
optionC_date_aligned_n107_order_locked,COD,COD_mg_L,2,S09,10,6921.151881314193,692.1151881314192
optionC_date_aligned_n107_order_locked,COD,COD_mg_L,2,S10,10,13268.779681048905,1326.8779681048904
optionC_date_aligned_n107_order_locked,COD,COD_mg_L,3,S01,10,156869.00491510125,15686.900491510125
optionC_date_aligned_n107_order_locked,COD,COD_mg_L,3,S02,11,8461.601583644115,769.2365076040104
optionC_date_aligned_n107_order_locked,COD,COD_mg_L,3,S03,11,-12351.333266719752,-1122.8484787927048
optionC_date_aligned_n107_order_locked,COD,COD_mg_L,3,S04,11,4693.8655187540335,426.7150471594576
optionC_date_aligned_n107_order_locked,COD,COD_mg_L,3,S05,11,20216.863604085625,1837.8966912805115
optionC_date_aligned_n107_order_locked,COD,COD_mg_L,3,S06,11,13067.952967520545,1187.9957243200495
optionC_date_aligned_n107_order_locked,COD,COD_mg_L,3,S07,11,-7449.693730847527,-677.2448846225025
optionC_date_aligned_n107_order_locked,COD,COD_mg_L,3,S08,11,-24623.322514415184,-2238.4838649468347
optionC_date_aligned_n107_order_locked,COD,COD_mg_L,3,S09,10,0.39367642683419035,0.03936764268341904
optionC_date_aligned_n107_order_locked,COD,COD_mg_L,3,S10,10,4907.188271422534,490.7188271422534
optionC_date_aligned_n107_order_locked,COD,COD_mg_L,4,S01,10,146834.37713196667,14683.437713196667
optionC_date_aligned_n107_order_locked,COD,COD_mg_L,4,S02,11,1752.6103388389286,159.32821262172078
optionC_date_aligned_n107_order_locked,COD,COD_mg_L,4,S03,11,-3153.2223438395167,-286.6565767126833
optionC_date_aligned_n107_order_locked,COD,COD_mg_L,4,S04,11,6212.478976342911,564.7708160311737
optionC_date_aligned_n107_order_locked,COD,COD_mg_L,4,S05,11,12812.777733910625,1164.7979758100569
optionC_date_aligned_n107_order_locked,COD,COD_mg_L,4,S06,11,13006.08412170337,1182.3712837912155
optionC_date_aligned_n107_order_locked,COD,COD_mg_L,4,S07,11,-7194.088326219338,-654.0080296563035
optionC_date_aligned_n107_order_locked,COD,COD_mg_L,4,S08,11,-14809.110382059302,-1346.282762005391
optionC_date_aligned_n107_order_locked,COD,COD_mg_L,4,S09,10,1247.4066034018517,124.74066034018517
optionC_date_aligned_n107_order_locked,COD,COD_mg_L,4,S10,10,7747.689397494913,774.7689397494912
optionC_date_aligned_n107_order_locked,COD,COD_mg_L,5,S01,10,139746.17301157815,13974.617301157816
optionC_date_aligned_n107_order_locked,COD,COD_mg_L,5,S02,11,731.9194396799044,66.5381308799913
optionC_date_aligned_n107_order_locked,COD,COD_mg_L,5,S03,11,-4503.036802759438,-409.3669820690398
optionC_date_aligned_n107_order_locked,COD,COD_mg_L,5,S04,11,3830.4026013095454,348.21841830086777
optionC_date_aligned_n107_order_locked,COD,COD_mg_L,5,S05,11,11016.942675454946,1001.5402432231768
optionC_date_aligned_n107_order_locked,COD,COD_mg_L,5,S06,11,13748.872926311416,1249.8975387555834
optionC_date_aligned_n107_order_locked,COD,COD_mg_L,5,S07,11,-9207.480148456696,-837.0436498596996
optionC_date_aligned_n107_order_locked,COD,COD_mg_L,5,S08,11,-12776.042394346434,-1161.4583994860395
optionC_date_aligned_n107_order_locked,COD,COD_mg_L,5,S09,10,327.60107679767907,32.760107679767906
optionC_date_aligned_n107_order_locked,COD,COD_mg_L,5,S10,10,9992.435812534748,999.2435812534748
optionC_date_aligned_n107_order_locked,COD,COD_mg_L,6,S01,10,130675.2110457645,13067.52110457645
optionC_date_aligned_n107_order_locked,COD,COD_mg_L,6,S02,11,-10316.421853395295,-937.8565321268451
optionC_date_aligned_n107_order_locked,COD,COD_mg_L,6,S03,11,-9640.475337541904,-876.4068488674458
optionC_date_aligned_n107_order_locked,COD,COD_mg_L,6,S04,11,-6915.375160261623,-628.670469114693
optionC_date_aligned_n107_order_locked,COD,COD_mg_L,6,S05,11,5524.6203216029635,502.2382110548149
optionC_date_aligned_n107_order_locked,COD,COD_mg_L,6,S06,11,13604.496516099523,1236.7724105545021
optionC_date_aligned_n107_order_locked,COD,COD_mg_L,6,S07,11,-2584.892024581422,-234.99018405285653
optionC_date_aligned_n107_order_locked,COD,COD_mg_L,6,S08,11,-11056.906292550186,-1005.1732993227441
optionC_date_aligned_n107_order_locked,COD,COD_mg_L,6,S09,10,666.2429878005562,66.62429878005563
optionC_date_aligned_n107_order_locked,COD,COD_mg_L,6,S10,10,5567.129136022544,556.7129136022544
optionC_date_aligned_n107_order_locked,COD,COD_mg_L,7,S01,10,142680.26688092388,14268.026688092388
optionC_date_aligned_n107_order_locked,COD,COD_mg_L,7,S02,11,-476.4310516826383,-43.31191378933076
optionC_date_aligned_n107_order_locked,COD,COD_mg_L,7,S03,11,-11176.9489841633,-1016.0862712875728
optionC_date_aligned_n107_order_locked,COD,COD_mg_L,7,S04,11,251.43039769817824,22.857308881652568
optionC_date_aligned_n107_order_locked,COD,COD_mg_L,7,S05,11,-117.58164105882565,-10.689240096256878
optionC_date_aligned_n107_order_locked,COD,COD_mg_L,7,S06,11,5341.050627846607,485.5500570769643
optionC_date_aligned_n107_order_locked,COD,COD_mg_L,7,S07,11,-1055.425823975973,-95.9478021796339
optionC_date_aligned_n107_order_locked,COD,COD_mg_L,7,S08,11,-16762.37556645228,-1523.8523242229346
optionC_date_aligned_n107_order_locked,COD,COD_mg_L,7,S09,10,2695.385352541178,269.5385352541178
optionC_date_aligned_n107_order_locked,COD,COD_mg_L,7,S10,10,6187.82127147954,618.782127147954
optionC_date_aligned_n107_order_locked,COD,COD_mg_L,8,S01,10,135387.17301417165,13538.717301417166
optionC_date_aligned_n107_order_locked,COD,COD_mg_L,8,S02,11,-4479.912735119868,-407.26479410180616
optionC_date_aligned_n107_order_locked,COD,COD_mg_L,8,S03,11,-10497.93269655166,-954.3575178683327
optionC_date_aligned_n107_order_locked,COD,COD_mg_L,8,S04,11,6004.583719800037,545.8712472545488
optionC_date_aligned_n107_order_locked,COD,COD_mg_L,8,S05,11,1602.1034402678392,145.6457672970763
optionC_date_aligned_n107_order_locked,COD,COD_mg_L,8,S06,11,4174.470354384814,379.49730494407396
optionC_date_aligned_n107_order_locked,COD,COD_mg_L,8,S07,11,134.07103122030344,12.188275565482131
optionC_date_aligned_n107_order_locked,COD,COD_mg_L,8,S08,11,-13396.818847041392,-1217.8926224583083
optionC_date_aligned_n107_order_locked,COD,COD_mg_L,8,S09,10,2452.7492600696123,245.27492600696124
optionC_date_aligned_n107_order_locked,COD,COD_mg_L,8,S10,10,9155.549431410858,915.5549431410858
optionC_date_aligned_n107_order_locked,COD,COD_mg_L,9,S01,10,123196.52251388108,12319.652251388108
optionC_date_aligned_n107_order_locked,COD,COD_mg_L,9,S02,11,-5365.7030942420015,-487.7911903856365
optionC_date_aligned_n107_order_locked,COD,COD_mg_L,9,S03,11,2464.5428380759327,224.04934891599387
optionC_date_aligned_n107_order_locked,COD,COD_mg_L,9,S04,11,9472.116279374166,861.101479943106
optionC_date_aligned_n107_order_locked,COD,COD_mg_L,9,S05,11,3237.0509369118126,294.27735790107386
optionC_date_aligned_n107_order_locked,COD,COD_mg_L,9,S06,11,-5851.278703392072,-531.9344275810975
optionC_date_aligned_n107_order_locked,COD,COD_mg_L,9,S07,11,1460.7702677541454,132.79729706855866
optionC_date_aligned_n107_order_locked,COD,COD_mg_L,9,S08,11,-9689.68577726533,-880.8805252059391
optionC_date_aligned_n107_order_locked,COD,COD_mg_L,9,S09,10,1827.0873978070877,182.70873978070875
optionC_date_aligned_n107_order_locked,COD,COD_mg_L,9,S10,10,18319.49039085719,1831.949039085719
optionC_date_aligned_n107_order_locked,COD,COD_mg_L,10,S01,10,126852.2183904547,12685.22183904547
optionC_date_aligned_n107_order_locked,COD,COD_mg_L,10,S02,11,-5293.090566254566,-481.1900514776878
optionC_date_aligned_n107_order_locked,COD,COD_mg_L,10,S03,11,1711.6084808379956,155.60077098527233
optionC_date_aligned_n107_order_locked,COD,COD_mg_L,10,S04,11,9777.552828225787,888.868438929617
optionC_date_aligned_n107_order_locked,COD,COD_mg_L,10,S05,11,1454.019917263796,132.18362884216327
optionC_date_aligned_n107_order_locked,COD,COD_mg_L,10,S06,11,-3410.0392982150925,-310.0035725650084
optionC_date_aligned_n107_order_locked,COD,COD_mg_L,10,S07,11,724.8349049215431,65.89408226559482
optionC_date_aligned_n107_order_locked,COD,COD_mg_L,10,S08,11,-9137.734671008166,-830.7031519098332
optionC_date_aligned_n107_order_locked,COD,COD_mg_L,10,S09,10,1245.6059697521362,124.56059697521361
optionC_date_aligned_n107_order_locked,COD,COD_mg_L,10,S10,10,23073.46825384792,2307.3468253847923
optionC_date_aligned_n107_order_locked,EC,EC_uS_cm,0,S01,10,414914.8229219437,41491.48229219437
optionC_date_aligned_n107_order_locked,EC,EC_uS_cm,0,S02,11,-2341355.0136955194,-212850.45579050176
optionC_date_aligned_n107_order_locked,EC,EC_uS_cm,0,S03,11,-1009412.571327918,-91764.7792116289
optionC_date_aligned_n107_order_locked,EC,EC_uS_cm,0,S04,11,976460.6490770665,88769.14991609695
optionC_date_aligned_n107_order_locked,EC,EC_uS_cm,0,S05,11,695557.6936253527,63232.51760230479
optionC_date_aligned_n107_order_locked,EC,EC_uS_cm,0,S06,11,-11655.002947855217,-1059.5457225322925
optionC_date_aligned_n107_order_locked,EC,EC_uS_cm,0,S07,11,2581273.4930023,234661.22663657274
optionC_date_aligned_n107_order_locked,EC,EC_uS_cm,0,S08,11,2024775.6777375024,184070.51615795476
optionC_date_aligned_n107_order_locked,EC,EC_uS_cm,0,S09,10,649642.347221009,64964.2347221009
optionC_date_aligned_n107_order_locked,EC,EC_uS_cm,0,S10,10,144427.8891213206,14442.788912132059
optionC_date_aligned_n107_order_locked,EC,EC_uS_cm,1,S01,10,702230.3203645429,70223.03203645429
optionC_date_aligned_n107_order_locked,EC,EC_uS_cm,1,S02,11,-1301188.6405523047,-118289.87641384588
optionC_date_aligned_n107_order_locked,EC,EC_uS_cm,1,S03,11,-1414405.7526610126,-128582.34115100115
optionC_date_aligned_n107_order_locked,EC,EC_uS_cm,1,S04,11,-1044422.261621986,-94947.47832927146
optionC_date_aligned_n107_order_locked,EC,EC_uS_cm,1,S05,11,-1505473.57253279,-136861.2338666173
optionC_date_aligned_n107_order_locked,EC,EC_uS_cm,1,S06,11,-673801.507277333,-61254.68247975754
optionC_date_aligned_n107_order_locked,EC,EC_uS_cm,1,S07,11,778474.7325978127,70770.43023616479
optionC_date_aligned_n107_order_locked,EC,EC_uS_cm,1,S08,11,691110.6681921268,62828.24256292062
optionC_date_aligned_n107_order_locked,EC,EC_uS_cm,1,S09,10,256480.0317250457,25648.00317250457
optionC_date_aligned_n107_order_locked,EC,EC_uS_cm,1,S10,10,-158288.1636844866,-15828.816368448659
optionC_date_aligned_n107_order_locked,EC,EC_uS_cm,2,S01,10,229805.7896960055,22980.57896960055
optionC_date_aligned_n107_order_locked,EC,EC_uS_cm,2,S02,11,-530434.5034652711,-48221.318496842825
optionC_date_aligned_n107_order_locked,EC,EC_uS_cm,2,S03,11,-1729597.6013234388,-157236.14557485806
optionC_date_aligned_n107_order_locked,EC,EC_uS_cm,2,S04,11,16753.328654426412,1523.0298776751283
optionC_date_aligned_n107_order_locked,EC,EC_uS_cm,2,S05,11,-754943.4226609974,-68631.22024190886
optionC_date_aligned_n107_order_locked,EC,EC_uS_cm,2,S06,11,-1793902.4862495745,-163082.04420450676
optionC_date_aligned_n107_order_locked,EC,EC_uS_cm,2,S07,11,920154.4081389025,83650.40073990023
optionC_date_aligned_n107_order_locked,EC,EC_uS_cm,2,S08,11,1181445.6579571958,107404.15072338143
optionC_date_aligned_n107_order_locked,EC,EC_uS_cm,2,S09,10,-305498.00405755744,-30549.800405755745
optionC_date_aligned_n107_order_locked,EC,EC_uS_cm,2,S10,10,51396.51324737676,5139.651324737676
optionC_date_aligned_n107_order_locked,EC,EC_uS_cm,3,S01,10,-17069.095764087397,-1706.9095764087397
optionC_date_aligned_n107_order_locked,EC,EC_uS_cm,3,S02,11,-346351.35357003537,-31486.486688185032
optionC_date_aligned_n107_order_locked,EC,EC_uS_cm,3,S03,11,-846756.968467671,-76977.90622433372
optionC_date_aligned_n107_order_locked,EC,EC_uS_cm,3,S04,11,-1433.3986437214917,-130.3089676110447
optionC_date_aligned_n107_order_locked,EC,EC_uS_cm,3,S05,11,-301515.8020717542,-27410.527461068563
optionC_date_aligned_n107_order_locked,EC,EC_uS_cm,3,S06,11,-1125355.819479977,-102305.07449817973
optionC_date_aligned_n107_order_locked,EC,EC_uS_cm,3,S07,11,760119.2640979294,69101.75128162994
optionC_date_aligned_n107_order_locked,EC,EC_uS_cm,3,S08,11,591530.5292116974,53775.502655608856
optionC_date_aligned_n107_order_locked,EC,EC_uS_cm,3,S09,10,407157.7566991039,40715.77566991039
optionC_date_aligned_n107_order_locked,EC,EC_uS_cm,3,S10,10,136232.03463095115,13623.203463095115
optionC_date_aligned_n107_order_locked,EC,EC_uS_cm,4,S01,10,-8570.63268208332,-857.063268208332
optionC_date_aligned_n107_order_locked,EC,EC_uS_cm,4,S02,11,-369596.7952209211,-33599.70865644737
optionC_date_aligned_n107_order_locked,EC,EC_uS_cm,4,S03,11,-934440.4172214424,-84949.12883831294
optionC_date_aligned_n107_order_locked,EC,EC_uS_cm,4,S04,11,200079.37671976598,18189.034247251453
optionC_date_aligned_n107_order_locked,EC,EC_uS_cm,4,S05,11,-157814.16765942462,-14346.742514493148
optionC_date_aligned_n107_order_locked,EC,EC_uS_cm,4,S06,11,-1205996.0424427195,-109636.00385842905
optionC_date_aligned_n107_order_locked,EC,EC_uS_cm,4,S07,11,703347.7902663817,63940.7082060347
optionC_date_aligned_n107_order_locked,EC,EC_uS_cm,4,S08,11,718341.8885393749,65303.80804903409
optionC_date_aligned_n107_order_locked,EC,EC_uS_cm,4,S09,10,560764.0569065481,56076.40569065481
optionC_date_aligned_n107_order_locked,EC,EC_uS_cm,4,S10,10,-194646.1292942324,-19464.61292942324
optionC_date_aligned_n107_order_locked,EC,EC_uS_cm,5,S01,10,-453158.317395451,-45315.8317395451
optionC_date_aligned_n107_order_locked,EC,EC_uS_cm,5,S02,11,-93673.45689421316,-8515.768808564833
optionC_date_aligned_n107_order_locked,EC,EC_uS_cm,5,S03,11,-823227.6140619871,-74838.8740056352
optionC_date_aligned_n107_order_locked,EC,EC_uS_cm,5,S04,11,466414.2109707695,42401.291906433595
optionC_date_aligned_n107_order_locked,EC,EC_uS_cm,5,S05,11,-132361.36643057258,-12032.851493688417
optionC_date_aligned_n107_order_locked,EC,EC_uS_cm,5,S06,11,-1301091.9982177508,-118281.09074706826
optionC_date_aligned_n107_order_locked,EC,EC_uS_cm,5,S07,11,872563.1135346708,79323.9194122428
optionC_date_aligned_n107_order_locked,EC,EC_uS_cm,5,S08,11,579401.3787517254,52672.85261379322
optionC_date_aligned_n107_order_locked,EC,EC_uS_cm,5,S09,10,568196.6209381386,56819.66209381386
optionC_date_aligned_n107_order_locked,EC,EC_uS_cm,5,S10,10,-13784.009978287198,-1378.40099782872
optionC_date_aligned_n107_order_locked,EC,EC_uS_cm,6,S01,10,-252487.94899140554,-25248.794899140554
optionC_date_aligned_n107_order_locked,EC,EC_uS_cm,6,S02,11,-446532.77360490506,-40593.888509536824
optionC_date_aligned_n107_order_locked,EC,EC_uS_cm,6,S03,11,-1030160.04622462,-93650.91329314727
optionC_date_aligned_n107_order_locked,EC,EC_uS_cm,6,S04,11,805702.5944335862,73245.69040305329
optionC_date_aligned_n107_order_locked,EC,EC_uS_cm,6,S05,11,-634900.3673032798,-57718.215209389076
optionC_date_aligned_n107_order_locked,EC,EC_uS_cm,6,S06,11,-1059089.1018917374,-96280.8274447034
optionC_date_aligned_n107_order_locked,EC,EC_uS_cm,6,S07,11,1050733.5321540441,95521.2301958222
optionC_date_aligned_n107_order_locked,EC,EC_uS_cm,6,S08,11,857304.1778476222,77936.74344069292
optionC_date_aligned_n107_order_locked,EC,EC_uS_cm,6,S09,10,491606.49253503507,49160.64925350351
optionC_date_aligned_n107_order_locked,EC,EC_uS_cm,6,S10,10,-97483.95148522043,-9748.395148522042
optionC_date_aligned_n107_order_locked,EC,EC_uS_cm,7,S01,10,-363206.0960727993,-36320.60960727993
optionC_date_aligned_n107_order_locked,EC,EC_uS_cm,7,S02,11,-1270828.1153538649,-115529.82866853317
optionC_date_aligned_n107_order_locked,EC,EC_uS_cm,7,S03,11,-1889614.0597905712,-171783.09634459738
optionC_date_aligned_n107_order_locked,EC,EC_uS_cm,7,S04,11,737381.5178656824,67034.68344233476
optionC_date_aligned_n107_order_locked,EC,EC_uS_cm,7,S05,11,-372981.1881130509,-33907.380737550084
optionC_date_aligned_n107_order_locked,EC,EC_uS_cm,7,S06,11,-914305.4589283615,-83118.67808439651
optionC_date_aligned_n107_order_locked,EC,EC_uS_cm,7,S07,11,995045.2142080951,90458.65583709955
optionC_date_aligned_n107_order_locked,EC,EC_uS_cm,7,S08,11,650575.9663199921,59143.26966545382
optionC_date_aligned_n107_order_locked,EC,EC_uS_cm,7,S09,10,95762.06081993491,9576.20608199349
optionC_date_aligned_n107_order_locked,EC,EC_uS_cm,7,S10,10,-46992.16596590202,-4699.216596590202
optionC_date_aligned_n107_order_locked,EC,EC_uS_cm,8,S01,10,-382668.4447885963,-38266.84447885963
optionC_date_aligned_n107_order_locked,EC,EC_uS_cm,8,S02,11,-1034130.1324279888,-94011.83022072626
optionC_date_aligned_n107_order_locked,EC,EC_uS_cm,8,S03,11,-1792330.6071979324,-162939.14610890296
optionC_date_aligned_n107_order_locked,EC,EC_uS_cm,8,S04,11,769857.8373889155,69987.07612626505
optionC_date_aligned_n107_order_locked,EC,EC_uS_cm,8,S05,11,-390952.9645451868,-35541.17859501698
optionC_date_aligned_n107_order_locked,EC,EC_uS_cm,8,S06,11,-810127.2754638614,-73647.9341330783
optionC_date_aligned_n107_order_locked,EC,EC_uS_cm,8,S07,11,1070026.7508221245,97275.15916564768
optionC_date_aligned_n107_order_locked,EC,EC_uS_cm,8,S08,11,617965.7279451448,56178.702540467704
optionC_date_aligned_n107_order_locked,EC,EC_uS_cm,8,S09,10,373941.15456284286,37394.115456284286
optionC_date_aligned_n107_order_locked,EC,EC_uS_cm,8,S10,10,-145652.2872660586,-14565.228726605861
optionC_date_aligned_n107_order_locked,EC,EC_uS_cm,9,S01,10,-479166.6271658565,-47916.66271658565
optionC_date_aligned_n107_order_locked,EC,EC_uS_cm,9,S02,11,-1213320.3605560227,-110301.85095963842
optionC_date_aligned_n107_order_locked,EC,EC_uS_cm,9,S03,11,-1896242.051278649,-172385.64102533172
optionC_date_aligned_n107_order_locked,EC,EC_uS_cm,9,S04,11,714106.560849357,64918.77825903246
optionC_date_aligned_n107_order_locked,EC,EC_uS_cm,9,S05,11,-356038.72249824303,-32367.156590749368
optionC_date_aligned_n107_order_locked,EC,EC_uS_cm,9,S06,11,-741699.9470616564,-67427.26791469603
optionC_date_aligned_n107_order_locked,EC,EC_uS_cm,9,S07,11,1178808.0529208032,107164.36844734574
optionC_date_aligned_n107_order_locked,EC,EC_uS_cm,9,S08,11,648011.5584163619,58910.14167421472
optionC_date_aligned_n107_order_locked,EC,EC_uS_cm,9,S09,10,269201.6801256997,26920.16801256997
optionC_date_aligned_n107_order_locked,EC,EC_uS_cm,9,S10,10,-231757.90348487932,-23175.79034848793
optionC_date_aligned_n107_order_locked,EC,EC_uS_cm,10,S01,10,-444380.62546905404,-44438.06254690541
optionC_date_aligned_n107_order_locked,EC,EC_uS_cm,10,S02,11,-1314998.420387274,-119545.31094429763
optionC_date_aligned_n107_order_locked,EC,EC_uS_cm,10,S03,11,-1868473.548317356,-169861.23166521417
optionC_date_aligned_n107_order_locked,EC,EC_uS_cm,10,S04,11,750739.6764131765,68249.06149210695
optionC_date_aligned_n107_order_locked,EC,EC_uS_cm,10,S05,11,-291212.96214969456,-26473.905649972232
optionC_date_aligned_n107_order_locked,EC,EC_uS_cm,10,S06,11,-923306.7979321876,-83936.98163019888
optionC_date_aligned_n107_order_locked,EC,EC_uS_cm,10,S07,11,1199266.8564481265,109024.25967710241
optionC_date_aligned_n107_order_locked,EC,EC_uS_cm,10,S08,11,535724.6660836193,48702.24237123812
optionC_date_aligned_n107_order_locked,EC,EC_uS_cm,10,S09,10,202638.62682661042,20263.86268266104
optionC_date_aligned_n107_order_locked,EC,EC_uS_cm,10,S10,10,-346362.6234359111,-34636.26234359111
optionC_date_aligned_n107_order_locked,NH3-N,NH3N_mg_L,0,S01,10,-689.1430635877955,-68.91430635877956
optionC_date_aligned_n107_order_locked,NH3-N,NH3N_mg_L,0,S02,11,-1339.382695445017,-121.76206322227426
optionC_date_aligned_n107_order_locked,NH3-N,NH3N_mg_L,0,S03,11,-2921.8061853204044,-265.61874412003675
optionC_date_aligned_n107_order_locked,NH3-N,NH3N_mg_L,0,S04,11,106.30681234314379,9.664255667558526
optionC_date_aligned_n107_order_locked,NH3-N,NH3N_mg_L,0,S05,11,1230.758499726322,111.88713633875655
optionC_date_aligned_n107_order_locked,NH3-N,NH3N_mg_L,0,S06,11,1245.5161771406524,113.22874337642294
optionC_date_aligned_n107_order_locked,NH3-N,NH3N_mg_L,0,S07,11,325.5826128104349,29.598419346403173
optionC_date_aligned_n107_order_locked,NH3-N,NH3N_mg_L,0,S08,11,153.19488041168148,13.926807310152862
optionC_date_aligned_n107_order_locked,NH3-N,NH3N_mg_L,0,S09,10,314.6611868794928,31.46611868794928
optionC_date_aligned_n107_order_locked,NH3-N,NH3N_mg_L,0,S10,10,-278.33999956910355,-27.833999956910354
optionC_date_aligned_n107_order_locked,NH3-N,NH3N_mg_L,1,S01,10,1246.4123199863825,124.64123199863825
optionC_date_aligned_n107_order_locked,NH3-N,NH3N_mg_L,1,S02,11,368.1478514927431,33.46798649934028
optionC_date_aligned_n107_order_locked,NH3-N,NH3N_mg_L,1,S03,11,43.04293909172003,3.912994462883639
optionC_date_aligned_n107_order_locked,NH3-N,NH3N_mg_L,1,S04,11,-344.6490219962953,-31.33172927239048
optionC_date_aligned_n107_order_locked,NH3-N,NH3N_mg_L,1,S05,11,338.29725974453,30.754296340411816
optionC_date_aligned_n107_order_locked,NH3-N,NH3N_mg_L,1,S06,11,1088.0586818490483,98.91442562264075
optionC_date_aligned_n107_order_locked,NH3-N,NH3N_mg_L,1,S07,11,333.55359097834304,30.32305372530391
optionC_date_aligned_n107_order_locked,NH3-N,NH3N_mg_L,1,S08,11,-683.7858981704824,-62.16235437913476
optionC_date_aligned_n107_order_locked,NH3-N,NH3N_mg_L,1,S09,10,139.93489193606717,13.993489193606717
optionC_date_aligned_n107_order_locked,NH3-N,NH3N_mg_L,1,S10,10,-494.8164555681094,-49.48164555681094
optionC_date_aligned_n107_order_locked,NH3-N,NH3N_mg_L,2,S01,10,529.4399684977718,52.94399684977718
optionC_date_aligned_n107_order_locked,NH3-N,NH3N_mg_L,2,S02,11,429.36963940031706,39.033603581847004
optionC_date_aligned_n107_order_locked,NH3-N,NH3N_mg_L,2,S03,11,-419.5091781852082,-38.13719801683711
optionC_date_aligned_n107_order_locked,NH3-N,NH3N_mg_L,2,S04,11,180.05542897236893,16.36867536112445
optionC_date_aligned_n107_order_locked,NH3-N,NH3N_mg_L,2,S05,11,504.8373906503009,45.89430824093645
optionC_date_aligned_n107_order_locked,NH3-N,NH3N_mg_L,2,S06,11,179.41541929920976,16.310492663564524
optionC_date_aligned_n107_order_locked,NH3-N,NH3N_mg_L,2,S07,11,346.8692734238701,31.533570311260917
optionC_date_aligned_n107_order_locked,NH3-N,NH3N_mg_L,2,S08,11,-86.47542810095742,-7.861402554632492
optionC_date_aligned_n107_order_locked,NH3-N,NH3N_mg_L,2,S09,10,132.48716114876638,13.248716114876638
optionC_date_aligned_n107_order_locked,NH3-N,NH3N_mg_L,2,S10,10,-388.9821221178422,-38.89821221178422
optionC_date_aligned_n107_order_locked,NH3-N,NH3N_mg_L,3,S01,10,601.7302664248145,60.17302664248145
optionC_date_aligned_n107_order_locked,NH3-N,NH3N_mg_L,3,S02,11,594.0520871888884,54.004735198989856
optionC_date_aligned_n107_order_locked,NH3-N,NH3N_mg_L,3,S03,11,170.41152885647537,15.491957168770488
optionC_date_aligned_n107_order_locked,NH3-N,NH3N_mg_L,3,S04,11,434.3819939777074,39.489272179791584
optionC_date_aligned_n107_order_locked,NH3-N,NH3N_mg_L,3,S05,11,551.0225900258991,50.092962729627196
optionC_date_aligned_n107_order_locked,NH3-N,NH3N_mg_L,3,S06,11,189.69590101760988,17.24508191069181
optionC_date_aligned_n107_order_locked,NH3-N,NH3N_mg_L,3,S07,11,357.5060313744903,32.50054830677185
optionC_date_aligned_n107_order_locked,NH3-N,NH3N_mg_L,3,S08,11,-9.769207805745662,-0.8881098005223329
optionC_date_aligned_n107_order_locked,NH3-N,NH3N_mg_L,3,S09,10,105.67955068630268,10.567955068630267
optionC_date_aligned_n107_order_locked,NH3-N,NH3N_mg_L,3,S10,10,-92.64373836912378,-9.264373836912378
optionC_date_aligned_n107_order_locked,NH3-N,NH3N_mg_L,4,S01,10,641.6890194404776,64.16890194404776
optionC_date_aligned_n107_order_locked,NH3-N,NH3N_mg_L,4,S02,11,959.4721857127175,87.2247441557016
optionC_date_aligned_n107_order_locked,NH3-N,NH3N_mg_L,4,S03,11,-281.37349975616667,-25.579409068742425
optionC_date_aligned_n107_order_locked,NH3-N,NH3N_mg_L,4,S04,11,430.1421020053279,39.10382745502981
optionC_date_aligned_n107_order_locked,NH3-N,NH3N_mg_L,4,S05,11,828.5598941197072,75.3236267381552
optionC_date_aligned_n107_order_locked,NH3-N,NH3N_mg_L,4,S06,11,-104.23610823048998,-9.476009839135452
optionC_date_aligned_n107_order_locked,NH3-N,NH3N_mg_L,4,S07,11,169.8761366663349,15.443285151484991
optionC_date_aligned_n107_order_locked,NH3-N,NH3N_mg_L,4,S08,11,-98.63606334873128,-8.966914849884661
optionC_date_aligned_n107_order_locked,NH3-N,NH3N_mg_L,4,S09,10,117.82874222499593,11.782874222499593
optionC_date_aligned_n107_order_locked,NH3-N,NH3N_mg_L,4,S10,10,-128.23358966420813,-12.823358966420813
optionC_date_aligned_n107_order_locked,NH3-N,NH3N_mg_L,5,S01,10,380.56239246369876,38.05623924636988
optionC_date_aligned_n107_order_locked,NH3-N,NH3N_mg_L,5,S02,11,808.8606877096472,73.53278979178612
optionC_date_aligned_n107_order_locked,NH3-N,NH3N_mg_L,5,S03,11,-305.65458843638385,-27.786780766943988
optionC_date_aligned_n107_order_locked,NH3-N,NH3N_mg_L,5,S04,11,185.7340300853242,16.884911825938563
optionC_date_aligned_n107_order_locked,NH3-N,NH3N_mg_L,5,S05,11,773.3598910333825,70.3054446393984
optionC_date_aligned_n107_order_locked,NH3-N,NH3N_mg_L,5,S06,11,-47.91398802644947,-4.355817093313589
optionC_date_aligned_n107_order_locked,NH3-N,NH3N_mg_L,5,S07,11,83.0683279937841,7.5516661812531
optionC_date_aligned_n107_order_locked,NH3-N,NH3N_mg_L,5,S08,11,-264.486795608534,-24.044254146230365
optionC_date_aligned_n107_order_locked,NH3-N,NH3N_mg_L,5,S09,10,-8.0317702137676,-0.8031770213767601
optionC_date_aligned_n107_order_locked,NH3-N,NH3N_mg_L,5,S10,10,-111.88654424548521,-11.18865442454852
optionC_date_aligned_n107_order_locked,NH3-N,NH3N_mg_L,6,S01,10,525.5234473742762,52.55234473742762
optionC_date_aligned_n107_order_locked,NH3-N,NH3N_mg_L,6,S02,11,707.5534696346447,64.3230426940586
optionC_date_aligned_n107_order_locked,NH3-N,NH3N_mg_L,6,S03,11,-520.8080768047041,-47.34618880042765
optionC_date_aligned_n107_order_locked,NH3-N,NH3N_mg_L,6,S04,11,149.20967614486972,13.564516013169975
optionC_date_aligned_n107_order_locked,NH3-N,NH3N_mg_L,6,S05,11,491.79040691611414,44.70821881055583
optionC_date_aligned_n107_order_locked,NH3-N,NH3N_mg_L,6,S06,11,-41.96247196250607,-3.814770178409643
optionC_date_aligned_n107_order_locked,NH3-N,NH3N_mg_L,6,S07,11,94.97073713004818,8.633703375458925
optionC_date_aligned_n107_order_locked,NH3-N,NH3N_mg_L,6,S08,11,-131.10172704634232,-11.918338822394757
optionC_date_aligned_n107_order_locked,NH3-N,NH3N_mg_L,6,S09,10,76.08065374644119,7.608065374644118
optionC_date_aligned_n107_order_locked,NH3-N,NH3N_mg_L,6,S10,10,-150.01111629404545,-15.001111629404544
optionC_date_aligned_n107_order_locked,NH3-N,NH3N_mg_L,7,S01,10,352.81090238687227,35.28109023868723
optionC_date_aligned_n107_order_locked,NH3-N,NH3N_mg_L,7,S02,11,-25.948213311679467,-2.3589284828799517
optionC_date_aligned_n107_order_locked,NH3-N,NH3N_mg_L,7,S03,11,-658.1959252513697,-59.83599320466997
optionC_date_aligned_n107_order_locked,NH3-N,NH3N_mg_L,7,S04,11,177.51130578908672,16.13739143537152
optionC_date_aligned_n107_order_locked,NH3-N,NH3N_mg_L,7,S05,11,238.52960307803897,21.684509370730815
optionC_date_aligned_n107_order_locked,NH3-N,NH3N_mg_L,7,S06,11,-147.43220046984754,-13.402927315440685
optionC_date_aligned_n107_order_locked,NH3-N,NH3N_mg_L,7,S07,11,-281.71800680180854,-25.610727891073505
optionC_date_aligned_n107_order_locked,NH3-N,NH3N_mg_L,7,S08,11,-211.7457899181462,-19.249617265286016
optionC_date_aligned_n107_order_locked,NH3-N,NH3N_mg_L,7,S09,10,-336.18297273331007,-33.61829727333101
optionC_date_aligned_n107_order_locked,NH3-N,NH3N_mg_L,7,S10,10,-32.489614990077854,-3.2489614990077853
optionC_date_aligned_n107_order_locked,NH3-N,NH3N_mg_L,8,S01,10,457.1668630165621,45.71668630165621
optionC_date_aligned_n107_order_locked,NH3-N,NH3N_mg_L,8,S02,11,-177.59160572617756,-16.144691429652507
optionC_date_aligned_n107_order_locked,NH3-N,NH3N_mg_L,8,S03,11,-372.1104764131322,-33.82822512846656
optionC_date_aligned_n107_order_locked,NH3-N,NH3N_mg_L,8,S04,11,464.4885615883593,42.226232871669026
optionC_date_aligned_n107_order_locked,NH3-N,NH3N_mg_L,8,S05,11,291.51159461463106,26.501054055875553
optionC_date_aligned_n107_order_locked,NH3-N,NH3N_mg_L,8,S06,11,-140.51997311390346,-12.77454301035486
optionC_date_aligned_n107_order_locked,NH3-N,NH3N_mg_L,8,S07,11,-197.5735857557998,-17.961235068709072
optionC_date_aligned_n107_order_locked,NH3-N,NH3N_mg_L,8,S08,11,50.34071768430616,4.576428880391469
optionC_date_aligned_n107_order_locked,NH3-N,NH3N_mg_L,8,S09,10,-700.1766470148366,-70.01766470148365
optionC_date_aligned_n107_order_locked,NH3-N,NH3N_mg_L,8,S10,10,-23.845432028294866,-2.3845432028294864
optionC_date_aligned_n107_order_locked,NH3-N,NH3N_mg_L,9,S01,10,473.81149358161827,47.38114935816183
optionC_date_aligned_n107_order_locked,NH3-N,NH3N_mg_L,9,S02,11,-200.81015913630767,-18.255469012391607
optionC_date_aligned_n107_order_locked,NH3-N,NH3N_mg_L,9,S03,11,-420.31904061190073,-38.21082187380916
optionC_date_aligned_n107_order_locked,NH3-N,NH3N_mg_L,9,S04,11,431.06400025191795,39.187636386537996
optionC_date_aligned_n107_order_locked,NH3-N,NH3N_mg_L,9,S05,11,295.560997775642,26.869181615967456
optionC_date_aligned_n107_order_locked,NH3-N,NH3N_mg_L,9,S06,11,-146.46819257456977,-13.315290234051798
optionC_date_aligned_n107_order_locked,NH3-N,NH3N_mg_L,9,S07,11,-81.9808576595835,-7.452805241780319
optionC_date_aligned_n107_order_locked,NH3-N,NH3N_mg_L,9,S08,11,104.64134406999969,9.512849460909063
optionC_date_aligned_n107_order_locked,NH3-N,NH3N_mg_L,9,S09,10,-860.8726878824162,-86.08726878824163
optionC_date_aligned_n107_order_locked,NH3-N,NH3N_mg_L,9,S10,10,-97.19040964873072,-9.719040964873072
optionC_date_aligned_n107_order_locked,NH3-N,NH3N_mg_L,10,S01,10,571.8628464892226,57.18628464892227
optionC_date_aligned_n107_order_locked,NH3-N,NH3N_mg_L,10,S02,11,-232.1435303504603,-21.1039573045873
optionC_date_aligned_n107_order_locked,NH3-N,NH3N_mg_L,10,S03,11,-399.7047409241013,-36.33679462946375
optionC_date_aligned_n107_order_locked,NH3-N,NH3N_mg_L,10,S04,11,292.2765231992058,26.57059301810962
optionC_date_aligned_n107_order_locked,NH3-N,NH3N_mg_L,10,S05,11,447.71326025496387,40.70120547772399
optionC_date_aligned_n107_order_locked,NH3-N,NH3N_mg_L,10,S06,11,37.45357446778321,3.4048704061621105
optionC_date_aligned_n107_order_locked,NH3-N,NH3N_mg_L,10,S07,11,-38.16138937668517,-3.4692172160622885
optionC_date_aligned_n107_order_locked,NH3-N,NH3N_mg_L,10,S08,11,73.60234519131379,6.691122290119435
optionC_date_aligned_n107_order_locked,NH3-N,NH3N_mg_L,10,S09,10,-891.8659818010076,-89.18659818010076
optionC_date_aligned_n107_order_locked,NH3-N,NH3N_mg_L,10,S10,10,-170.9127282295347,-17.09127282295347
optionC_date_aligned_n107_order_locked,NO3-N,NO3N_mg_L,0,S01,10,-45554.091506306235,-4555.409150630623
optionC_date_aligned_n107_order_locked,NO3-N,NO3N_mg_L,0,S02,11,-24187.348879273304,-2198.849898115755
optionC_date_aligned_n107_order_locked,NO3-N,NO3N_mg_L,0,S03,11,-9836.76263939791,-894.2511490361736
optionC_date_aligned_n107_order_locked,NO3-N,NO3N_mg_L,0,S04,11,-17517.656971952427,-1592.5142701774932
optionC_date_aligned_n107_order_locked,NO3-N,NO3N_mg_L,0,S05,11,-2909.855144849622,-264.53228589542016
optionC_date_aligned_n107_order_locked,NO3-N,NO3N_mg_L,0,S06,11,-11028.233986126883,-1002.5667260115348
optionC_date_aligned_n107_order_locked,NO3-N,NO3N_mg_L,0,S07,11,2883.2526897298194,262.113880884529
optionC_date_aligned_n107_order_locked,NO3-N,NO3N_mg_L,0,S08,11,3945.778650165947,358.7071500150861
optionC_date_aligned_n107_order_locked,NO3-N,NO3N_mg_L,0,S09,10,-21097.191897895016,-2109.719189789502
optionC_date_aligned_n107_order_locked,NO3-N,NO3N_mg_L,0,S10,10,-17843.959706617756,-1784.3959706617757
optionC_date_aligned_n107_order_locked,NO3-N,NO3N_mg_L,1,S01,10,-15816.810071457205,-1581.6810071457205
optionC_date_aligned_n107_order_locked,NO3-N,NO3N_mg_L,1,S02,11,-9219.789963220981,-838.1627239291801
optionC_date_aligned_n107_order_locked,NO3-N,NO3N_mg_L,1,S03,11,3230.1182948863734,293.64711771694306
optionC_date_aligned_n107_order_locked,NO3-N,NO3N_mg_L,1,S04,11,-9425.682259143174,-856.8802053766522
optionC_date_aligned_n107_order_locked,NO3-N,NO3N_mg_L,1,S05,11,-12845.27987329021,-1167.7527157536554
optionC_date_aligned_n107_order_locked,NO3-N,NO3N_mg_L,1,S06,11,-5154.097005667083,-468.5542732424621
optionC_date_aligned_n107_order_locked,NO3-N,NO3N_mg_L,1,S07,11,6885.953384216192,625.995762201472
optionC_date_aligned_n107_order_locked,NO3-N,NO3N_mg_L,1,S08,11,473.0275600094858,43.0025054554078
optionC_date_aligned_n107_order_locked,NO3-N,NO3N_mg_L,1,S09,10,-2245.5574885845053,-224.55574885845053
optionC_date_aligned_n107_order_locked,NO3-N,NO3N_mg_L,1,S10,10,-5168.795622410791,-516.8795622410792
optionC_date_aligned_n107_order_locked,NO3-N,NO3N_mg_L,2,S01,10,-23469.177384370658,-2346.917738437066
optionC_date_aligned_n107_order_locked,NO3-N,NO3N_mg_L,2,S02,11,-453.5744372369945,-41.234039748817686
optionC_date_aligned_n107_order_locked,NO3-N,NO3N_mg_L,2,S03,11,-4931.327935256515,-448.3025395687741
optionC_date_aligned_n107_order_locked,NO3-N,NO3N_mg_L,2,S04,11,-2056.521373510561,-186.95648850096006
optionC_date_aligned_n107_order_locked,NO3-N,NO3N_mg_L,2,S05,11,-3655.127030849678,-332.28427553178886
optionC_date_aligned_n107_order_locked,NO3-N,NO3N_mg_L,2,S06,11,-10038.350946463723,-912.5773587694293
optionC_date_aligned_n107_order_locked,NO3-N,NO3N_mg_L,2,S07,11,8070.939296000119,733.7217541818289
optionC_date_aligned_n107_order_locked,NO3-N,NO3N_mg_L,2,S08,11,-1217.4532979875053,-110.67757254431866
optionC_date_aligned_n107_order_locked,NO3-N,NO3N_mg_L,2,S09,10,-5993.014861164166,-599.3014861164166
optionC_date_aligned_n107_order_locked,NO3-N,NO3N_mg_L,2,S10,10,-4940.880899212137,-494.0880899212137
optionC_date_aligned_n107_order_locked,NO3-N,NO3N_mg_L,3,S01,10,-23389.52845692115,-2338.9528456921153
optionC_date_aligned_n107_order_locked,NO3-N,NO3N_mg_L,3,S02,11,2099.960837447402,190.90553067703652
optionC_date_aligned_n107_order_locked,NO3-N,NO3N_mg_L,3,S03,11,-2355.1754131082726,-214.1068557371157
optionC_date_aligned_n107_order_locked,NO3-N,NO3N_mg_L,3,S04,11,-3013.344088885364,-273.94037171685125
optionC_date_aligned_n107_order_locked,NO3-N,NO3N_mg_L,3,S05,11,1420.8050335223102,129.16409395657365
optionC_date_aligned_n107_order_locked,NO3-N,NO3N_mg_L,3,S06,11,-2733.743776830491,-248.52216153004463
optionC_date_aligned_n107_order_locked,NO3-N,NO3N_mg_L,3,S07,11,3971.4936189801488,361.04487445274077
optionC_date_aligned_n107_order_locked,NO3-N,NO3N_mg_L,3,S08,11,-2177.6244216890873,-197.96585651718976
optionC_date_aligned_n107_order_locked,NO3-N,NO3N_mg_L,3,S09,10,313.7632855253287,31.37632855253287
optionC_date_aligned_n107_order_locked,NO3-N,NO3N_mg_L,3,S10,10,-2155.9011121094118,-215.5901112109412
optionC_date_aligned_n107_order_locked,NO3-N,NO3N_mg_L,4,S01,10,-21161.28408340209,-2116.128408340209
optionC_date_aligned_n107_order_locked,NO3-N,NO3N_mg_L,4,S02,11,3254.442535820495,295.8584123473177
optionC_date_aligned_n107_order_locked,NO3-N,NO3N_mg_L,4,S03,11,-8054.199112182205,-732.1999192892913
optionC_date_aligned_n107_order_locked,NO3-N,NO3N_mg_L,4,S04,11,-4351.1074989080935,-395.55522717346304
optionC_date_aligned_n107_order_locked,NO3-N,NO3N_mg_L,4,S05,11,3645.2564063958343,331.3869460359849
optionC_date_aligned_n107_order_locked,NO3-N,NO3N_mg_L,4,S06,11,-4645.609080126011,-422.3280981932737
optionC_date_aligned_n107_order_locked,NO3-N,NO3N_mg_L,4,S07,11,5549.454616813639,504.4958742557854
optionC_date_aligned_n107_order_locked,NO3-N,NO3N_mg_L,4,S08,11,-687.4744712393581,-62.49767920357801
optionC_date_aligned_n107_order_locked,NO3-N,NO3N_mg_L,4,S09,10,-673.1541390713307,-67.31541390713308
optionC_date_aligned_n107_order_locked,NO3-N,NO3N_mg_L,4,S10,10,-2336.3710741285176,-233.63710741285178
optionC_date_aligned_n107_order_locked,NO3-N,NO3N_mg_L,5,S01,10,-26785.005068313178,-2678.5005068313176
optionC_date_aligned_n107_order_locked,NO3-N,NO3N_mg_L,5,S02,11,6296.971639226959,572.4519672024509
optionC_date_aligned_n107_order_locked,NO3-N,NO3N_mg_L,5,S03,11,-5476.264984786938,-497.8422713442671
optionC_date_aligned_n107_order_locked,NO3-N,NO3N_mg_L,5,S04,11,-1138.3971594103705,-103.49065085548823
optionC_date_aligned_n107_order_locked,NO3-N,NO3N_mg_L,5,S05,11,4496.815037329034,408.80136702991217
optionC_date_aligned_n107_order_locked,NO3-N,NO3N_mg_L,5,S06,11,-4971.330015289278,-451.9390922990253
optionC_date_aligned_n107_order_locked,NO3-N,NO3N_mg_L,5,S07,11,6451.159082941174,586.4690075401068
optionC_date_aligned_n107_order_locked,NO3-N,NO3N_mg_L,5,S08,11,-1617.664018567412,-147.0603653243102
optionC_date_aligned_n107_order_locked,NO3-N,NO3N_mg_L,5,S09,10,75.5224458130383,7.55224458130383
optionC_date_aligned_n107_order_locked,NO3-N,NO3N_mg_L,5,S10,10,-2541.1223207391504,-254.11223207391504
optionC_date_aligned_n107_order_locked,NO3-N,NO3N_mg_L,6,S01,10,-18042.52164921145,-1804.2521649211449
optionC_date_aligned_n107_order_locked,NO3-N,NO3N_mg_L,6,S02,11,5024.878565536268,456.8071423214789
optionC_date_aligned_n107_order_locked,NO3-N,NO3N_mg_L,6,S03,11,-6729.182768014378,-611.743888001307
optionC_date_aligned_n107_order_locked,NO3-N,NO3N_mg_L,6,S04,11,2956.5553347299247,268.7777577027204
optionC_date_aligned_n107_order_locked,NO3-N,NO3N_mg_L,6,S05,11,6239.359475060161,567.2144977327418
optionC_date_aligned_n107_order_locked,NO3-N,NO3N_mg_L,6,S06,11,-3224.4462032759925,-293.1314730250902
optionC_date_aligned_n107_order_locked,NO3-N,NO3N_mg_L,6,S07,11,5609.170235764609,509.92456688769175
optionC_date_aligned_n107_order_locked,NO3-N,NO3N_mg_L,6,S08,11,1007.4355059375964,91.58504599432695
optionC_date_aligned_n107_order_locked,NO3-N,NO3N_mg_L,6,S09,10,-1219.5755829015911,-121.95755829015911
optionC_date_aligned_n107_order_locked,NO3-N,NO3N_mg_L,6,S10,10,-2204.0771767070987,-220.40771767070987
optionC_date_aligned_n107_order_locked,NO3-N,NO3N_mg_L,7,S01,10,-25140.393599961393,-2514.0393599961394
optionC_date_aligned_n107_order_locked,NO3-N,NO3N_mg_L,7,S02,11,-6087.6183551440945,-553.419850467645
optionC_date_aligned_n107_order_locked,NO3-N,NO3N_mg_L,7,S03,11,-6246.690024803064,-567.8809113457331
optionC_date_aligned_n107_order_locked,NO3-N,NO3N_mg_L,7,S04,11,-788.6976156126152,-71.69978323751047
optionC_date_aligned_n107_order_locked,NO3-N,NO3N_mg_L,7,S05,11,2341.260619530872,212.84187450280658
optionC_date_aligned_n107_order_locked,NO3-N,NO3N_mg_L,7,S06,11,-3537.336190040454,-321.5760172764049
optionC_date_aligned_n107_order_locked,NO3-N,NO3N_mg_L,7,S07,11,5084.810021109365,462.25545646448774
optionC_date_aligned_n107_order_locked,NO3-N,NO3N_mg_L,7,S08,11,1214.593660304015,110.41760548218318
optionC_date_aligned_n107_order_locked,NO3-N,NO3N_mg_L,7,S09,10,-6124.089501258759,-612.4089501258759
optionC_date_aligned_n107_order_locked,NO3-N,NO3N_mg_L,7,S10,10,-15.097243611173212,-1.5097243611173212
optionC_date_aligned_n107_order_locked,NO3-N,NO3N_mg_L,8,S01,10,-27578.64465197778,-2757.864465197778
optionC_date_aligned_n107_order_locked,NO3-N,NO3N_mg_L,8,S02,11,-5745.4103038026005,-522.3100276184182
optionC_date_aligned_n107_order_locked,NO3-N,NO3N_mg_L,8,S03,11,-4287.51798298755,-389.77436208977724
optionC_date_aligned_n107_order_locked,NO3-N,NO3N_mg_L,8,S04,11,-3946.6235030472976,-358.7839548224816
optionC_date_aligned_n107_order_locked,NO3-N,NO3N_mg_L,8,S05,11,3531.4112390571686,321.0373853688335
optionC_date_aligned_n107_order_locked,NO3-N,NO3N_mg_L,8,S06,11,-2721.010795705132,-247.36461779137562
optionC_date_aligned_n107_order_locked,NO3-N,NO3N_mg_L,8,S07,11,4667.987524258002,424.3625022052729
optionC_date_aligned_n107_order_locked,NO3-N,NO3N_mg_L,8,S08,11,215.80431906386661,19.61857446035151
optionC_date_aligned_n107_order_locked,NO3-N,NO3N_mg_L,8,S09,10,-4910.496031971526,-491.0496031971526
optionC_date_aligned_n107_order_locked,NO3-N,NO3N_mg_L,8,S10,10,-1658.299304395176,-165.8299304395176
optionC_date_aligned_n107_order_locked,NO3-N,NO3N_mg_L,9,S01,10,-22678.50260601686,-2267.850260601686
optionC_date_aligned_n107_order_locked,NO3-N,NO3N_mg_L,9,S02,11,-5562.624558817334,-505.69314171066674
optionC_date_aligned_n107_order_locked,NO3-N,NO3N_mg_L,9,S03,11,-12440.389348379453,-1130.9444862163139
optionC_date_aligned_n107_order_locked,NO3-N,NO3N_mg_L,9,S04,11,-3847.2032880992547,-349.74575346356863
optionC_date_aligned_n107_order_locked,NO3-N,NO3N_mg_L,9,S05,11,804.316506180905,73.11968238008227
optionC_date_aligned_n107_order_locked,NO3-N,NO3N_mg_L,9,S06,11,1857.7151719879305,168.88319745344822
optionC_date_aligned_n107_order_locked,NO3-N,NO3N_mg_L,9,S07,11,4472.910685573386,406.6282441430351
optionC_date_aligned_n107_order_locked,NO3-N,NO3N_mg_L,9,S08,11,-0.7643068350176918,-0.06948243954706289
optionC_date_aligned_n107_order_locked,NO3-N,NO3N_mg_L,9,S09,10,-6069.340708291044,-606.9340708291045
optionC_date_aligned_n107_order_locked,NO3-N,NO3N_mg_L,9,S10,10,-5774.577472201597,-577.4577472201597
optionC_date_aligned_n107_order_locked,NO3-N,NO3N_mg_L,10,S01,10,-21555.978570380506,-2155.5978570380507
optionC_date_aligned_n107_order_locked,NO3-N,NO3N_mg_L,10,S02,11,-5446.814996389206,-495.164999671746
optionC_date_aligned_n107_order_locked,NO3-N,NO3N_mg_L,10,S03,11,-11410.529979763358,-1037.3209072512143
optionC_date_aligned_n107_order_locked,NO3-N,NO3N_mg_L,10,S04,11,-4254.616686254134,-386.7833351140122
optionC_date_aligned_n107_order_locked,NO3-N,NO3N_mg_L,10,S05,11,919.2706011151859,83.57005464683508
optionC_date_aligned_n107_order_locked,NO3-N,NO3N_mg_L,10,S06,11,1366.3390893688515,124.21264448807742
optionC_date_aligned_n107_order_locked,NO3-N,NO3N_mg_L,10,S07,11,5221.0653264150405,474.6423024013673
optionC_date_aligned_n107_order_locked,NO3-N,NO3N_mg_L,10,S08,11,-599.015955813902,-54.455995983082
optionC_date_aligned_n107_order_locked,NO3-N,NO3N_mg_L,10,S09,10,-4896.739438804968,-489.6739438804968
optionC_date_aligned_n107_order_locked,NO3-N,NO3N_mg_L,10,S10,10,-7044.374936127018,-704.4374936127018
optionC_date_aligned_n107_order_locked,TOC,TOC_mg_L,0,S01,10,23199.552582321605,2319.9552582321603
optionC_date_aligned_n107_order_locked,TOC,TOC_mg_L,0,S02,11,-5620.895238885501,-510.9904762623183
optionC_date_aligned_n107_order_locked,TOC,TOC_mg_L,0,S03,11,-16175.297575334085,-1470.481597757644
optionC_date_aligned_n107_order_locked,TOC,TOC_mg_L,0,S04,11,4482.098219058434,407.4634744598576
optionC_date_aligned_n107_order_locked,TOC,TOC_mg_L,0,S05,11,2534.592829650341,230.41752996821285
optionC_date_aligned_n107_order_locked,TOC,TOC_mg_L,0,S06,11,-14370.71865010044,-1306.428968190949
optionC_date_aligned_n107_order_locked,TOC,TOC_mg_L,0,S07,11,-6326.331858823184,-575.1210780748349
optionC_date_aligned_n107_order_locked,TOC,TOC_mg_L,0,S08,11,-23646.896687483622,-2149.7178806803295
optionC_date_aligned_n107_order_locked,TOC,TOC_mg_L,0,S09,10,14390.103563630008,1439.0103563630007
optionC_date_aligned_n107_order_locked,TOC,TOC_mg_L,0,S10,10,42325.42968512534,4232.542968512534
optionC_date_aligned_n107_order_locked,TOC,TOC_mg_L,1,S01,10,16829.145610130094,1682.9145610130095
optionC_date_aligned_n107_order_locked,TOC,TOC_mg_L,1,S02,11,3413.584455258235,310.3258595689304
optionC_date_aligned_n107_order_locked,TOC,TOC_mg_L,1,S03,11,-39019.39763313607,-3547.2179666487336
optionC_date_aligned_n107_order_locked,TOC,TOC_mg_L,1,S04,11,-8412.74988486518,-764.7954440786526
optionC_date_aligned_n107_order_locked,TOC,TOC_mg_L,1,S05,11,2815.4133850619437,255.94667136926762
optionC_date_aligned_n107_order_locked,TOC,TOC_mg_L,1,S06,11,-20140.9683623979,-1830.9971238543546
optionC_date_aligned_n107_order_locked,TOC,TOC_mg_L,1,S07,11,-6511.066317573235,-591.915119779385
optionC_date_aligned_n107_order_locked,TOC,TOC_mg_L,1,S08,11,-28759.098011259728,-2614.4634555690664
optionC_date_aligned_n107_order_locked,TOC,TOC_mg_L,1,S09,10,3609.0094315873844,360.9009431587384
optionC_date_aligned_n107_order_locked,TOC,TOC_mg_L,1,S10,10,19745.988525218632,1974.5988525218631
optionC_date_aligned_n107_order_locked,TOC,TOC_mg_L,2,S01,10,27688.8739762965,2768.88739762965
optionC_date_aligned_n107_order_locked,TOC,TOC_mg_L,2,S02,11,-16082.564843906259,-1462.0513494460236
optionC_date_aligned_n107_order_locked,TOC,TOC_mg_L,2,S03,11,-33836.20246393014,-3076.0184058118307
optionC_date_aligned_n107_order_locked,TOC,TOC_mg_L,2,S04,11,-16186.28378606423,-1471.4803441876572
optionC_date_aligned_n107_order_locked,TOC,TOC_mg_L,2,S05,11,10944.835787528013,994.9850715934557
optionC_date_aligned_n107_order_locked,TOC,TOC_mg_L,2,S06,11,5275.829900362719,479.6209000329745
optionC_date_aligned_n107_order_locked,TOC,TOC_mg_L,2,S07,11,-7384.544822198587,-671.322256563508
optionC_date_aligned_n107_order_locked,TOC,TOC_mg_L,2,S08,11,-31590.413646378067,-2871.85578603437
optionC_date_aligned_n107_order_locked,TOC,TOC_mg_L,2,S09,10,9819.343854344748,981.9343854344748
optionC_date_aligned_n107_order_locked,TOC,TOC_mg_L,2,S10,10,23188.38445225071,2318.838445225071
optionC_date_aligned_n107_order_locked,TOC,TOC_mg_L,3,S01,10,33780.76913740096,3378.0769137400957
optionC_date_aligned_n107_order_locked,TOC,TOC_mg_L,3,S02,11,-7928.891705893822,-720.8083368994384
optionC_date_aligned_n107_order_locked,TOC,TOC_mg_L,3,S03,11,-27503.46403431342,-2500.314912210311
optionC_date_aligned_n107_order_locked,TOC,TOC_mg_L,3,S04,11,-9121.06904347889,-829.1880948617173
optionC_date_aligned_n107_order_locked,TOC,TOC_mg_L,3,S05,11,2212.730468745196,201.15731534047237
optionC_date_aligned_n107_order_locked,TOC,TOC_mg_L,3,S06,11,4408.119823794952,400.7381657995411
optionC_date_aligned_n107_order_locked,TOC,TOC_mg_L,3,S07,11,-2583.6751578412004,-234.87955980374548
optionC_date_aligned_n107_order_locked,TOC,TOC_mg_L,3,S08,11,-30286.15758029389,-2753.28705275399
optionC_date_aligned_n107_order_locked,TOC,TOC_mg_L,3,S09,10,3968.9776192283216,396.89776192283216
optionC_date_aligned_n107_order_locked,TOC,TOC_mg_L,3,S10,10,13498.946634346668,1349.8946634346669
optionC_date_aligned_n107_order_locked,TOC,TOC_mg_L,4,S01,10,23895.179021524866,2389.5179021524864
optionC_date_aligned_n107_order_locked,TOC,TOC_mg_L,4,S02,11,-15360.442991464295,-1396.403908314936
optionC_date_aligned_n107_order_locked,TOC,TOC_mg_L,4,S03,11,-33667.499790881906,-3060.6817991710823
optionC_date_aligned_n107_order_locked,TOC,TOC_mg_L,4,S04,11,-6188.899204709665,-562.6272004281514
optionC_date_aligned_n107_order_locked,TOC,TOC_mg_L,4,S05,11,-1591.9028012674503,-144.7184364788591
optionC_date_aligned_n107_order_locked,TOC,TOC_mg_L,4,S06,11,2542.40147259287,231.12740659935181
optionC_date_aligned_n107_order_locked,TOC,TOC_mg_L,4,S07,11,-1197.4316722775957,-108.85742475250869
optionC_date_aligned_n107_order_locked,TOC,TOC_mg_L,4,S08,11,-26011.091678283537,-2364.644698025776
optionC_date_aligned_n107_order_locked,TOC,TOC_mg_L,4,S09,10,2108.9090388380464,210.89090388380464
optionC_date_aligned_n107_order_locked,TOC,TOC_mg_L,4,S10,10,11910.577280730004,1191.0577280730004
optionC_date_aligned_n107_order_locked,TOC,TOC_mg_L,5,S01,10,20937.162110140933,2093.7162110140935
optionC_date_aligned_n107_order_locked,TOC,TOC_mg_L,5,S02,11,-12726.792395346672,-1156.9811268496976
optionC_date_aligned_n107_order_locked,TOC,TOC_mg_L,5,S03,11,-33850.8440624457,-3077.3494602223363
optionC_date_aligned_n107_order_locked,TOC,TOC_mg_L,5,S04,11,-6094.238690100608,-554.0216991000553
optionC_date_aligned_n107_order_locked,TOC,TOC_mg_L,5,S05,11,-1332.5502900091717,-121.14093545537925
optionC_date_aligned_n107_order_locked,TOC,TOC_mg_L,5,S06,11,2077.769767556595,188.88816068696318
optionC_date_aligned_n107_order_locked,TOC,TOC_mg_L,5,S07,11,541.9002750706471,49.26366137005883
optionC_date_aligned_n107_order_locked,TOC,TOC_mg_L,5,S08,11,-27285.434614420425,-2480.494055856402
optionC_date_aligned_n107_order_locked,TOC,TOC_mg_L,5,S09,10,4254.201631832932,425.42016318329325
optionC_date_aligned_n107_order_locked,TOC,TOC_mg_L,5,S10,10,15637.977948730198,1563.79779487302
optionC_date_aligned_n107_order_locked,TOC,TOC_mg_L,6,S01,10,19008.100371933688,1900.8100371933688
optionC_date_aligned_n107_order_locked,TOC,TOC_mg_L,6,S02,11,-14078.460032568026,-1279.8600029607296
optionC_date_aligned_n107_order_locked,TOC,TOC_mg_L,6,S03,11,-35488.59939512265,-3226.2363086475134
optionC_date_aligned_n107_order_locked,TOC,TOC_mg_L,6,S04,11,-8990.239903447493,-817.2945366770448
optionC_date_aligned_n107_order_locked,TOC,TOC_mg_L,6,S05,11,-4009.9801594672545,-364.5436508606595
optionC_date_aligned_n107_order_locked,TOC,TOC_mg_L,6,S06,11,-40.737454468472606,-3.7034049516793277
optionC_date_aligned_n107_order_locked,TOC,TOC_mg_L,6,S07,11,1162.3815984474472,105.67105440431338
optionC_date_aligned_n107_order_locked,TOC,TOC_mg_L,6,S08,11,-27857.016692652214,-2532.4560629683833
optionC_date_aligned_n107_order_locked,TOC,TOC_mg_L,6,S09,10,2908.9995093367334,290.8999509336733
optionC_date_aligned_n107_order_locked,TOC,TOC_mg_L,6,S10,10,13851.39442375287,1385.139442375287
optionC_date_aligned_n107_order_locked,TOC,TOC_mg_L,7,S01,10,19573.74556186281,1957.3745561862809
optionC_date_aligned_n107_order_locked,TOC,TOC_mg_L,7,S02,11,-12111.660887223867,-1101.0600806567152
optionC_date_aligned_n107_order_locked,TOC,TOC_mg_L,7,S03,11,-32271.58208781287,-2933.78018980117
optionC_date_aligned_n107_order_locked,TOC,TOC_mg_L,7,S04,11,-8715.840420808297,-792.3491291643907
optionC_date_aligned_n107_order_locked,TOC,TOC_mg_L,7,S05,11,-4811.385289249138,-437.39866265901253
optionC_date_aligned_n107_order_locked,TOC,TOC_mg_L,7,S06,11,-2200.471856021446,-200.04289600194963
optionC_date_aligned_n107_order_locked,TOC,TOC_mg_L,7,S07,11,3847.847520146137,349.8043200132852
optionC_date_aligned_n107_order_locked,TOC,TOC_mg_L,7,S08,11,-32566.181857076208,-2960.561987006928
optionC_date_aligned_n107_order_locked,TOC,TOC_mg_L,7,S09,10,-1060.2216696146495,-106.02216696146495
optionC_date_aligned_n107_order_locked,TOC,TOC_mg_L,7,S10,10,9805.200336399264,980.5200336399264
optionC_date_aligned_n107_order_locked,TOC,TOC_mg_L,8,S01,10,22293.814359255593,2229.3814359255593
optionC_date_aligned_n107_order_locked,TOC,TOC_mg_L,8,S02,11,-13385.46888654877,-1216.86080786807
optionC_date_aligned_n107_order_locked,TOC,TOC_mg_L,8,S03,11,-29934.645448328556,-2721.331404393505
optionC_date_aligned_n107_order_locked,TOC,TOC_mg_L,8,S04,11,-4117.908096235378,-374.35528147594346
optionC_date_aligned_n107_order_locked,TOC,TOC_mg_L,8,S05,11,-3902.530028195076,-354.77545710864325
optionC_date_aligned_n107_order_locked,TOC,TOC_mg_L,8,S06,11,-737.4482362614735,-67.04074875104305
optionC_date_aligned_n107_order_locked,TOC,TOC_mg_L,8,S07,11,2949.608969967677,268.14626999706155
optionC_date_aligned_n107_order_locked,TOC,TOC_mg_L,8,S08,11,-28542.228294900775,-2594.7480268091613
optionC_date_aligned_n107_order_locked,TOC,TOC_mg_L,8,S09,10,-4820.677580168575,-482.0677580168575
optionC_date_aligned_n107_order_locked,TOC,TOC_mg_L,8,S10,10,13139.132834085867,1313.9132834085867
optionC_date_aligned_n107_order_locked,TOC,TOC_mg_L,9,S01,10,11310.703402476876,1131.0703402476877
optionC_date_aligned_n107_order_locked,TOC,TOC_mg_L,9,S02,11,-14506.05556838844,-1318.732324398949
optionC_date_aligned_n107_order_locked,TOC,TOC_mg_L,9,S03,11,-25343.432617116287,-2303.9484197378442
optionC_date_aligned_n107_order_locked,TOC,TOC_mg_L,9,S04,11,681.0318093071878,61.9119826642898
optionC_date_aligned_n107_order_locked,TOC,TOC_mg_L,9,S05,11,-5125.696429792824,-465.97240270843855
optionC_date_aligned_n107_order_locked,TOC,TOC_mg_L,9,S06,11,-1904.190996215384,-173.10827238321673
optionC_date_aligned_n107_order_locked,TOC,TOC_mg_L,9,S07,11,3156.228051772714,286.92982288842853
optionC_date_aligned_n107_order_locked,TOC,TOC_mg_L,9,S08,11,-23887.17865818112,-2171.5616961982837
optionC_date_aligned_n107_order_locked,TOC,TOC_mg_L,9,S09,10,-5045.582760947755,-504.55827609477547
optionC_date_aligned_n107_order_locked,TOC,TOC_mg_L,9,S10,10,16394.41325879169,1639.441325879169
optionC_date_aligned_n107_order_locked,TOC,TOC_mg_L,10,S01,10,14045.442205883843,1404.5442205883842
optionC_date_aligned_n107_order_locked,TOC,TOC_mg_L,10,S02,11,-13113.381462588233,-1192.1255875080212
optionC_date_aligned_n107_order_locked,TOC,TOC_mg_L,10,S03,11,-23424.72784189641,-2129.5207128996735
optionC_date_aligned_n107_order_locked,TOC,TOC_mg_L,10,S04,11,919.2095786847949,83.56450715316318
optionC_date_aligned_n107_order_locked,TOC,TOC_mg_L,10,S05,11,-1415.784090054156,-128.7076445503778
optionC_date_aligned_n107_order_locked,TOC,TOC_mg_L,10,S06,11,-7867.703152377086,-715.2457411251896
optionC_date_aligned_n107_order_locked,TOC,TOC_mg_L,10,S07,11,2373.5412584384694,215.77647803986085
optionC_date_aligned_n107_order_locked,TOC,TOC_mg_L,10,S08,11,-24275.035204535365,-2206.821382230488
optionC_date_aligned_n107_order_locked,TOC,TOC_mg_L,10,S09,10,-3358.5942733981265,-335.85942733981267
optionC_date_aligned_n107_order_locked,TOC,TOC_mg_L,10,S10,10,19636.268284264574,1963.6268284264575
optionC_date_aligned_n107_order_locked,SS,SS_mg_L,0,S01,10,115536.43645500335,11553.643645500335
optionC_date_aligned_n107_order_locked,SS,SS_mg_L,0,S02,11,-28771.34326709757,-2615.576660645234
optionC_date_aligned_n107_order_locked,SS,SS_mg_L,0,S03,11,63874.288586484996,5806.753507862272
optionC_date_aligned_n107_order_locked,SS,SS_mg_L,0,S04,11,-31294.338672081998,-2844.9398792801817
optionC_date_aligned_n107_order_locked,SS,SS_mg_L,0,S05,11,-55400.907971147404,-5036.446179195219
optionC_date_aligned_n107_order_locked,SS,SS_mg_L,0,S06,11,9123.452636329235,829.4047851208396
optionC_date_aligned_n107_order_locked,SS,SS_mg_L,0,S07,11,-86000.41135120971,-7818.219213746337
optionC_date_aligned_n107_order_locked,SS,SS_mg_L,0,S08,11,-63790.20585276735,-5799.10962297885
optionC_date_aligned_n107_order_locked,SS,SS_mg_L,0,S09,10,-6395.058124435911,-639.5058124435911
optionC_date_aligned_n107_order_locked,SS,SS_mg_L,0,S10,10,27012.31449238655,2701.231449238655
optionC_date_aligned_n107_order_locked,SS,SS_mg_L,1,S01,10,118999.08021087844,11899.908021087844
optionC_date_aligned_n107_order_locked,SS,SS_mg_L,1,S02,11,98309.72142461446,8937.247402237677
optionC_date_aligned_n107_order_locked,SS,SS_mg_L,1,S03,11,5027.576856736079,457.05244152146173
optionC_date_aligned_n107_order_locked,SS,SS_mg_L,1,S04,11,16973.722432294166,1543.065675663106
optionC_date_aligned_n107_order_locked,SS,SS_mg_L,1,S05,11,29950.53389385205,2722.7758085320047
optionC_date_aligned_n107_order_locked,SS,SS_mg_L,1,S06,11,-9732.79507798924,-884.7995525444763
optionC_date_aligned_n107_order_locked,SS,SS_mg_L,1,S07,11,13140.291795419638,1194.5719814017853
optionC_date_aligned_n107_order_locked,SS,SS_mg_L,1,S08,11,-70864.96798426955,-6442.269816751777
optionC_date_aligned_n107_order_locked,SS,SS_mg_L,1,S09,10,-13992.137858236973,-1399.2137858236972
optionC_date_aligned_n107_order_locked,SS,SS_mg_L,1,S10,10,-5125.738824334141,-512.5738824334142
optionC_date_aligned_n107_order_locked,SS,SS_mg_L,2,S01,10,156086.57100243046,15608.657100243046
optionC_date_aligned_n107_order_locked,SS,SS_mg_L,2,S02,11,93782.10401541648,8525.645819583317
optionC_date_aligned_n107_order_locked,SS,SS_mg_L,2,S03,11,40017.22714098024,3637.929740089113
optionC_date_aligned_n107_order_locked,SS,SS_mg_L,2,S04,11,-15155.987280084148,-1377.8170254621953
optionC_date_aligned_n107_order_locked,SS,SS_mg_L,2,S05,11,32252.782053329724,2932.071095757248
optionC_date_aligned_n107_order_locked,SS,SS_mg_L,2,S06,11,91445.02690736983,8313.184264306348
optionC_date_aligned_n107_order_locked,SS,SS_mg_L,2,S07,11,-26355.752586231545,-2395.9775078392313
optionC_date_aligned_n107_order_locked,SS,SS_mg_L,2,S08,11,-69877.02747666737,-6352.457043333397
optionC_date_aligned_n107_order_locked,SS,SS_mg_L,2,S09,10,-20088.3409738876,-2008.83409738876
optionC_date_aligned_n107_order_locked,SS,SS_mg_L,2,S10,10,-11427.49754773996,-1142.749754773996
optionC_date_aligned_n107_order_locked,SS,SS_mg_L,3,S01,10,171649.03633908724,17164.903633908725
optionC_date_aligned_n107_order_locked,SS,SS_mg_L,3,S02,11,73684.46094870602,6698.587358973275
optionC_date_aligned_n107_order_locked,SS,SS_mg_L,3,S03,11,22853.484265856343,2077.589478714213
optionC_date_aligned_n107_order_locked,SS,SS_mg_L,3,S04,11,-1798.114618902057,-163.46496535473244
optionC_date_aligned_n107_order_locked,SS,SS_mg_L,3,S05,11,-46419.534252542784,-4219.957659322071
optionC_date_aligned_n107_order_locked,SS,SS_mg_L,3,S06,11,32611.44977210464,2964.677252009513
optionC_date_aligned_n107_order_locked,SS,SS_mg_L,3,S07,11,-2703.9363164912766,-245.81239240829788
optionC_date_aligned_n107_order_locked,SS,SS_mg_L,3,S08,11,-38143.42804399415,-3467.5843676358318
optionC_date_aligned_n107_order_locked,SS,SS_mg_L,3,S09,10,-35534.750197953166,-3553.4750197953167
optionC_date_aligned_n107_order_locked,SS,SS_mg_L,3,S10,10,-34014.78019034279,-3401.478019034279
optionC_date_aligned_n107_order_locked,SS,SS_mg_L,4,S01,10,171415.71031809694,17141.571031809694
optionC_date_aligned_n107_order_locked,SS,SS_mg_L,4,S02,11,62404.89495921755,5673.172269019778
optionC_date_aligned_n107_order_locked,SS,SS_mg_L,4,S03,11,38124.25000998101,3465.840909998274
optionC_date_aligned_n107_order_locked,SS,SS_mg_L,4,S04,11,2674.174789655509,243.1067990595917
optionC_date_aligned_n107_order_locked,SS,SS_mg_L,4,S05,11,-62242.570052482675,-5658.415459316607
optionC_date_aligned_n107_order_locked,SS,SS_mg_L,4,S06,11,42442.47764590767,3858.407058718879
optionC_date_aligned_n107_order_locked,SS,SS_mg_L,4,S07,11,-10745.848742549275,-976.8953402317522
optionC_date_aligned_n107_order_locked,SS,SS_mg_L,4,S08,11,-16941.74939643151,-1540.1590360392283
optionC_date_aligned_n107_order_locked,SS,SS_mg_L,4,S09,10,-35077.58134576913,-3507.758134576913
optionC_date_aligned_n107_order_locked,SS,SS_mg_L,4,S10,10,-6408.035909551664,-640.8035909551664
optionC_date_aligned_n107_order_locked,SS,SS_mg_L,5,S01,10,15685.759151249473,1568.5759151249472
optionC_date_aligned_n107_order_locked,SS,SS_mg_L,5,S02,11,39889.24806062183,3626.295278238348
optionC_date_aligned_n107_order_locked,SS,SS_mg_L,5,S03,11,25060.148518864386,2278.195319896762
optionC_date_aligned_n107_order_locked,SS,SS_mg_L,5,S04,11,7671.08191689972,697.37108335452
optionC_date_aligned_n107_order_locked,SS,SS_mg_L,5,S05,11,-60348.29245471789,-5486.2084049743535
optionC_date_aligned_n107_order_locked,SS,SS_mg_L,5,S06,11,59309.471558954676,5391.770141723152
optionC_date_aligned_n107_order_locked,SS,SS_mg_L,5,S07,11,-19766.956913076472,-1796.996083006952
optionC_date_aligned_n107_order_locked,SS,SS_mg_L,5,S08,11,-17785.516056882527,-1616.8650960802297
optionC_date_aligned_n107_order_locked,SS,SS_mg_L,5,S09,10,-42944.30964965051,-4294.430964965051
optionC_date_aligned_n107_order_locked,SS,SS_mg_L,5,S10,10,-4932.146286531897,-493.2146286531897
optionC_date_aligned_n107_order_locked,SS,SS_mg_L,6,S01,10,55467.84366198387,5546.784366198387
optionC_date_aligned_n107_order_locked,SS,SS_mg_L,6,S02,11,56210.430306684095,5110.039118789463
optionC_date_aligned_n107_order_locked,SS,SS_mg_L,6,S03,11,33759.416798634666,3069.0378907849695
optionC_date_aligned_n107_order_locked,SS,SS_mg_L,6,S04,11,-15168.88500062429,-1378.9895455112992
optionC_date_aligned_n107_order_locked,SS,SS_mg_L,6,S05,11,114820.99201084356,10438.272000985779
optionC_date_aligned_n107_order_locked,SS,SS_mg_L,6,S06,11,51235.025637527666,4657.729603411606
optionC_date_aligned_n107_order_locked,SS,SS_mg_L,6,S07,11,-22181.071552054946,-2016.4610501868133
optionC_date_aligned_n107_order_locked,SS,SS_mg_L,6,S08,11,-3432.440467669696,-312.0400425154269
optionC_date_aligned_n107_order_locked,SS,SS_mg_L,6,S09,10,-13228.63233122752,-1322.863233122752
optionC_date_aligned_n107_order_locked,SS,SS_mg_L,6,S10,10,-8547.071812171323,-854.7071812171323
optionC_date_aligned_n107_order_locked,SS,SS_mg_L,7,S01,10,3728.588533255581,372.8588533255581
optionC_date_aligned_n107_order_locked,SS,SS_mg_L,7,S02,11,7510.03086513688,682.7300786488072
optionC_date_aligned_n107_order_locked,SS,SS_mg_L,7,S03,11,24424.482195186232,2220.4074722896576
optionC_date_aligned_n107_order_locked,SS,SS_mg_L,7,S04,11,-29342.95073907905,-2667.5409762799136
optionC_date_aligned_n107_order_locked,SS,SS_mg_L,7,S05,11,55191.36689744673,5017.396990676975
optionC_date_aligned_n107_order_locked,SS,SS_mg_L,7,S06,11,29703.068703006444,2700.2789730005857
optionC_date_aligned_n107_order_locked,SS,SS_mg_L,7,S07,11,-33045.1978567056,-3004.1088960641455
optionC_date_aligned_n107_order_locked,SS,SS_mg_L,7,S08,11,-11098.663630245806,-1008.969420931437
optionC_date_aligned_n107_order_locked,SS,SS_mg_L,7,S09,10,-19386.129204366687,-1938.6129204366687
optionC_date_aligned_n107_order_locked,SS,SS_mg_L,7,S10,10,4827.3171202038475,482.73171202038475
optionC_date_aligned_n107_order_locked,SS,SS_mg_L,8,S01,10,9152.750890174131,915.2750890174132
optionC_date_aligned_n107_order_locked,SS,SS_mg_L,8,S02,11,18361.085347201508,1669.189577018319
optionC_date_aligned_n107_order_locked,SS,SS_mg_L,8,S03,11,33436.07079379873,3039.6427994362484
optionC_date_aligned_n107_order_locked,SS,SS_mg_L,8,S04,11,-25448.760101529122,-2313.5236455935565
optionC_date_aligned_n107_order_locked,SS,SS_mg_L,8,S05,11,46760.98500027668,4250.998636388789
optionC_date_aligned_n107_order_locked,SS,SS_mg_L,8,S06,11,36258.10240442516,3296.1911276750147
optionC_date_aligned_n107_order_locked,SS,SS_mg_L,8,S07,11,-34690.33727334629,-3153.6670248496625
optionC_date_aligned_n107_order_locked,SS,SS_mg_L,8,S08,11,-6395.451558297628,-581.4046871179662
optionC_date_aligned_n107_order_locked,SS,SS_mg_L,8,S09,10,-27897.923061267968,-2789.7923061267966
optionC_date_aligned_n107_order_locked,SS,SS_mg_L,8,S10,10,5829.36859548274,582.936859548274
optionC_date_aligned_n107_order_locked,SS,SS_mg_L,9,S01,10,-22857.684470717468,-2285.768447071747
optionC_date_aligned_n107_order_locked,SS,SS_mg_L,9,S02,11,15918.722075804668,1447.156552345879
optionC_date_aligned_n107_order_locked,SS,SS_mg_L,9,S03,11,47282.57784827167,4298.416168024697
optionC_date_aligned_n107_order_locked,SS,SS_mg_L,9,S04,11,-14971.469410386848,-1361.0426736715317
optionC_date_aligned_n107_order_locked,SS,SS_mg_L,9,S05,11,45516.10272187008,4137.827520170007
optionC_date_aligned_n107_order_locked,SS,SS_mg_L,9,S06,11,32162.543515122383,2923.867592283853
optionC_date_aligned_n107_order_locked,SS,SS_mg_L,9,S07,11,-33513.31517910797,-3046.665016282543
optionC_date_aligned_n107_order_locked,SS,SS_mg_L,9,S08,11,5684.102088656466,516.7365535142242
optionC_date_aligned_n107_order_locked,SS,SS_mg_L,9,S09,10,-32280.4098148783,-3228.0409814878303
optionC_date_aligned_n107_order_locked,SS,SS_mg_L,9,S10,10,12647.242450364087,1264.7242450364088
optionC_date_aligned_n107_order_locked,SS,SS_mg_L,10,S01,10,-3274.3050141152344,-327.43050141152344
optionC_date_aligned_n107_order_locked,SS,SS_mg_L,10,S02,11,20865.948533414714,1896.9044121286104
optionC_date_aligned_n107_order_locked,SS,SS_mg_L,10,S03,11,44405.37753835797,4036.852503487088
optionC_date_aligned_n107_order_locked,SS,SS_mg_L,10,S04,11,-12965.911450521853,-1178.719222774714
optionC_date_aligned_n107_order_locked,SS,SS_mg_L,10,S05,11,45577.95453624549,4143.450412385953
optionC_date_aligned_n107_order_locked,SS,SS_mg_L,10,S06,11,39027.76815963639,3547.9789236033084
optionC_date_aligned_n107_order_locked,SS,SS_mg_L,10,S07,11,-34986.175622872215,-3180.5614202611105
optionC_date_aligned_n107_order_locked,SS,SS_mg_L,10,S08,11,8106.324425598625,736.9385841453295
optionC_date_aligned_n107_order_locked,SS,SS_mg_L,10,S09,10,-32660.368793907666,-3266.0368793907664
optionC_date_aligned_n107_order_locked,SS,SS_mg_L,10,S10,10,26630.2541836506,2663.02541836506
optionC_date_aligned_n107_order_locked,Air temperature,air_temp_avg_C,0,S01,10,453069.3017846367,45306.93017846367
optionC_date_aligned_n107_order_locked,Air temperature,air_temp_avg_C,0,S02,11,252763.2869983269,22978.480636211534
optionC_date_aligned_n107_order_locked,Air temperature,air_temp_avg_C,0,S03,11,60337.22264414541,5485.202058558673
optionC_date_aligned_n107_order_locked,Air temperature,air_temp_avg_C,0,S04,11,174129.21811263327,15829.928919330298
optionC_date_aligned_n107_order_locked,Air temperature,air_temp_avg_C,0,S05,11,113130.6654694509,10284.605951768264
optionC_date_aligned_n107_order_locked,Air temperature,air_temp_avg_C,0,S06,11,48396.42780589948,4399.675255081771
optionC_date_aligned_n107_order_locked,Air temperature,air_temp_avg_C,0,S07,11,32065.636027802284,2915.0578207092985
optionC_date_aligned_n107_order_locked,Air temperature,air_temp_avg_C,0,S08,11,-15054.951180441232,-1368.6319254946575
optionC_date_aligned_n107_order_locked,Air temperature,air_temp_avg_C,0,S09,10,214478.8323238173,21447.88323238173
optionC_date_aligned_n107_order_locked,Air temperature,air_temp_avg_C,0,S10,10,190245.4916360627,19024.549163606272
optionC_date_aligned_n107_order_locked,Air temperature,air_temp_avg_C,1,S01,10,215031.43974879064,21503.143974879065
optionC_date_aligned_n107_order_locked,Air temperature,air_temp_avg_C,1,S02,11,169857.40917331382,15441.582652119438
optionC_date_aligned_n107_order_locked,Air temperature,air_temp_avg_C,1,S03,11,-56667.132777551946,-5151.557525231995
optionC_date_aligned_n107_order_locked,Air temperature,air_temp_avg_C,1,S04,11,49188.36026646347,4471.669115133042
optionC_date_aligned_n107_order_locked,Air temperature,air_temp_avg_C,1,S05,11,198211.74114908237,18019.249195371125
optionC_date_aligned_n107_order_locked,Air temperature,air_temp_avg_C,1,S06,11,-53911.374213322386,-4901.034019392944
optionC_date_aligned_n107_order_locked,Air temperature,air_temp_avg_C,1,S07,11,-69980.29930525878,-6361.845391387163
optionC_date_aligned_n107_order_locked,Air temperature,air_temp_avg_C,1,S08,11,-86985.13697410715,-7907.7397249188325
optionC_date_aligned_n107_order_locked,Air temperature,air_temp_avg_C,1,S09,10,30172.500296628477,3017.2500296628477
optionC_date_aligned_n107_order_locked,Air temperature,air_temp_avg_C,1,S10,10,46309.26011132148,4630.926011132147
optionC_date_aligned_n107_order_locked,Air temperature,air_temp_avg_C,2,S01,10,316318.7858834371,31631.87858834371
optionC_date_aligned_n107_order_locked,Air temperature,air_temp_avg_C,2,S02,11,-960.0380231340459,-87.27618392127691
optionC_date_aligned_n107_order_locked,Air temperature,air_temp_avg_C,2,S03,11,-36460.4937717782,-3314.5903428889274
optionC_date_aligned_n107_order_locked,Air temperature,air_temp_avg_C,2,S04,11,-52337.682641556545,-4757.971149232413
optionC_date_aligned_n107_order_locked,Air temperature,air_temp_avg_C,2,S05,11,145427.0173287207,13220.63793897461
optionC_date_aligned_n107_order_locked,Air temperature,air_temp_avg_C,2,S06,11,70978.94430505553,6452.631300459593
optionC_date_aligned_n107_order_locked,Air temperature,air_temp_avg_C,2,S07,11,-64806.20526174162,-5891.473205612874
optionC_date_aligned_n107_order_locked,Air temperature,air_temp_avg_C,2,S08,11,-108897.2177622866,-9899.747069298783
optionC_date_aligned_n107_order_locked,Air temperature,air_temp_avg_C,2,S09,10,88023.75786674934,8802.375786674933
optionC_date_aligned_n107_order_locked,Air temperature,air_temp_avg_C,2,S10,10,35468.13647874734,3546.813647874734
optionC_date_aligned_n107_order_locked,Air temperature,air_temp_avg_C,3,S01,10,310177.3803536796,31017.73803536796
optionC_date_aligned_n107_order_locked,Air temperature,air_temp_avg_C,3,S02,11,2595.5338386855437,235.95762169868578
optionC_date_aligned_n107_order_locked,Air temperature,air_temp_avg_C,3,S03,11,-44895.83784357073,-4081.439803960975
optionC_date_aligned_n107_order_locked,Air temperature,air_temp_avg_C,3,S04,11,-4935.859750681516,-448.71452278922874
optionC_date_aligned_n107_order_locked,Air temperature,air_temp_avg_C,3,S05,11,60256.13805721885,5477.830732474441
optionC_date_aligned_n107_order_locked,Air temperature,air_temp_avg_C,3,S06,11,3764.911328238387,342.2646662034897
optionC_date_aligned_n107_order_locked,Air temperature,air_temp_avg_C,3,S07,11,-37009.075873900045,-3364.4614430818224
optionC_date_aligned_n107_order_locked,Air temperature,air_temp_avg_C,3,S08,11,-40127.91017258618,-3647.9918338714706
optionC_date_aligned_n107_order_locked,Air temperature,air_temp_avg_C,3,S09,10,-15389.62789964415,-1538.9627899644152
optionC_date_aligned_n107_order_locked,Air temperature,air_temp_avg_C,3,S10,10,14638.163764848163,1463.8163764848164
optionC_date_aligned_n107_order_locked,Air temperature,air_temp_avg_C,4,S01,10,244346.43915212067,24434.643915212066
optionC_date_aligned_n107_order_locked,Air temperature,air_temp_avg_C,4,S02,11,-13408.890535787155,-1218.9900487079233
optionC_date_aligned_n107_order_locked,Air temperature,air_temp_avg_C,4,S03,11,-53649.584971097895,-4877.234997372536
optionC_date_aligned_n107_order_locked,Air temperature,air_temp_avg_C,4,S04,11,-7685.779806302162,-698.7072551183784
optionC_date_aligned_n107_order_locked,Air temperature,air_temp_avg_C,4,S05,11,22713.522602101213,2064.8656911001103
optionC_date_aligned_n107_order_locked,Air temperature,air_temp_avg_C,4,S06,11,-604.9947252142001,-54.99952047401819
optionC_date_aligned_n107_order_locked,Air temperature,air_temp_avg_C,4,S07,11,-41234.36575583268,-3748.5787050756985
optionC_date_aligned_n107_order_locked,Air temperature,air_temp_avg_C,4,S08,11,-32871.86513765327,-2988.3513761502977
optionC_date_aligned_n107_order_locked,Air temperature,air_temp_avg_C,4,S09,10,-19042.12796948071,-1904.212796948071
optionC_date_aligned_n107_order_locked,Air temperature,air_temp_avg_C,4,S10,10,29828.87941951755,2982.8879419517552
optionC_date_aligned_n107_order_locked,Air temperature,air_temp_avg_C,5,S01,10,242153.76942064377,24215.376942064377
optionC_date_aligned_n107_order_locked,Air temperature,air_temp_avg_C,5,S02,11,-35397.819330143604,-3217.9835754676005
optionC_date_aligned_n107_order_locked,Air temperature,air_temp_avg_C,5,S03,11,-76259.45674789711,-6932.677886172465
optionC_date_aligned_n107_order_locked,Air temperature,air_temp_avg_C,5,S04,11,-17704.000395423747,-1609.4545814021587
optionC_date_aligned_n107_order_locked,Air temperature,air_temp_avg_C,5,S05,11,22238.196167134214,2021.6541970122014
optionC_date_aligned_n107_order_locked,Air temperature,air_temp_avg_C,5,S06,11,-12245.46429132349,-1113.2240264839536
optionC_date_aligned_n107_order_locked,Air temperature,air_temp_avg_C,5,S07,11,-60333.78715646959,-5484.889741497235
optionC_date_aligned_n107_order_locked,Air temperature,air_temp_avg_C,5,S08,11,-26439.487550521342,-2403.589777320122
optionC_date_aligned_n107_order_locked,Air temperature,air_temp_avg_C,5,S09,10,-14250.156599571277,-1425.0156599571278
optionC_date_aligned_n107_order_locked,Air temperature,air_temp_avg_C,5,S10,10,25899.173860511,2589.9173860511
optionC_date_aligned_n107_order_locked,Air temperature,air_temp_avg_C,6,S01,10,200154.44927729157,20015.444927729157
optionC_date_aligned_n107_order_locked,Air temperature,air_temp_avg_C,6,S02,11,-45440.32614650798,-4130.938740591634
optionC_date_aligned_n107_order_locked,Air temperature,air_temp_avg_C,6,S03,11,-72637.69512087498,-6603.426829170453
optionC_date_aligned_n107_order_locked,Air temperature,air_temp_avg_C,6,S04,11,-35732.31371939848,-3248.392156308953
optionC_date_aligned_n107_order_locked,Air temperature,air_temp_avg_C,6,S05,11,34675.873822458954,3152.3521656780867
optionC_date_aligned_n107_order_locked,Air temperature,air_temp_avg_C,6,S06,11,-36041.56533446467,-3276.5059394967884
optionC_date_aligned_n107_order_locked,Air temperature,air_temp_avg_C,6,S07,11,-59156.743833269706,-5377.885803024518
optionC_date_aligned_n107_order_locked,Air temperature,air_temp_avg_C,6,S08,11,-28077.49694683603,-2552.499722439639
optionC_date_aligned_n107_order_locked,Air temperature,air_temp_avg_C,6,S09,10,-14202.624629577185,-1420.2624629577185
optionC_date_aligned_n107_order_locked,Air temperature,air_temp_avg_C,6,S10,10,20835.760499861968,2083.5760499861967
optionC_date_aligned_n107_order_locked,Air temperature,air_temp_avg_C,7,S01,10,204028.9524514107,20402.89524514107
optionC_date_aligned_n107_order_locked,Air temperature,air_temp_avg_C,7,S02,11,13468.879098025145,1224.4435543659222
optionC_date_aligned_n107_order_locked,Air temperature,air_temp_avg_C,7,S03,11,-40131.38126589813,-3648.3073878089212
optionC_date_aligned_n107_order_locked,Air temperature,air_temp_avg_C,7,S04,11,-20816.301789673114,-1892.3910717884648
optionC_date_aligned_n107_order_locked,Air temperature,air_temp_avg_C,7,S05,11,47714.449985850646,4337.677271440968
optionC_date_aligned_n107_order_locked,Air temperature,air_temp_avg_C,7,S06,11,-27746.553691311907,-2522.413971937446
optionC_date_aligned_n107_order_locked,Air temperature,air_temp_avg_C,7,S07,11,-68904.15066084963,-6264.013696440875
optionC_date_aligned_n107_order_locked,Air temperature,air_temp_avg_C,7,S08,11,-33062.283526153115,-3005.6621387411924
optionC_date_aligned_n107_order_locked,Air temperature,air_temp_avg_C,7,S09,10,34998.119386029306,3499.8119386029307
optionC_date_aligned_n107_order_locked,Air temperature,air_temp_avg_C,7,S10,10,19609.208583247764,1960.9208583247764
optionC_date_aligned_n107_order_locked,Air temperature,air_temp_avg_C,8,S01,10,219209.23690165044,21920.923690165044
optionC_date_aligned_n107_order_locked,Air temperature,air_temp_avg_C,8,S02,11,887.1490906013332,80.64991732739394
optionC_date_aligned_n107_order_locked,Air temperature,air_temp_avg_C,8,S03,11,-43850.70308843574,-3986.427553494158
optionC_date_aligned_n107_order_locked,Air temperature,air_temp_avg_C,8,S04,11,11292.358389644567,1026.5780354222334
optionC_date_aligned_n107_order_locked,Air temperature,air_temp_avg_C,8,S05,11,46053.4413162022,4186.676483291109
optionC_date_aligned_n107_order_locked,Air temperature,air_temp_avg_C,8,S06,11,-21549.830038411965,-1959.0754580374514
optionC_date_aligned_n107_order_locked,Air temperature,air_temp_avg_C,8,S07,11,-76367.26467119416,-6942.478606472197
optionC_date_aligned_n107_order_locked,Air temperature,air_temp_avg_C,8,S08,11,-24296.19064054043,-2208.7446036854935
optionC_date_aligned_n107_order_locked,Air temperature,air_temp_avg_C,8,S09,10,35242.51829642873,3524.251829642873
optionC_date_aligned_n107_order_locked,Air temperature,air_temp_avg_C,8,S10,10,30695.72214247015,3069.572214247015
optionC_date_aligned_n107_order_locked,Air temperature,air_temp_avg_C,9,S01,10,160657.35472744264,16065.735472744263
optionC_date_aligned_n107_order_locked,Air temperature,air_temp_avg_C,9,S02,11,4463.949854277877,405.8136231161707
optionC_date_aligned_n107_order_locked,Air temperature,air_temp_avg_C,9,S03,11,-12076.666362596845,-1097.878760236077
optionC_date_aligned_n107_order_locked,Air temperature,air_temp_avg_C,9,S04,11,19832.891734698744,1802.9901576998857
optionC_date_aligned_n107_order_locked,Air temperature,air_temp_avg_C,9,S05,11,79718.74688948612,7247.158808135102
optionC_date_aligned_n107_order_locked,Air temperature,air_temp_avg_C,9,S06,11,-67307.751073372,-6118.886461215636
optionC_date_aligned_n107_order_locked,Air temperature,air_temp_avg_C,9,S07,11,-61724.63187148111,-5611.330170134646
optionC_date_aligned_n107_order_locked,Air temperature,air_temp_avg_C,9,S08,11,-22525.10871377013,-2047.7371557972845
optionC_date_aligned_n107_order_locked,Air temperature,air_temp_avg_C,9,S09,10,19847.82051160065,1984.782051160065
optionC_date_aligned_n107_order_locked,Air temperature,air_temp_avg_C,9,S10,10,68055.6198551325,6805.561985513251
optionC_date_aligned_n107_order_locked,Air temperature,air_temp_avg_C,10,S01,10,152746.51236340092,15274.651236340093
optionC_date_aligned_n107_order_locked,Air temperature,air_temp_avg_C,10,S02,11,395.32022761894495,35.93820251081318
optionC_date_aligned_n107_order_locked,Air temperature,air_temp_avg_C,10,S03,11,-12879.783207589722,-1170.8893825081566
optionC_date_aligned_n107_order_locked,Air temperature,air_temp_avg_C,10,S04,11,27323.154199020093,2483.9231090018266
optionC_date_aligned_n107_order_locked,Air temperature,air_temp_avg_C,10,S05,11,65015.82788364582,5910.529807604165
optionC_date_aligned_n107_order_locked,Air temperature,air_temp_avg_C,10,S06,11,-76983.03318844557,-6998.457562585961
optionC_date_aligned_n107_order_locked,Air temperature,air_temp_avg_C,10,S07,11,-65347.33152972996,-5940.666502702724
optionC_date_aligned_n107_order_locked,Air temperature,air_temp_avg_C,10,S08,11,-22595.273812848474,-2054.115801168043
optionC_date_aligned_n107_order_locked,Air temperature,air_temp_avg_C,10,S09,10,27260.70109420149,2726.070109420149
optionC_date_aligned_n107_order_locked,Air temperature,air_temp_avg_C,10,S10,10,94078.09464771429,9407.809464771428
optionC_date_aligned_n107_order_locked,Humidity,humidity_avg_pct,0,S01,10,187828.08753034053,18782.808753034053
optionC_date_aligned_n107_order_locked,Humidity,humidity_avg_pct,0,S02,11,179043.96230350382,16276.723845773075
optionC_date_aligned_n107_order_locked,Humidity,humidity_avg_pct,0,S03,11,123190.22859154665,11199.111690140604
optionC_date_aligned_n107_order_locked,Humidity,humidity_avg_pct,0,S04,11,-21658.362549120007,-1968.9420499200007
optionC_date_aligned_n107_order_locked,Humidity,humidity_avg_pct,0,S05,11,152706.8538539476,13882.441259449783
optionC_date_aligned_n107_order_locked,Humidity,humidity_avg_pct,0,S06,11,44634.65004373953,4057.6954585217754
optionC_date_aligned_n107_order_locked,Humidity,humidity_avg_pct,0,S07,11,-138454.5977156665,-12586.781610515136
optionC_date_aligned_n107_order_locked,Humidity,humidity_avg_pct,0,S08,11,-310000.01287981705,-28181.81935271064
optionC_date_aligned_n107_order_locked,Humidity,humidity_avg_pct,0,S09,10,446220.36300841416,44622.03630084141
optionC_date_aligned_n107_order_locked,Humidity,humidity_avg_pct,0,S10,10,359590.97939231066,35959.09793923107
optionC_date_aligned_n107_order_locked,Humidity,humidity_avg_pct,1,S01,10,151911.48359616636,15191.148359616636
optionC_date_aligned_n107_order_locked,Humidity,humidity_avg_pct,1,S02,11,405338.01514324045,36848.910467567315
optionC_date_aligned_n107_order_locked,Humidity,humidity_avg_pct,1,S03,11,76173.12962026693,6924.8299654788125
optionC_date_aligned_n107_order_locked,Humidity,humidity_avg_pct,1,S04,11,137154.373228974,12468.579384452181
optionC_date_aligned_n107_order_locked,Humidity,humidity_avg_pct,1,S05,11,314395.07637553994,28581.37057959454
optionC_date_aligned_n107_order_locked,Humidity,humidity_avg_pct,1,S06,11,-115623.94586478095,-10511.267805889178
optionC_date_aligned_n107_order_locked,Humidity,humidity_avg_pct,1,S07,11,-30575.235895745413,-2779.5668996132194
optionC_date_aligned_n107_order_locked,Humidity,humidity_avg_pct,1,S08,11,-223813.50012761087,-20346.681829782807
optionC_date_aligned_n107_order_locked,Humidity,humidity_avg_pct,1,S09,10,118908.50187916885,11890.850187916885
optionC_date_aligned_n107_order_locked,Humidity,humidity_avg_pct,1,S10,10,38862.262817019204,3886.2262817019205
optionC_date_aligned_n107_order_locked,Humidity,humidity_avg_pct,2,S01,10,348679.873850779,34867.987385077904
optionC_date_aligned_n107_order_locked,Humidity,humidity_avg_pct,2,S02,11,181468.83265712162,16497.166605192873
optionC_date_aligned_n107_order_locked,Humidity,humidity_avg_pct,2,S03,11,121037.1082170718,11003.373474279255
optionC_date_aligned_n107_order_locked,Humidity,humidity_avg_pct,2,S04,11,-35787.8411904331,-3253.440108221191
optionC_date_aligned_n107_order_locked,Humidity,humidity_avg_pct,2,S05,11,146527.51789787185,13320.683445261076
optionC_date_aligned_n107_order_locked,Humidity,humidity_avg_pct,2,S06,11,75852.49510540019,6895.681373218199
optionC_date_aligned_n107_order_locked,Humidity,humidity_avg_pct,2,S07,11,-36121.822156581016,-3283.8020142346377
optionC_date_aligned_n107_order_locked,Humidity,humidity_avg_pct,2,S08,11,-270679.31607654406,-24607.210552413097
optionC_date_aligned_n107_order_locked,Humidity,humidity_avg_pct,2,S09,10,200013.42102475645,20001.342102475646
optionC_date_aligned_n107_order_locked,Humidity,humidity_avg_pct,2,S10,10,67010.22247362683,6701.022247362683
optionC_date_aligned_n107_order_locked,Humidity,humidity_avg_pct,3,S01,10,278610.4240596476,27861.04240596476
optionC_date_aligned_n107_order_locked,Humidity,humidity_avg_pct,3,S02,11,163585.65541887248,14871.423219897499
optionC_date_aligned_n107_order_locked,Humidity,humidity_avg_pct,3,S03,11,67865.36456831866,6169.578597119878
optionC_date_aligned_n107_order_locked,Humidity,humidity_avg_pct,3,S04,11,25551.25584678996,2322.841440617269
optionC_date_aligned_n107_order_locked,Humidity,humidity_avg_pct,3,S05,11,27225.69497944868,2475.06317994988
optionC_date_aligned_n107_order_locked,Humidity,humidity_avg_pct,3,S06,11,15092.407504184728,1372.0370458349753
optionC_date_aligned_n107_order_locked,Humidity,humidity_avg_pct,3,S07,11,13206.672647353284,1200.606604304844
optionC_date_aligned_n107_order_locked,Humidity,humidity_avg_pct,3,S08,11,-204014.97676051335,-18546.816069137578
optionC_date_aligned_n107_order_locked,Humidity,humidity_avg_pct,3,S09,10,78690.00858416883,7869.000858416883
optionC_date_aligned_n107_order_locked,Humidity,humidity_avg_pct,3,S10,10,743.4172780874633,74.34172780874633
optionC_date_aligned_n107_order_locked,Humidity,humidity_avg_pct,4,S01,10,184598.06352917844,18459.806352917843
optionC_date_aligned_n107_order_locked,Humidity,humidity_avg_pct,4,S02,11,106266.58905512487,9660.599005011352
optionC_date_aligned_n107_order_locked,Humidity,humidity_avg_pct,4,S03,11,68824.02484282761,6256.729531166146
optionC_date_aligned_n107_order_locked,Humidity,humidity_avg_pct,4,S04,11,13190.649764847334,1199.149978622485
optionC_date_aligned_n107_order_locked,Humidity,humidity_avg_pct,4,S05,11,-9242.343945105698,-840.2130859186999
optionC_date_aligned_n107_order_locked,Humidity,humidity_avg_pct,4,S06,11,18153.534175972964,1650.3212887248148
optionC_date_aligned_n107_order_locked,Humidity,humidity_avg_pct,4,S07,11,-7646.39122191846,-695.1264747198601
optionC_date_aligned_n107_order_locked,Humidity,humidity_avg_pct,4,S08,11,-212766.40587649524,-19342.40053422684
optionC_date_aligned_n107_order_locked,Humidity,humidity_avg_pct,4,S09,10,43173.38222727791,4317.338222727791
optionC_date_aligned_n107_order_locked,Humidity,humidity_avg_pct,4,S10,10,25715.19553780876,2571.519553780876
optionC_date_aligned_n107_order_locked,Humidity,humidity_avg_pct,5,S01,10,164448.37208753268,16444.83720875327
optionC_date_aligned_n107_order_locked,Humidity,humidity_avg_pct,5,S02,11,72864.68199602683,6624.061999638803
optionC_date_aligned_n107_order_locked,Humidity,humidity_avg_pct,5,S03,11,17431.02569268328,1584.6386993348437
optionC_date_aligned_n107_order_locked,Humidity,humidity_avg_pct,5,S04,11,-34606.33738871816,-3146.0306717016506
optionC_date_aligned_n107_order_locked,Humidity,humidity_avg_pct,5,S05,11,-12180.762493399758,-1107.3420448545235
optionC_date_aligned_n107_order_locked,Humidity,humidity_avg_pct,5,S06,11,6353.302413008332,577.5729466371212
optionC_date_aligned_n107_order_locked,Humidity,humidity_avg_pct,5,S07,11,-28453.43758901606,-2586.676144456005
optionC_date_aligned_n107_order_locked,Humidity,humidity_avg_pct,5,S08,11,-219283.62774771877,-19934.875249792614
optionC_date_aligned_n107_order_locked,Humidity,humidity_avg_pct,5,S09,10,35804.262916756226,3580.4262916756225
optionC_date_aligned_n107_order_locked,Humidity,humidity_avg_pct,5,S10,10,25210.450024114383,2521.0450024114384
optionC_date_aligned_n107_order_locked,Humidity,humidity_avg_pct,6,S01,10,119966.09811372866,11996.609811372866
optionC_date_aligned_n107_order_locked,Humidity,humidity_avg_pct,6,S02,11,66316.2741726198,6028.752197510891
optionC_date_aligned_n107_order_locked,Humidity,humidity_avg_pct,6,S03,11,17660.808787912516,1605.5280716284105
optionC_date_aligned_n107_order_locked,Humidity,humidity_avg_pct,6,S04,11,-63421.436086598624,-5765.585098781693
optionC_date_aligned_n107_order_locked,Humidity,humidity_avg_pct,6,S05,11,-3363.369364066708,-305.7608512787916
optionC_date_aligned_n107_order_locked,Humidity,humidity_avg_pct,6,S06,11,-4675.277386406103,-425.0252169460093
optionC_date_aligned_n107_order_locked,Humidity,humidity_avg_pct,6,S07,11,-36752.12980247075,-3341.1027093155226
optionC_date_aligned_n107_order_locked,Humidity,humidity_avg_pct,6,S08,11,-244596.94233836792,-22236.085667124356
optionC_date_aligned_n107_order_locked,Humidity,humidity_avg_pct,6,S09,10,20872.437487913347,2087.243748791335
optionC_date_aligned_n107_order_locked,Humidity,humidity_avg_pct,6,S10,10,5667.882481642615,566.7882481642615
optionC_date_aligned_n107_order_locked,Humidity,humidity_avg_pct,7,S01,10,133619.68330184778,13361.968330184778
optionC_date_aligned_n107_order_locked,Humidity,humidity_avg_pct,7,S02,11,80224.45479789976,7293.132254354524
optionC_date_aligned_n107_order_locked,Humidity,humidity_avg_pct,7,S03,11,15229.280574647542,1384.4800522406856
optionC_date_aligned_n107_order_locked,Humidity,humidity_avg_pct,7,S04,11,-68866.00466709345,-6260.545878826678
optionC_date_aligned_n107_order_locked,Humidity,humidity_avg_pct,7,S05,11,-1043.2872189748923,-94.84429263408111
optionC_date_aligned_n107_order_locked,Humidity,humidity_avg_pct,7,S06,11,-23700.853883303873,-2154.6230803003523
optionC_date_aligned_n107_order_locked,Humidity,humidity_avg_pct,7,S07,11,-50415.708379953416,-4583.246216359402
optionC_date_aligned_n107_order_locked,Humidity,humidity_avg_pct,7,S08,11,-208986.197142807,-18998.74519480064
optionC_date_aligned_n107_order_locked,Humidity,humidity_avg_pct,7,S09,10,55104.23174530403,5510.423174530403
optionC_date_aligned_n107_order_locked,Humidity,humidity_avg_pct,7,S10,10,21935.622696137103,2193.56226961371
optionC_date_aligned_n107_order_locked,Humidity,humidity_avg_pct,8,S01,10,114975.6369296568,11497.56369296568
optionC_date_aligned_n107_order_locked,Humidity,humidity_avg_pct,8,S02,11,34870.77340600593,3170.070309636903
optionC_date_aligned_n107_order_locked,Humidity,humidity_avg_pct,8,S03,11,43404.07634470392,3945.825122245811
optionC_date_aligned_n107_order_locked,Humidity,humidity_avg_pct,8,S04,11,-31003.662136759624,-2818.51473970542
optionC_date_aligned_n107_order_locked,Humidity,humidity_avg_pct,8,S05,11,6330.333050944653,575.4848228131503
optionC_date_aligned_n107_order_locked,Humidity,humidity_avg_pct,8,S06,11,1228.4545530985934,111.67768664532667
optionC_date_aligned_n107_order_locked,Humidity,humidity_avg_pct,8,S07,11,-67125.4761992523,-6102.3160181138455
optionC_date_aligned_n107_order_locked,Humidity,humidity_avg_pct,8,S08,11,-196686.48010388212,-17880.58910035292
optionC_date_aligned_n107_order_locked,Humidity,humidity_avg_pct,8,S09,10,72722.161892044,7272.2161892044
optionC_date_aligned_n107_order_locked,Humidity,humidity_avg_pct,8,S10,10,25173.377824453542,2517.337782445354
optionC_date_aligned_n107_order_locked,Humidity,humidity_avg_pct,9,S01,10,29327.16956418734,2932.7169564187343
optionC_date_aligned_n107_order_locked,Humidity,humidity_avg_pct,9,S02,11,18544.852699388444,1685.895699944404
optionC_date_aligned_n107_order_locked,Humidity,humidity_avg_pct,9,S03,11,48768.48433723766,4433.4985761125145
optionC_date_aligned_n107_order_locked,Humidity,humidity_avg_pct,9,S04,11,-16851.959984339395,-1531.9963622126722
optionC_date_aligned_n107_order_locked,Humidity,humidity_avg_pct,9,S05,11,18007.860037748098,1637.0781852498271
optionC_date_aligned_n107_order_locked,Humidity,humidity_avg_pct,9,S06,11,-24156.418620555432,-2196.03805641413
optionC_date_aligned_n107_order_locked,Humidity,humidity_avg_pct,9,S07,11,-64553.0566730464,-5868.4596975496725
optionC_date_aligned_n107_order_locked,Humidity,humidity_avg_pct,9,S08,11,-171805.45625151612,-15618.67784104692
optionC_date_aligned_n107_order_locked,Humidity,humidity_avg_pct,9,S09,10,104541.6986329459,10454.16986329459
optionC_date_aligned_n107_order_locked,Humidity,humidity_avg_pct,9,S10,10,53574.26965575235,5357.426965575235
optionC_date_aligned_n107_order_locked,Humidity,humidity_avg_pct,10,S01,10,50761.07438428576,5076.107438428577
optionC_date_aligned_n107_order_locked,Humidity,humidity_avg_pct,10,S02,11,24461.236098127894,2223.748736193445
optionC_date_aligned_n107_order_locked,Humidity,humidity_avg_pct,10,S03,11,55572.85939922281,5052.078127202074
optionC_date_aligned_n107_order_locked,Humidity,humidity_avg_pct,10,S04,11,-29542.255136445532,-2685.659557858685
optionC_date_aligned_n107_order_locked,Humidity,humidity_avg_pct,10,S05,11,-6947.812876213429,-631.619352383039
optionC_date_aligned_n107_order_locked,Humidity,humidity_avg_pct,10,S06,11,-5802.140632425118,-527.4673302204653
optionC_date_aligned_n107_order_locked,Humidity,humidity_avg_pct,10,S07,11,-66824.74128644535,-6074.976480585941
optionC_date_aligned_n107_order_locked,Humidity,humidity_avg_pct,10,S08,11,-161360.69670337246,-14669.154245761134
optionC_date_aligned_n107_order_locked,Humidity,humidity_avg_pct,10,S09,10,124944.4582920495,12494.44582920495
optionC_date_aligned_n107_order_locked,Humidity,humidity_avg_pct,10,S10,10,68976.56858534116,6897.656858534116
optionC_date_aligned_n107_order_locked,Precipitation,precip_sum_mm,0,S01,10,677720.5549567651,67772.05549567651
optionC_date_aligned_n107_order_locked,Precipitation,precip_sum_mm,0,S02,11,8911.097274871128,810.0997522610116
optionC_date_aligned_n107_order_locked,Precipitation,precip_sum_mm,0,S03,11,533863.9813870208,48533.08921700189
optionC_date_aligned_n107_order_locked,Precipitation,precip_sum_mm,0,S04,11,601055.8112935624,54641.43739032385
optionC_date_aligned_n107_order_locked,Precipitation,precip_sum_mm,0,S05,11,1553665.2683029089,141242.29711844627
optionC_date_aligned_n107_order_locked,Precipitation,precip_sum_mm,0,S06,11,-1315741.8270241944,-119612.89336583586
optionC_date_aligned_n107_order_locked,Precipitation,precip_sum_mm,0,S07,11,-676111.4887064369,-61464.68079149427
optionC_date_aligned_n107_order_locked,Precipitation,precip_sum_mm,0,S08,11,-1430693.2933793345,-130063.02667084859
optionC_date_aligned_n107_order_locked,Precipitation,precip_sum_mm,0,S09,10,2011726.9689754564,201172.69689754565
optionC_date_aligned_n107_order_locked,Precipitation,precip_sum_mm,0,S10,10,1652588.4988819985,165258.84988819985
optionC_date_aligned_n107_order_locked,Precipitation,precip_sum_mm,1,S01,10,93662.43129146396,9366.243129146396
optionC_date_aligned_n107_order_locked,Precipitation,precip_sum_mm,1,S02,11,1199823.901740851,109074.90015825919
optionC_date_aligned_n107_order_locked,Precipitation,precip_sum_mm,1,S03,11,933310.029571492,84846.36632468109
optionC_date_aligned_n107_order_locked,Precipitation,precip_sum_mm,1,S04,11,-192119.02064900022,-17465.365513545476
optionC_date_aligned_n107_order_locked,Precipitation,precip_sum_mm,1,S05,11,1122743.9308173028,102067.63007430025
optionC_date_aligned_n107_order_locked,Precipitation,precip_sum_mm,1,S06,11,-2806241.9582287245,-255112.90529352042
optionC_date_aligned_n107_order_locked,Precipitation,precip_sum_mm,1,S07,11,-1174872.586517997,-106806.59877436337
optionC_date_aligned_n107_order_locked,Precipitation,precip_sum_mm,1,S08,11,-1509282.3627593138,-137207.48752357397
optionC_date_aligned_n107_order_locked,Precipitation,precip_sum_mm,1,S09,10,340538.9027215829,34053.89027215829
optionC_date_aligned_n107_order_locked,Precipitation,precip_sum_mm,1,S10,10,-285192.8177806657,-28519.281778066572
optionC_date_aligned_n107_order_locked,Precipitation,precip_sum_mm,2,S01,10,1061777.6647051952,106177.76647051952
optionC_date_aligned_n107_order_locked,Precipitation,precip_sum_mm,2,S02,11,620.6478610757622,56.42253282506929
optionC_date_aligned_n107_order_locked,Precipitation,precip_sum_mm,2,S03,11,560052.9601857133,50913.90547142848
optionC_date_aligned_n107_order_locked,Precipitation,precip_sum_mm,2,S04,11,-355509.26647209073,-32319.02422473552
optionC_date_aligned_n107_order_locked,Precipitation,precip_sum_mm,2,S05,11,1072907.393820368,97537.03580185164
optionC_date_aligned_n107_order_locked,Precipitation,precip_sum_mm,2,S06,11,-1300938.930650164,-118267.17551365127
optionC_date_aligned_n107_order_locked,Precipitation,precip_sum_mm,2,S07,11,-558614.9289182337,-50783.175356203064
optionC_date_aligned_n107_order_locked,Precipitation,precip_sum_mm,2,S08,11,-1829227.0702217952,-166293.37002016322
optionC_date_aligned_n107_order_locked,Precipitation,precip_sum_mm,2,S09,10,914572.3232386508,91457.23232386509
optionC_date_aligned_n107_order_locked,Precipitation,precip_sum_mm,2,S10,10,-32697.892899307088,-3269.789289930709
optionC_date_aligned_n107_order_locked,Precipitation,precip_sum_mm,3,S01,10,1012099.3604000162,101209.93604000162
optionC_date_aligned_n107_order_locked,Precipitation,precip_sum_mm,3,S02,11,-34601.85803273599,-3145.6234575214535
optionC_date_aligned_n107_order_locked,Precipitation,precip_sum_mm,3,S03,11,331261.48401290085,30114.68036480917
optionC_date_aligned_n107_order_locked,Precipitation,precip_sum_mm,3,S04,11,-263342.69480426534,-23940.24498220594
optionC_date_aligned_n107_order_locked,Precipitation,precip_sum_mm,3,S05,11,228574.65653072041,20779.51423006549
optionC_date_aligned_n107_order_locked,Precipitation,precip_sum_mm,3,S06,11,-1862806.0516404023,-169346.00469458202
optionC_date_aligned_n107_order_locked,Precipitation,precip_sum_mm,3,S07,11,-430492.38102490135,-39135.671002263756
optionC_date_aligned_n107_order_locked,Precipitation,precip_sum_mm,3,S08,11,-1675911.201912684,-152355.563810244
optionC_date_aligned_n107_order_locked,Precipitation,precip_sum_mm,3,S09,10,293713.19433299237,29371.319433299235
optionC_date_aligned_n107_order_locked,Precipitation,precip_sum_mm,3,S10,10,-94108.36383096315,-9410.836383096315
optionC_date_aligned_n107_order_locked,Precipitation,precip_sum_mm,4,S01,10,801682.1366242536,80168.21366242536
optionC_date_aligned_n107_order_locked,Precipitation,precip_sum_mm,4,S02,11,-72897.71635969105,-6627.065123608278
optionC_date_aligned_n107_order_locked,Precipitation,precip_sum_mm,4,S03,11,336021.44932881044,30547.404484437313
optionC_date_aligned_n107_order_locked,Precipitation,precip_sum_mm,4,S04,11,-350540.4454325239,-31867.31322113854
optionC_date_aligned_n107_order_locked,Precipitation,precip_sum_mm,4,S05,11,63347.524800912826,5758.865890992075
optionC_date_aligned_n107_order_locked,Precipitation,precip_sum_mm,4,S06,11,-1814614.2941365803,-164964.9358305982
optionC_date_aligned_n107_order_locked,Precipitation,precip_sum_mm,4,S07,11,-445094.65123420104,-40463.15011220009
optionC_date_aligned_n107_order_locked,Precipitation,precip_sum_mm,4,S08,11,-1635693.4357016115,-148699.40324560105
optionC_date_aligned_n107_order_locked,Precipitation,precip_sum_mm,4,S09,10,148463.88996626774,14846.388996626774
optionC_date_aligned_n107_order_locked,Precipitation,precip_sum_mm,4,S10,10,-74559.63914716206,-7455.963914716206
optionC_date_aligned_n107_order_locked,Precipitation,precip_sum_mm,5,S01,10,392520.3992422639,39252.039924226396
optionC_date_aligned_n107_order_locked,Precipitation,precip_sum_mm,5,S02,11,-192048.64811141544,-17458.968010128676
optionC_date_aligned_n107_order_locked,Precipitation,precip_sum_mm,5,S03,11,166305.12401557624,15118.647637779657
optionC_date_aligned_n107_order_locked,Precipitation,precip_sum_mm,5,S04,11,-167191.4327707445,-15199.221160976771
optionC_date_aligned_n107_order_locked,Precipitation,precip_sum_mm,5,S05,11,121597.36573857185,11054.305976233805
optionC_date_aligned_n107_order_locked,Precipitation,precip_sum_mm,5,S06,11,-1989185.2318369832,-180835.02107608938
optionC_date_aligned_n107_order_locked,Precipitation,precip_sum_mm,5,S07,11,-555358.5863265861,-50487.144211507824
optionC_date_aligned_n107_order_locked,Precipitation,precip_sum_mm,5,S08,11,-1501759.5466380494,-136523.5951489136
optionC_date_aligned_n107_order_locked,Precipitation,precip_sum_mm,5,S09,10,110021.46571563405,11002.146571563406
optionC_date_aligned_n107_order_locked,Precipitation,precip_sum_mm,5,S10,10,-123067.47402933304,-12306.747402933304
optionC_date_aligned_n107_order_locked,Precipitation,precip_sum_mm,6,S01,10,210726.38581474597,21072.638581474595
optionC_date_aligned_n107_order_locked,Precipitation,precip_sum_mm,6,S02,11,-166503.32844441265,-15136.666222219332
optionC_date_aligned_n107_order_locked,Precipitation,precip_sum_mm,6,S03,11,203959.64532668778,18541.7859387898
optionC_date_aligned_n107_order_locked,Precipitation,precip_sum_mm,6,S04,11,-284030.8333056526,-25820.984845968418
optionC_date_aligned_n107_order_locked,Precipitation,precip_sum_mm,6,S05,11,265982.68236389506,24180.24385126319
optionC_date_aligned_n107_order_locked,Precipitation,precip_sum_mm,6,S06,11,-1899428.692631711,-172675.33569379192
optionC_date_aligned_n107_order_locked,Precipitation,precip_sum_mm,6,S07,11,-623127.9367817647,-56647.9942528877
optionC_date_aligned_n107_order_locked,Precipitation,precip_sum_mm,6,S08,11,-1412204.3667755218,-128382.21516141108
optionC_date_aligned_n107_order_locked,Precipitation,precip_sum_mm,6,S09,10,81073.16774928496,8107.316774928496
optionC_date_aligned_n107_order_locked,Precipitation,precip_sum_mm,6,S10,10,-207669.90280259002,-20766.990280259
optionC_date_aligned_n107_order_locked,Precipitation,precip_sum_mm,7,S01,10,435572.1916545055,43557.21916545055
optionC_date_aligned_n107_order_locked,Precipitation,precip_sum_mm,7,S02,11,-137986.27929889265,-12544.207208990241
optionC_date_aligned_n107_order_locked,Precipitation,precip_sum_mm,7,S03,11,380616.00138769567,34601.4546716087
optionC_date_aligned_n107_order_locked,Precipitation,precip_sum_mm,7,S04,11,-314297.409212023,-28572.49174654755
optionC_date_aligned_n107_order_locked,Precipitation,precip_sum_mm,7,S05,11,381096.6970955453,34645.15428141321
optionC_date_aligned_n107_order_locked,Precipitation,precip_sum_mm,7,S06,11,-1898987.6926050084,-172635.24478227348
optionC_date_aligned_n107_order_locked,Precipitation,precip_sum_mm,7,S07,11,-830131.4928671541,-75466.49935155945
optionC_date_aligned_n107_order_locked,Precipitation,precip_sum_mm,7,S08,11,-1357344.9371821743,-123394.99428928857
optionC_date_aligned_n107_order_locked,Precipitation,precip_sum_mm,7,S09,10,-77229.72654872035,-7722.9726548720355
optionC_date_aligned_n107_order_locked,Precipitation,precip_sum_mm,7,S10,10,37835.49730314131,3783.549730314131
optionC_date_aligned_n107_order_locked,Precipitation,precip_sum_mm,8,S01,10,381617.7470762707,38161.77470762707
optionC_date_aligned_n107_order_locked,Precipitation,precip_sum_mm,8,S02,11,-208454.55716791525,-18950.414287992295
optionC_date_aligned_n107_order_locked,Precipitation,precip_sum_mm,8,S03,11,323207.0004432228,29382.454585747528
optionC_date_aligned_n107_order_locked,Precipitation,precip_sum_mm,8,S04,11,-172962.06883265026,-15723.824439331842
optionC_date_aligned_n107_order_locked,Precipitation,precip_sum_mm,8,S05,11,384392.48877032724,34944.77170639339
optionC_date_aligned_n107_order_locked,Precipitation,precip_sum_mm,8,S06,11,-1822139.4261665866,-165649.03874241697
optionC_date_aligned_n107_order_locked,Precipitation,precip_sum_mm,8,S07,11,-825784.7314417992,-75071.33922198175
optionC_date_aligned_n107_order_locked,Precipitation,precip_sum_mm,8,S08,11,-1368114.9754784764,-124374.0886798615
optionC_date_aligned_n107_order_locked,Precipitation,precip_sum_mm,8,S09,10,54222.41680309932,5422.241680309931
optionC_date_aligned_n107_order_locked,Precipitation,precip_sum_mm,8,S10,10,4818.580030919547,481.85800309195474
optionC_date_aligned_n107_order_locked,Precipitation,precip_sum_mm,9,S01,10,374912.8180719188,37491.28180719188
optionC_date_aligned_n107_order_locked,Precipitation,precip_sum_mm,9,S02,11,-281050.36603640195,-25550.03327603654
optionC_date_aligned_n107_order_locked,Precipitation,precip_sum_mm,9,S03,11,415107.0466468186,37737.00424061987
optionC_date_aligned_n107_order_locked,Precipitation,precip_sum_mm,9,S04,11,-141267.43902360194,-12842.494456691085
optionC_date_aligned_n107_order_locked,Precipitation,precip_sum_mm,9,S05,11,566522.6229563187,51502.0566323926
optionC_date_aligned_n107_order_locked,Precipitation,precip_sum_mm,9,S06,11,-1824898.0059113167,-165899.8187192106
optionC_date_aligned_n107_order_locked,Precipitation,precip_sum_mm,9,S07,11,-744542.3306752364,-67685.6664250215
optionC_date_aligned_n107_order_locked,Precipitation,precip_sum_mm,9,S08,11,-1294285.0611062676,-117662.27828238797
optionC_date_aligned_n107_order_locked,Precipitation,precip_sum_mm,9,S09,10,95238.3379689334,9523.83379689334
optionC_date_aligned_n107_order_locked,Precipitation,precip_sum_mm,9,S10,10,51472.32128515912,5147.232128515912
optionC_date_aligned_n107_order_locked,Precipitation,precip_sum_mm,10,S01,10,411905.9909058696,41190.599090586955
optionC_date_aligned_n107_order_locked,Precipitation,precip_sum_mm,10,S02,11,-297918.76543167344,-27083.52413015213
optionC_date_aligned_n107_order_locked,Precipitation,precip_sum_mm,10,S03,11,473388.16530310625,43035.28775482784
optionC_date_aligned_n107_order_locked,Precipitation,precip_sum_mm,10,S04,11,-116692.62342527388,-10608.420311388534
optionC_date_aligned_n107_order_locked,Precipitation,precip_sum_mm,10,S05,11,342940.4866595813,31176.407878143757
optionC_date_aligned_n107_order_locked,Precipitation,precip_sum_mm,10,S06,11,-1863301.4283226572,-169391.0389384234
optionC_date_aligned_n107_order_locked,Precipitation,precip_sum_mm,10,S07,11,-721514.1110929311,-65592.1919175392
optionC_date_aligned_n107_order_locked,Precipitation,precip_sum_mm,10,S08,11,-1286304.105992863,-116936.7369084421
optionC_date_aligned_n107_order_locked,Precipitation,precip_sum_mm,10,S09,10,180591.6868576493,18059.16868576493
optionC_date_aligned_n107_order_locked,Precipitation,precip_sum_mm,10,S10,10,71852.0926833124,7185.209268331239
optionC_date_aligned_n107_order_locked,Wind speed,wind_speed_avg_ms,0,S01,10,771.4238600840847,77.14238600840847
optionC_date_aligned_n107_order_locked,Wind speed,wind_speed_avg_ms,0,S02,11,4168.891458889047,378.990132626277
optionC_date_aligned_n107_order_locked,Wind speed,wind_speed_avg_ms,0,S03,11,-10827.841119591678,-984.3491926901526
optionC_date_aligned_n107_order_locked,Wind speed,wind_speed_avg_ms,0,S04,11,-3995.8067702027574,-363.2551609275234
optionC_date_aligned_n107_order_locked,Wind speed,wind_speed_avg_ms,0,S05,11,4399.2416050668435,399.9310550060767
optionC_date_aligned_n107_order_locked,Wind speed,wind_speed_avg_ms,0,S06,11,16158.817929054369,1468.9834480958516
optionC_date_aligned_n107_order_locked,Wind speed,wind_speed_avg_ms,0,S07,11,9903.403567683661,900.3094152439692
optionC_date_aligned_n107_order_locked,Wind speed,wind_speed_avg_ms,0,S08,11,-591.7630127141256,-53.79663751946596
optionC_date_aligned_n107_order_locked,Wind speed,wind_speed_avg_ms,0,S09,10,22849.442134706656,2284.9442134706655
optionC_date_aligned_n107_order_locked,Wind speed,wind_speed_avg_ms,0,S10,10,6801.74189027818,680.174189027818
optionC_date_aligned_n107_order_locked,Wind speed,wind_speed_avg_ms,1,S01,10,-1386.0032100111894,-138.60032100111894
optionC_date_aligned_n107_order_locked,Wind speed,wind_speed_avg_ms,1,S02,11,2761.2491674055223,251.0226515823202
optionC_date_aligned_n107_order_locked,Wind speed,wind_speed_avg_ms,1,S03,11,-17001.157200149937,-1545.559745468176
optionC_date_aligned_n107_order_locked,Wind speed,wind_speed_avg_ms,1,S04,11,-11026.5287803623,-1002.4117073056636
optionC_date_aligned_n107_order_locked,Wind speed,wind_speed_avg_ms,1,S05,11,4767.849050227641,433.44082274796733
optionC_date_aligned_n107_order_locked,Wind speed,wind_speed_avg_ms,1,S06,11,12123.597139146284,1102.145194467844
optionC_date_aligned_n107_order_locked,Wind speed,wind_speed_avg_ms,1,S07,11,15852.177738129047,1441.1070671026407
optionC_date_aligned_n107_order_locked,Wind speed,wind_speed_avg_ms,1,S08,11,-9692.040763832949,-881.0946148939045
optionC_date_aligned_n107_order_locked,Wind speed,wind_speed_avg_ms,1,S09,10,7173.988069578951,717.3988069578951
optionC_date_aligned_n107_order_locked,Wind speed,wind_speed_avg_ms,1,S10,10,3850.2955622704767,385.0295562270477
optionC_date_aligned_n107_order_locked,Wind speed,wind_speed_avg_ms,2,S01,10,-5171.549354527722,-517.1549354527722
optionC_date_aligned_n107_order_locked,Wind speed,wind_speed_avg_ms,2,S02,11,2202.1742064624127,200.1976551329466
optionC_date_aligned_n107_order_locked,Wind speed,wind_speed_avg_ms,2,S03,11,-14118.266908253656,-1283.4788098412414
optionC_date_aligned_n107_order_locked,Wind speed,wind_speed_avg_ms,2,S04,11,-10149.557133803019,-922.6870121639108
optionC_date_aligned_n107_order_locked,Wind speed,wind_speed_avg_ms,2,S05,11,1448.2733444387086,131.66121313079168
optionC_date_aligned_n107_order_locked,Wind speed,wind_speed_avg_ms,2,S06,11,9049.484746499365,822.6804314999423
optionC_date_aligned_n107_order_locked,Wind speed,wind_speed_avg_ms,2,S07,11,15908.042445353582,1446.1856768503255
optionC_date_aligned_n107_order_locked,Wind speed,wind_speed_avg_ms,2,S08,11,-1412.831294356869,-128.43920857789718
optionC_date_aligned_n107_order_locked,Wind speed,wind_speed_avg_ms,2,S09,10,7092.118408394862,709.2118408394862
optionC_date_aligned_n107_order_locked,Wind speed,wind_speed_avg_ms,2,S10,10,1649.5084661788433,164.95084661788434
optionC_date_aligned_n107_order_locked,Wind speed,wind_speed_avg_ms,3,S01,10,-4148.852949692509,-414.88529496925094
optionC_date_aligned_n107_order_locked,Wind speed,wind_speed_avg_ms,3,S02,11,-4746.847886612488,-431.5316260556807
optionC_date_aligned_n107_order_locked,Wind speed,wind_speed_avg_ms,3,S03,11,-10853.12790790125,-986.6479916273863
optionC_date_aligned_n107_order_locked,Wind speed,wind_speed_avg_ms,3,S04,11,-10198.172953163348,-927.1066321057589
optionC_date_aligned_n107_order_locked,Wind speed,wind_speed_avg_ms,3,S05,11,5391.819210579428,490.165382779948
optionC_date_aligned_n107_order_locked,Wind speed,wind_speed_avg_ms,3,S06,11,8011.168265813022,728.2880241648202
optionC_date_aligned_n107_order_locked,Wind speed,wind_speed_avg_ms,3,S07,11,16002.455988306,1454.7687262096363
optionC_date_aligned_n107_order_locked,Wind speed,wind_speed_avg_ms,3,S08,11,-1979.2882485082766,-179.93529531893424
optionC_date_aligned_n107_order_locked,Wind speed,wind_speed_avg_ms,3,S09,10,4589.867168917697,458.98671689176973
optionC_date_aligned_n107_order_locked,Wind speed,wind_speed_avg_ms,3,S10,10,-2532.754990213421,-253.2754990213421
optionC_date_aligned_n107_order_locked,Wind speed,wind_speed_avg_ms,4,S01,10,5569.289213786912,556.9289213786913
optionC_date_aligned_n107_order_locked,Wind speed,wind_speed_avg_ms,4,S02,11,-5514.67110075201,-501.3337364320009
optionC_date_aligned_n107_order_locked,Wind speed,wind_speed_avg_ms,4,S03,11,-15205.016378904053,-1382.2742162640047
optionC_date_aligned_n107_order_locked,Wind speed,wind_speed_avg_ms,4,S04,11,-12208.222985995737,-1109.8384532723396
optionC_date_aligned_n107_order_locked,Wind speed,wind_speed_avg_ms,4,S05,11,6415.032071328073,583.1847337570975
optionC_date_aligned_n107_order_locked,Wind speed,wind_speed_avg_ms,4,S06,11,5294.584801702619,481.32589106387445
optionC_date_aligned_n107_order_locked,Wind speed,wind_speed_avg_ms,4,S07,11,13864.345303310181,1260.395027573653
optionC_date_aligned_n107_order_locked,Wind speed,wind_speed_avg_ms,4,S08,11,-809.1235073236827,-73.55668248397116
optionC_date_aligned_n107_order_locked,Wind speed,wind_speed_avg_ms,4,S09,10,729.4344751460933,72.94344751460933
optionC_date_aligned_n107_order_locked,Wind speed,wind_speed_avg_ms,4,S10,10,-1896.4038916805112,-189.64038916805112
optionC_date_aligned_n107_order_locked,Wind speed,wind_speed_avg_ms,5,S01,10,-2191.33453020811,-219.13345302081103
optionC_date_aligned_n107_order_locked,Wind speed,wind_speed_avg_ms,5,S02,11,-953.0454488956254,-86.64049535414777
optionC_date_aligned_n107_order_locked,Wind speed,wind_speed_avg_ms,5,S03,11,-14278.4627062541,-1298.0420642049182
optionC_date_aligned_n107_order_locked,Wind speed,wind_speed_avg_ms,5,S04,11,-13984.662122729642,-1271.3329202481493
optionC_date_aligned_n107_order_locked,Wind speed,wind_speed_avg_ms,5,S05,11,4157.417868376062,377.94707894327837
optionC_date_aligned_n107_order_locked,Wind speed,wind_speed_avg_ms,5,S06,11,2570.6054402005193,233.69140365459268
optionC_date_aligned_n107_order_locked,Wind speed,wind_speed_avg_ms,5,S07,11,10716.454108320566,974.2231007564151
optionC_date_aligned_n107_order_locked,Wind speed,wind_speed_avg_ms,5,S08,11,-6084.921738567118,-553.1747035061017
optionC_date_aligned_n107_order_locked,Wind speed,wind_speed_avg_ms,5,S09,10,5741.593442141969,574.1593442141968
optionC_date_aligned_n107_order_locked,Wind speed,wind_speed_avg_ms,5,S10,10,4288.813046014943,428.8813046014943
optionC_date_aligned_n107_order_locked,Wind speed,wind_speed_avg_ms,6,S01,10,-3099.327565099101,-309.93275650991006
optionC_date_aligned_n107_order_locked,Wind speed,wind_speed_avg_ms,6,S02,11,-830.2357480065333,-75.47597709150303
optionC_date_aligned_n107_order_locked,Wind speed,wind_speed_avg_ms,6,S03,11,-15220.902837339327,-1383.7184397581207
optionC_date_aligned_n107_order_locked,Wind speed,wind_speed_avg_ms,6,S04,11,-10278.846578247358,-934.440598022487
optionC_date_aligned_n107_order_locked,Wind speed,wind_speed_avg_ms,6,S05,11,2869.960985449505,260.9055441317732
optionC_date_aligned_n107_order_locked,Wind speed,wind_speed_avg_ms,6,S06,11,3803.542730096541,345.7766118269583
optionC_date_aligned_n107_order_locked,Wind speed,wind_speed_avg_ms,6,S07,11,9115.939242583107,828.7217493257369
optionC_date_aligned_n107_order_locked,Wind speed,wind_speed_avg_ms,6,S08,11,-7091.73426733492,-644.7031152122655
optionC_date_aligned_n107_order_locked,Wind speed,wind_speed_avg_ms,6,S09,10,2751.0191877168886,275.1019187716889
optionC_date_aligned_n107_order_locked,Wind speed,wind_speed_avg_ms,6,S10,10,2419.828490740213,241.98284907402132
optionC_date_aligned_n107_order_locked,Wind speed,wind_speed_avg_ms,7,S01,10,-1575.8540780096691,-157.58540780096692
optionC_date_aligned_n107_order_locked,Wind speed,wind_speed_avg_ms,7,S02,11,-933.6120545803766,-84.8738231436706
optionC_date_aligned_n107_order_locked,Wind speed,wind_speed_avg_ms,7,S03,11,-16050.277601038515,-1459.116145548956
optionC_date_aligned_n107_order_locked,Wind speed,wind_speed_avg_ms,7,S04,11,-7868.674311580053,-715.3340283254594
optionC_date_aligned_n107_order_locked,Wind speed,wind_speed_avg_ms,7,S05,11,-854.6926612733723,-77.69933284303384
optionC_date_aligned_n107_order_locked,Wind speed,wind_speed_avg_ms,7,S06,11,4168.533901754043,378.9576274321857
optionC_date_aligned_n107_order_locked,Wind speed,wind_speed_avg_ms,7,S07,11,6778.584559443449,616.2349599494045
optionC_date_aligned_n107_order_locked,Wind speed,wind_speed_avg_ms,7,S08,11,-7304.865827222659,-664.0787115656963
optionC_date_aligned_n107_order_locked,Wind speed,wind_speed_avg_ms,7,S09,10,5264.555731534448,526.4555731534448
optionC_date_aligned_n107_order_locked,Wind speed,wind_speed_avg_ms,7,S10,10,5231.753952216758,523.1753952216758
optionC_date_aligned_n107_order_locked,Wind speed,wind_speed_avg_ms,8,S01,10,-2548.9263518505977,-254.89263518505976
optionC_date_aligned_n107_order_locked,Wind speed,wind_speed_avg_ms,8,S02,11,-889.804241461232,-80.89129467829382
optionC_date_aligned_n107_order_locked,Wind speed,wind_speed_avg_ms,8,S03,11,-14280.673248767542,-1298.243022615231
optionC_date_aligned_n107_order_locked,Wind speed,wind_speed_avg_ms,8,S04,11,-8568.938468407667,-778.9944062188788
optionC_date_aligned_n107_order_locked,Wind speed,wind_speed_avg_ms,8,S05,11,-673.6590533468534,-61.24173212244122
optionC_date_aligned_n107_order_locked,Wind speed,wind_speed_avg_ms,8,S06,11,4045.4160139833866,367.7650921803079
optionC_date_aligned_n107_order_locked,Wind speed,wind_speed_avg_ms,8,S07,11,7686.893854892517,698.8085322629561
optionC_date_aligned_n107_order_locked,Wind speed,wind_speed_avg_ms,8,S08,11,-8386.752813515091,-762.4320739559174
optionC_date_aligned_n107_order_locked,Wind speed,wind_speed_avg_ms,8,S09,10,10222.71569601195,1022.271569601195
optionC_date_aligned_n107_order_locked,Wind speed,wind_speed_avg_ms,8,S10,10,5873.885776791894,587.3885776791894
optionC_date_aligned_n107_order_locked,Wind speed,wind_speed_avg_ms,9,S01,10,-2491.952031539782,-249.1952031539782
optionC_date_aligned_n107_order_locked,Wind speed,wind_speed_avg_ms,9,S02,11,-478.75335819734755,-43.52303256339523
optionC_date_aligned_n107_order_locked,Wind speed,wind_speed_avg_ms,9,S03,11,-14478.503489892239,-1316.2275899902036
optionC_date_aligned_n107_order_locked,Wind speed,wind_speed_avg_ms,9,S04,11,-8700.00276026591,-790.9093418423555
optionC_date_aligned_n107_order_locked,Wind speed,wind_speed_avg_ms,9,S05,11,-2282.2949782676483,-207.48136166069528
optionC_date_aligned_n107_order_locked,Wind speed,wind_speed_avg_ms,9,S06,11,3204.4792633275188,291.31629666613804
optionC_date_aligned_n107_order_locked,Wind speed,wind_speed_avg_ms,9,S07,11,7190.3078310170795,653.66434827428
optionC_date_aligned_n107_order_locked,Wind speed,wind_speed_avg_ms,9,S08,11,-8162.697493134921,-742.063408466811
optionC_date_aligned_n107_order_locked,Wind speed,wind_speed_avg_ms,9,S09,10,12632.811030148672,1263.2811030148673
optionC_date_aligned_n107_order_locked,Wind speed,wind_speed_avg_ms,9,S10,10,3545.3068726109814,354.53068726109814
optionC_date_aligned_n107_order_locked,Wind speed,wind_speed_avg_ms,10,S01,10,605.5204904461921,60.55204904461921
optionC_date_aligned_n107_order_locked,Wind speed,wind_speed_avg_ms,10,S02,11,2702.674036910606,245.697639719146
optionC_date_aligned_n107_order_locked,Wind speed,wind_speed_avg_ms,10,S03,11,-14766.997969343556,-1342.4543608494141
optionC_date_aligned_n107_order_locked,Wind speed,wind_speed_avg_ms,10,S04,11,-7550.2959212016885,-686.3905382910626
optionC_date_aligned_n107_order_locked,Wind speed,wind_speed_avg_ms,10,S05,11,-2571.4760564810576,-233.77055058918705
optionC_date_aligned_n107_order_locked,Wind speed,wind_speed_avg_ms,10,S06,11,4463.126791494651,405.73879922678645
optionC_date_aligned_n107_order_locked,Wind speed,wind_speed_avg_ms,10,S07,11,5093.896669419906,463.08151540180967
optionC_date_aligned_n107_order_locked,Wind speed,wind_speed_avg_ms,10,S08,11,-11052.806011938406,-1004.8005465398551
optionC_date_aligned_n107_order_locked,Wind speed,wind_speed_avg_ms,10,S09,10,16231.70807755659,1623.170807755659
optionC_date_aligned_n107_order_locked,Wind speed,wind_speed_avg_ms,10,S10,10,5934.610599410072,593.4610599410072
optionC_date_aligned_n107_order_locked,Sunshine,sunshine_avg_hr,0,S01,10,23050.10888296451,2305.010888296451
optionC_date_aligned_n107_order_locked,Sunshine,sunshine_avg_hr,0,S02,11,14328.073322993396,1302.5521202721268
optionC_date_aligned_n107_order_locked,Sunshine,sunshine_avg_hr,0,S03,11,-14656.859597505387,-1332.4417815913987
optionC_date_aligned_n107_order_locked,Sunshine,sunshine_avg_hr,0,S04,11,25342.10274034797,2303.8275218498156
optionC_date_aligned_n107_order_locked,Sunshine,sunshine_avg_hr,0,S05,11,12425.081194945284,1129.5528359041166
optionC_date_aligned_n107_order_locked,Sunshine,sunshine_avg_hr,0,S06,11,36249.39867637351,3295.399879670319
optionC_date_aligned_n107_order_locked,Sunshine,sunshine_avg_hr,0,S07,11,39080.933802264924,3552.812163842266
optionC_date_aligned_n107_order_locked,Sunshine,sunshine_avg_hr,0,S08,11,59091.85910598255,5371.9871914529585
optionC_date_aligned_n107_order_locked,Sunshine,sunshine_avg_hr,0,S09,10,11131.672798530099,1113.1672798530099
optionC_date_aligned_n107_order_locked,Sunshine,sunshine_avg_hr,0,S10,10,5691.263132367511,569.1263132367511
optionC_date_aligned_n107_order_locked,Sunshine,sunshine_avg_hr,1,S01,10,-8751.246306883399,-875.1246306883398
optionC_date_aligned_n107_order_locked,Sunshine,sunshine_avg_hr,1,S02,11,-16411.265841112137,-1491.9332582829215
optionC_date_aligned_n107_order_locked,Sunshine,sunshine_avg_hr,1,S03,11,-11290.289229521088,-1026.3899299564625
optionC_date_aligned_n107_order_locked,Sunshine,sunshine_avg_hr,1,S04,11,-1158.0253525597946,-105.27503205089042
optionC_date_aligned_n107_order_locked,Sunshine,sunshine_avg_hr,1,S05,11,-15648.313842435375,-1422.573985675943
optionC_date_aligned_n107_order_locked,Sunshine,sunshine_avg_hr,1,S06,11,32552.33406808468,2959.3030970986074
optionC_date_aligned_n107_order_locked,Sunshine,sunshine_avg_hr,1,S07,11,10949.311960557498,995.391996414318
optionC_date_aligned_n107_order_locked,Sunshine,sunshine_avg_hr,1,S08,11,31487.614481915916,2862.5104074469014
optionC_date_aligned_n107_order_locked,Sunshine,sunshine_avg_hr,1,S09,10,-1998.2435658283794,-199.82435658283794
optionC_date_aligned_n107_order_locked,Sunshine,sunshine_avg_hr,1,S10,10,7821.15711403428,782.115711403428
optionC_date_aligned_n107_order_locked,Sunshine,sunshine_avg_hr,2,S01,10,-20444.40195730359,-2044.4401957303592
optionC_date_aligned_n107_order_locked,Sunshine,sunshine_avg_hr,2,S02,11,-14653.027181756854,-1332.093380159714
optionC_date_aligned_n107_order_locked,Sunshine,sunshine_avg_hr,2,S03,11,-10876.058082135392,-988.7325529213994
optionC_date_aligned_n107_order_locked,Sunshine,sunshine_avg_hr,2,S04,11,480.82067861151677,43.71097078286516
optionC_date_aligned_n107_order_locked,Sunshine,sunshine_avg_hr,2,S05,11,-13837.83919998786,-1257.9853818170782
optionC_date_aligned_n107_order_locked,Sunshine,sunshine_avg_hr,2,S06,11,22103.316516510564,2009.3924105918695
optionC_date_aligned_n107_order_locked,Sunshine,sunshine_avg_hr,2,S07,11,3428.635534808317,311.6941395280288
optionC_date_aligned_n107_order_locked,Sunshine,sunshine_avg_hr,2,S08,11,32340.509854141805,2940.0463503765277
optionC_date_aligned_n107_order_locked,Sunshine,sunshine_avg_hr,2,S09,10,-10341.801616638448,-1034.1801616638447
optionC_date_aligned_n107_order_locked,Sunshine,sunshine_avg_hr,2,S10,10,265.60223912392553,26.56022391239255
optionC_date_aligned_n107_order_locked,Sunshine,sunshine_avg_hr,3,S01,10,-18993.15931311326,-1899.315931311326
optionC_date_aligned_n107_order_locked,Sunshine,sunshine_avg_hr,3,S02,11,-11710.531433943937,-1064.593766722176
optionC_date_aligned_n107_order_locked,Sunshine,sunshine_avg_hr,3,S03,11,-7529.845591781528,-684.5314174346844
optionC_date_aligned_n107_order_locked,Sunshine,sunshine_avg_hr,3,S04,11,-2706.5926860133504,-246.0538805466682
optionC_date_aligned_n107_order_locked,Sunshine,sunshine_avg_hr,3,S05,11,6276.439062298825,570.5853692998932
optionC_date_aligned_n107_order_locked,Sunshine,sunshine_avg_hr,3,S06,11,17472.839406555842,1588.439946050531
optionC_date_aligned_n107_order_locked,Sunshine,sunshine_avg_hr,3,S07,11,1.4681365310857473,0.13346695737143158
optionC_date_aligned_n107_order_locked,Sunshine,sunshine_avg_hr,3,S08,11,30948.65705576059,2813.514277796417
optionC_date_aligned_n107_order_locked,Sunshine,sunshine_avg_hr,3,S09,10,-5075.673476151784,-507.5673476151784
optionC_date_aligned_n107_order_locked,Sunshine,sunshine_avg_hr,3,S10,10,502.1273277959242,50.21273277959242
optionC_date_aligned_n107_order_locked,Sunshine,sunshine_avg_hr,4,S01,10,-3012.354925940264,-301.23549259402637
optionC_date_aligned_n107_order_locked,Sunshine,sunshine_avg_hr,4,S02,11,-9678.488333965284,-879.8625758150258
optionC_date_aligned_n107_order_locked,Sunshine,sunshine_avg_hr,4,S03,11,-7240.730603104519,-658.2482366458654
optionC_date_aligned_n107_order_locked,Sunshine,sunshine_avg_hr,4,S04,11,-1491.237365254376,-135.56703320494327
optionC_date_aligned_n107_order_locked,Sunshine,sunshine_avg_hr,4,S05,11,4878.292675427125,443.4811523115568
optionC_date_aligned_n107_order_locked,Sunshine,sunshine_avg_hr,4,S06,11,16465.117432197523,1496.828857472502
optionC_date_aligned_n107_order_locked,Sunshine,sunshine_avg_hr,4,S07,11,1154.980594462481,104.99823586022553
optionC_date_aligned_n107_order_locked,Sunshine,sunshine_avg_hr,4,S08,11,29491.24652682435,2681.0224115294864
optionC_date_aligned_n107_order_locked,Sunshine,sunshine_avg_hr,4,S09,10,-1971.270858817063,-197.1270858817063
optionC_date_aligned_n107_order_locked,Sunshine,sunshine_avg_hr,4,S10,10,-1659.4828133218866,-165.94828133218866
optionC_date_aligned_n107_order_locked,Sunshine,sunshine_avg_hr,5,S01,10,2085.975535750081,208.59755357500808
optionC_date_aligned_n107_order_locked,Sunshine,sunshine_avg_hr,5,S02,11,-5825.806740128037,-529.6187945570942
optionC_date_aligned_n107_order_locked,Sunshine,sunshine_avg_hr,5,S03,11,-3381.5791531516948,-307.41628665015406
optionC_date_aligned_n107_order_locked,Sunshine,sunshine_avg_hr,5,S04,11,1082.524716072293,98.4113378247539
optionC_date_aligned_n107_order_locked,Sunshine,sunshine_avg_hr,5,S05,11,755.2500220396902,68.65909291269911
optionC_date_aligned_n107_order_locked,Sunshine,sunshine_avg_hr,5,S06,11,16426.570904127762,1493.3246276479783
optionC_date_aligned_n107_order_locked,Sunshine,sunshine_avg_hr,5,S07,11,2731.943061981999,248.35846018018174
optionC_date_aligned_n107_order_locked,Sunshine,sunshine_avg_hr,5,S08,11,28976.94844940437,2634.2680408549427
optionC_date_aligned_n107_order_locked,Sunshine,sunshine_avg_hr,5,S09,10,375.19268620005494,37.51926862000549
optionC_date_aligned_n107_order_locked,Sunshine,sunshine_avg_hr,5,S10,10,-570.4262509060947,-57.04262509060946
optionC_date_aligned_n107_order_locked,Sunshine,sunshine_avg_hr,6,S01,10,909.3153475356821,90.93153475356822
optionC_date_aligned_n107_order_locked,Sunshine,sunshine_avg_hr,6,S02,11,-6696.425040301628,-608.7659127546934
optionC_date_aligned_n107_order_locked,Sunshine,sunshine_avg_hr,6,S03,11,-4056.352517143317,-368.7593197403016
optionC_date_aligned_n107_order_locked,Sunshine,sunshine_avg_hr,6,S04,11,2489.44058278745,226.31278025340453
optionC_date_aligned_n107_order_locked,Sunshine,sunshine_avg_hr,6,S05,11,-2065.3720139934426,-187.76109218122204
optionC_date_aligned_n107_order_locked,Sunshine,sunshine_avg_hr,6,S06,11,17766.053034054214,1615.0957303685648
optionC_date_aligned_n107_order_locked,Sunshine,sunshine_avg_hr,6,S07,11,2667.8991519580863,242.53628654164422
optionC_date_aligned_n107_order_locked,Sunshine,sunshine_avg_hr,6,S08,11,28844.749889969804,2622.249989997255
optionC_date_aligned_n107_order_locked,Sunshine,sunshine_avg_hr,6,S09,10,1287.4267843722455,128.74267843722455
optionC_date_aligned_n107_order_locked,Sunshine,sunshine_avg_hr,6,S10,10,1694.7777912324989,169.4777791232499
optionC_date_aligned_n107_order_locked,Sunshine,sunshine_avg_hr,7,S01,10,3147.9633643193224,314.7963364319322
optionC_date_aligned_n107_order_locked,Sunshine,sunshine_avg_hr,7,S02,11,759.376310166829,69.03421001516627
optionC_date_aligned_n107_order_locked,Sunshine,sunshine_avg_hr,7,S03,11,-2194.5399173027463,-199.5036288457042
optionC_date_aligned_n107_order_locked,Sunshine,sunshine_avg_hr,7,S04,11,3433.7276265852142,312.1570569622922
optionC_date_aligned_n107_order_locked,Sunshine,sunshine_avg_hr,7,S05,11,1916.114003408911,174.1921821280828
optionC_date_aligned_n107_order_locked,Sunshine,sunshine_avg_hr,7,S06,11,18736.8263301938,1703.3478481994362
optionC_date_aligned_n107_order_locked,Sunshine,sunshine_avg_hr,7,S07,11,4175.452547974854,379.58659527044125
optionC_date_aligned_n107_order_locked,Sunshine,sunshine_avg_hr,7,S08,11,27161.782493023617,2469.252953911238
optionC_date_aligned_n107_order_locked,Sunshine,sunshine_avg_hr,7,S09,10,3109.0276061870077,310.90276061870077
optionC_date_aligned_n107_order_locked,Sunshine,sunshine_avg_hr,7,S10,10,-2378.4567985499925,-237.84567985499925
optionC_date_aligned_n107_order_locked,Sunshine,sunshine_avg_hr,8,S01,10,2791.216071908664,279.1216071908664
optionC_date_aligned_n107_order_locked,Sunshine,sunshine_avg_hr,8,S02,11,936.4245301783255,85.12950274348414
optionC_date_aligned_n107_order_locked,Sunshine,sunshine_avg_hr,8,S03,11,-3292.6196512155557,-299.32905920141417
optionC_date_aligned_n107_order_locked,Sunshine,sunshine_avg_hr,8,S04,11,1.096006950060655,0.09963699546005955
optionC_date_aligned_n107_order_locked,Sunshine,sunshine_avg_hr,8,S05,11,2379.3484454051413,216.30440412774013
optionC_date_aligned_n107_order_locked,Sunshine,sunshine_avg_hr,8,S06,11,17918.86648723373,1628.9878624757935
optionC_date_aligned_n107_order_locked,Sunshine,sunshine_avg_hr,8,S07,11,5094.5522971847695,463.1411179258881
optionC_date_aligned_n107_order_locked,Sunshine,sunshine_avg_hr,8,S08,11,28073.17506515095,2552.106824104632
optionC_date_aligned_n107_order_locked,Sunshine,sunshine_avg_hr,8,S09,10,940.7140690591359,94.07140690591359
optionC_date_aligned_n107_order_locked,Sunshine,sunshine_avg_hr,8,S10,10,-1745.1263272836409,-174.51263272836408
optionC_date_aligned_n107_order_locked,Sunshine,sunshine_avg_hr,9,S01,10,6953.595850697874,695.3595850697874
optionC_date_aligned_n107_order_locked,Sunshine,sunshine_avg_hr,9,S02,11,4311.933123201289,391.9939202910263
optionC_date_aligned_n107_order_locked,Sunshine,sunshine_avg_hr,9,S03,11,-7477.000786760272,-679.7273442509338
optionC_date_aligned_n107_order_locked,Sunshine,sunshine_avg_hr,9,S04,11,775.7977670554772,70.52706973231611
optionC_date_aligned_n107_order_locked,Sunshine,sunshine_avg_hr,9,S05,11,-155.38214006933492,-14.125649097212266
optionC_date_aligned_n107_order_locked,Sunshine,sunshine_avg_hr,9,S06,11,16897.164593550136,1536.1058721409215
optionC_date_aligned_n107_order_locked,Sunshine,sunshine_avg_hr,9,S07,11,5693.055172412999,517.5504702193635
optionC_date_aligned_n107_order_locked,Sunshine,sunshine_avg_hr,9,S08,11,21314.043814084824,1937.640346734984
optionC_date_aligned_n107_order_locked,Sunshine,sunshine_avg_hr,9,S09,10,71.35988409040488,7.135988409040488
optionC_date_aligned_n107_order_locked,Sunshine,sunshine_avg_hr,9,S10,10,373.25835895573346,37.32583589557335
optionC_date_aligned_n107_order_locked,Sunshine,sunshine_avg_hr,10,S01,10,5120.091747267161,512.0091747267161
optionC_date_aligned_n107_order_locked,Sunshine,sunshine_avg_hr,10,S02,11,2616.0955428124175,237.8268675284016
optionC_date_aligned_n107_order_locked,Sunshine,sunshine_avg_hr,10,S03,11,-8728.210213829472,-793.4736558026793
optionC_date_aligned_n107_order_locked,Sunshine,sunshine_avg_hr,10,S04,11,763.0886587115083,69.37169624650075
optionC_date_aligned_n107_order_locked,Sunshine,sunshine_avg_hr,10,S05,11,-990.0015484378031,-90.000140767073
optionC_date_aligned_n107_order_locked,Sunshine,sunshine_avg_hr,10,S06,11,14750.689143575179,1340.9717403250163
optionC_date_aligned_n107_order_locked,Sunshine,sunshine_avg_hr,10,S07,11,5609.664499466591,509.9694999515083
optionC_date_aligned_n107_order_locked,Sunshine,sunshine_avg_hr,10,S08,11,22292.254336215665,2026.5685760196059
optionC_date_aligned_n107_order_locked,Sunshine,sunshine_avg_hr,10,S09,10,-1409.4919422385715,-140.94919422385715
optionC_date_aligned_n107_order_locked,Sunshine,sunshine_avg_hr,10,S10,10,-1300.6849934488691,-130.0684993448869
optionC_date_aligned_n107_order_locked,Pressure,pressure_avg_hPa,0,S01,10,-407417.2675050145,-40741.726750501446
optionC_date_aligned_n107_order_locked,Pressure,pressure_avg_hPa,0,S02,11,-184503.6157079451,-16773.055973449555
optionC_date_aligned_n107_order_locked,Pressure,pressure_avg_hPa,0,S03,11,-21586.714490596853,-1962.4285900542593
optionC_date_aligned_n107_order_locked,Pressure,pressure_avg_hPa,0,S04,11,-186169.94995189045,-16924.540904717313
optionC_date_aligned_n107_order_locked,Pressure,pressure_avg_hPa,0,S05,11,-114547.62812347317,-10413.420738497562
optionC_date_aligned_n107_order_locked,Pressure,pressure_avg_hPa,0,S06,11,-34636.9579988652,-3148.8143635332
optionC_date_aligned_n107_order_locked,Pressure,pressure_avg_hPa,0,S07,11,-88145.89021788732,-8013.262747080666
optionC_date_aligned_n107_order_locked,Pressure,pressure_avg_hPa,0,S08,11,-6613.409829678221,-601.2190754252929
optionC_date_aligned_n107_order_locked,Pressure,pressure_avg_hPa,0,S09,10,-258479.18932145133,-25847.918932145134
optionC_date_aligned_n107_order_locked,Pressure,pressure_avg_hPa,0,S10,10,-183629.98247266113,-18362.998247266114
optionC_date_aligned_n107_order_locked,Pressure,pressure_avg_hPa,1,S01,10,-175173.2124078561,-17517.32124078561
optionC_date_aligned_n107_order_locked,Pressure,pressure_avg_hPa,1,S02,11,-90863.99850844793,-8260.363500767993
optionC_date_aligned_n107_order_locked,Pressure,pressure_avg_hPa,1,S03,11,71213.8463068152,6473.9860278922915
optionC_date_aligned_n107_order_locked,Pressure,pressure_avg_hPa,1,S04,11,-50006.175966389266,-4546.0159969444785
optionC_date_aligned_n107_order_locked,Pressure,pressure_avg_hPa,1,S05,11,-145268.06756049476,-13206.187960044977
optionC_date_aligned_n107_order_locked,Pressure,pressure_avg_hPa,1,S06,11,40996.598467115175,3726.9634970104703
optionC_date_aligned_n107_order_locked,Pressure,pressure_avg_hPa,1,S07,11,28044.23387905168,2549.4758071865162
optionC_date_aligned_n107_order_locked,Pressure,pressure_avg_hPa,1,S08,11,94611.73232496004,8601.066574996368
optionC_date_aligned_n107_order_locked,Pressure,pressure_avg_hPa,1,S09,10,-35510.9214523487,-3551.0921452348703
optionC_date_aligned_n107_order_locked,Pressure,pressure_avg_hPa,1,S10,10,-29679.37248346318,-2967.937248346318
optionC_date_aligned_n107_order_locked,Pressure,pressure_avg_hPa,2,S01,10,-250670.37277837846,-25067.037277837844
optionC_date_aligned_n107_order_locked,Pressure,pressure_avg_hPa,2,S02,11,-23701.71660498208,-2154.7015095438255
optionC_date_aligned_n107_order_locked,Pressure,pressure_avg_hPa,2,S03,11,33528.3617558947,3048.0328868995184
optionC_date_aligned_n107_order_locked,Pressure,pressure_avg_hPa,2,S04,11,3311.218051251435,301.01982284103957
optionC_date_aligned_n107_order_locked,Pressure,pressure_avg_hPa,2,S05,11,-113455.09288943764,-10314.09935358524
optionC_date_aligned_n107_order_locked,Pressure,pressure_avg_hPa,2,S06,11,2696.77251523224,245.16113774838547
optionC_date_aligned_n107_order_locked,Pressure,pressure_avg_hPa,2,S07,11,22459.867270707527,2041.8061155188661
optionC_date_aligned_n107_order_locked,Pressure,pressure_avg_hPa,2,S08,11,103010.78337262572,9364.616670238702
optionC_date_aligned_n107_order_locked,Pressure,pressure_avg_hPa,2,S09,10,-80670.43514612477,-8067.043514612477
optionC_date_aligned_n107_order_locked,Pressure,pressure_avg_hPa,2,S10,10,-30346.41589509725,-3034.641589509725
optionC_date_aligned_n107_order_locked,Pressure,pressure_avg_hPa,3,S01,10,-253050.05926695577,-25305.005926695576
optionC_date_aligned_n107_order_locked,Pressure,pressure_avg_hPa,3,S02,11,-7864.025198053878,-714.9113816412616
optionC_date_aligned_n107_order_locked,Pressure,pressure_avg_hPa,3,S03,11,33368.81623486689,3033.528748624263
optionC_date_aligned_n107_order_locked,Pressure,pressure_avg_hPa,3,S04,11,-16762.065424099612,-1523.8241294636011
optionC_date_aligned_n107_order_locked,Pressure,pressure_avg_hPa,3,S05,11,-28111.750250814497,-2555.6136591649542
optionC_date_aligned_n107_order_locked,Pressure,pressure_avg_hPa,3,S06,11,28272.39813204484,2570.218012004076
optionC_date_aligned_n107_order_locked,Pressure,pressure_avg_hPa,3,S07,11,5303.86674565754,482.1697041506855
optionC_date_aligned_n107_order_locked,Pressure,pressure_avg_hPa,3,S08,11,93868.08129415441,8533.46193583222
optionC_date_aligned_n107_order_locked,Pressure,pressure_avg_hPa,3,S09,10,-15190.88107855814,-1519.088107855814
optionC_date_aligned_n107_order_locked,Pressure,pressure_avg_hPa,3,S10,10,-11193.332986020272,-1119.3332986020273
optionC_date_aligned_n107_order_locked,Pressure,pressure_avg_hPa,4,S01,10,-153488.83483310792,-15348.883483310792
optionC_date_aligned_n107_order_locked,Pressure,pressure_avg_hPa,4,S02,11,15929.486816021963,1448.1351650929057
optionC_date_aligned_n107_order_locked,Pressure,pressure_avg_hPa,4,S03,11,8220.419611402238,747.3108737638398
optionC_date_aligned_n107_order_locked,Pressure,pressure_avg_hPa,4,S04,11,-5867.114883487279,-533.3740803170253
optionC_date_aligned_n107_order_locked,Pressure,pressure_avg_hPa,4,S05,11,-5884.660577726512,-534.969143429683
optionC_date_aligned_n107_order_locked,Pressure,pressure_avg_hPa,4,S06,11,31800.879901192966,2890.9890819266334
optionC_date_aligned_n107_order_locked,Pressure,pressure_avg_hPa,4,S07,11,16960.536304744484,1541.866936794953
optionC_date_aligned_n107_order_locked,Pressure,pressure_avg_hPa,4,S08,11,76493.85689817987,6953.986990743625
optionC_date_aligned_n107_order_locked,Pressure,pressure_avg_hPa,4,S09,10,-18735.439371690205,-1873.5439371690204
optionC_date_aligned_n107_order_locked,Pressure,pressure_avg_hPa,4,S10,10,-9968.849310373,-996.8849310373
optionC_date_aligned_n107_order_locked,Pressure,pressure_avg_hPa,5,S01,10,-153993.4910140013,-15399.34910140013
optionC_date_aligned_n107_order_locked,Pressure,pressure_avg_hPa,5,S02,11,29253.457206677198,2659.405200607018
optionC_date_aligned_n107_order_locked,Pressure,pressure_avg_hPa,5,S03,11,18616.292593030652,1692.3902357300592
optionC_date_aligned_n107_order_locked,Pressure,pressure_avg_hPa,5,S04,11,10583.774677289646,962.1613342990587
optionC_date_aligned_n107_order_locked,Pressure,pressure_avg_hPa,5,S05,11,-1341.2887130212057,-121.93533754738233
optionC_date_aligned_n107_order_locked,Pressure,pressure_avg_hPa,5,S06,11,30438.404161461433,2767.1276510419484
optionC_date_aligned_n107_order_locked,Pressure,pressure_avg_hPa,5,S07,11,20724.230505307652,1884.0209550279685
optionC_date_aligned_n107_order_locked,Pressure,pressure_avg_hPa,5,S08,11,72785.70289008398,6616.8820809167255
optionC_date_aligned_n107_order_locked,Pressure,pressure_avg_hPa,5,S09,10,-10991.68700629462,-1099.168700629462
optionC_date_aligned_n107_order_locked,Pressure,pressure_avg_hPa,5,S10,10,-7578.237776440409,-757.8237776440409
optionC_date_aligned_n107_order_locked,Pressure,pressure_avg_hPa,6,S01,10,-120520.97957055976,-12052.097957055976
optionC_date_aligned_n107_order_locked,Pressure,pressure_avg_hPa,6,S02,11,50958.84855488312,4632.622595898466
optionC_date_aligned_n107_order_locked,Pressure,pressure_avg_hPa,6,S03,11,15389.78458303328,1399.0713257302982
optionC_date_aligned_n107_order_locked,Pressure,pressure_avg_hPa,6,S04,11,33229.09076186674,3020.8264328969763
optionC_date_aligned_n107_order_locked,Pressure,pressure_avg_hPa,6,S05,11,-7562.12212967626,-687.4656481523872
optionC_date_aligned_n107_order_locked,Pressure,pressure_avg_hPa,6,S06,11,41133.72155503163,3739.4292322756028
optionC_date_aligned_n107_order_locked,Pressure,pressure_avg_hPa,6,S07,11,18356.897280137062,1668.8088436488238
optionC_date_aligned_n107_order_locked,Pressure,pressure_avg_hPa,6,S08,11,67786.09290315879,6162.372082105344
optionC_date_aligned_n107_order_locked,Pressure,pressure_avg_hPa,6,S09,10,-15174.719181781154,-1517.4719181781154
optionC_date_aligned_n107_order_locked,Pressure,pressure_avg_hPa,6,S10,10,-3247.5129156149324,-324.75129156149325
optionC_date_aligned_n107_order_locked,Pressure,pressure_avg_hPa,7,S01,10,-128897.20255799641,-12889.72025579964
optionC_date_aligned_n107_order_locked,Pressure,pressure_avg_hPa,7,S02,11,27338.097015647567,2485.2815468770514
optionC_date_aligned_n107_order_locked,Pressure,pressure_avg_hPa,7,S03,11,21441.743919132066,1949.2494471938242
optionC_date_aligned_n107_order_locked,Pressure,pressure_avg_hPa,7,S04,11,13733.51889779932,1248.5017179817564
optionC_date_aligned_n107_order_locked,Pressure,pressure_avg_hPa,7,S05,11,-10620.577350074711,-965.5070318249738
optionC_date_aligned_n107_order_locked,Pressure,pressure_avg_hPa,7,S06,11,39340.2502382119,3576.386385291991
optionC_date_aligned_n107_order_locked,Pressure,pressure_avg_hPa,7,S07,11,35027.766896227964,3184.342445111633
optionC_date_aligned_n107_order_locked,Pressure,pressure_avg_hPa,7,S08,11,73447.7345469857,6677.066776998699
optionC_date_aligned_n107_order_locked,Pressure,pressure_avg_hPa,7,S09,10,-31806.700690540114,-3180.6700690540115
optionC_date_aligned_n107_order_locked,Pressure,pressure_avg_hPa,7,S10,10,1672.5597881265367,167.25597881265367
optionC_date_aligned_n107_order_locked,Pressure,pressure_avg_hPa,8,S01,10,-132101.87168317952,-13210.187168317952
optionC_date_aligned_n107_order_locked,Pressure,pressure_avg_hPa,8,S02,11,35086.34726498473,3189.6679331804303
optionC_date_aligned_n107_order_locked,Pressure,pressure_avg_hPa,8,S03,11,16476.174543708552,1497.83404942805
optionC_date_aligned_n107_order_locked,Pressure,pressure_avg_hPa,8,S04,11,-19178.845355159858,-1743.5313959236234
optionC_date_aligned_n107_order_locked,Pressure,pressure_avg_hPa,8,S05,11,-10452.478078047341,-950.2252798224855
optionC_date_aligned_n107_order_locked,Pressure,pressure_avg_hPa,8,S06,11,38936.14734195403,3539.649758359457
optionC_date_aligned_n107_order_locked,Pressure,pressure_avg_hPa,8,S07,11,34994.2215397105,3181.2928672464095
optionC_date_aligned_n107_order_locked,Pressure,pressure_avg_hPa,8,S08,11,66565.81552788732,6051.437775262483
optionC_date_aligned_n107_order_locked,Pressure,pressure_avg_hPa,8,S09,10,-37893.72228284798,-3789.372228284798
optionC_date_aligned_n107_order_locked,Pressure,pressure_avg_hPa,8,S10,10,-8576.774400857665,-857.6774400857664
optionC_date_aligned_n107_order_locked,Pressure,pressure_avg_hPa,9,S01,10,-58086.76431393133,-5808.676431393133
optionC_date_aligned_n107_order_locked,Pressure,pressure_avg_hPa,9,S02,11,36484.79643788672,3316.79967617152
optionC_date_aligned_n107_order_locked,Pressure,pressure_avg_hPa,9,S03,11,-28119.63385240756,-2556.330350218869
optionC_date_aligned_n107_order_locked,Pressure,pressure_avg_hPa,9,S04,11,-42711.425926397395,-3882.856902399763
optionC_date_aligned_n107_order_locked,Pressure,pressure_avg_hPa,9,S05,11,-59513.78268072814,-5410.343880066194
optionC_date_aligned_n107_order_locked,Pressure,pressure_avg_hPa,9,S06,11,86314.53978211453,7846.776343828594
optionC_date_aligned_n107_order_locked,Pressure,pressure_avg_hPa,9,S07,11,10565.801796121794,960.5274360110722
optionC_date_aligned_n107_order_locked,Pressure,pressure_avg_hPa,9,S08,11,48409.31341418504,4400.846674016821
optionC_date_aligned_n107_order_locked,Pressure,pressure_avg_hPa,9,S09,10,-32179.355126179827,-3217.9355126179826
optionC_date_aligned_n107_order_locked,Pressure,pressure_avg_hPa,9,S10,10,-45447.95093762418,-4544.795093762417
optionC_date_aligned_n107_order_locked,Pressure,pressure_avg_hPa,10,S01,10,-65031.56278201301,-6503.156278201301
optionC_date_aligned_n107_order_locked,Pressure,pressure_avg_hPa,10,S02,11,31785.20358123119,2889.5639619301082
optionC_date_aligned_n107_order_locked,Pressure,pressure_avg_hPa,10,S03,11,-29051.484466474914,-2641.0440424068106
optionC_date_aligned_n107_order_locked,Pressure,pressure_avg_hPa,10,S04,11,-46671.75992343605,-4242.8872657669135
optionC_date_aligned_n107_order_locked,Pressure,pressure_avg_hPa,10,S05,11,-58735.84370550386,-5339.622155045806
optionC_date_aligned_n107_order_locked,Pressure,pressure_avg_hPa,10,S06,11,86833.14327367384,7893.92211578853
optionC_date_aligned_n107_order_locked,Pressure,pressure_avg_hPa,10,S07,11,12171.210613715833,1106.473692155985
optionC_date_aligned_n107_order_locked,Pressure,pressure_avg_hPa,10,S08,11,46605.26263493831,4236.842057721665
optionC_date_aligned_n107_order_locked,Pressure,pressure_avg_hPa,10,S09,10,-30125.45544616141,-3012.545544616141
optionC_date_aligned_n107_order_locked,Pressure,pressure_avg_hPa,10,S10,10,-54349.10342909681,-5434.910342909681
optionC_date_aligned_n107_order_locked,Discharge,discharge_mean_m3s,0,S01,10,-1184595.4514610905,-118459.54514610904
optionC_date_aligned_n107_order_locked,Discharge,discharge_mean_m3s,0,S02,11,-1198464.3482775027,-108951.30438886388
optionC_date_aligned_n107_order_locked,Discharge,discharge_mean_m3s,0,S03,11,956848.224634625,86986.20223951136
optionC_date_aligned_n107_order_locked,Discharge,discharge_mean_m3s,0,S04,11,-1081541.2190650376,-98321.9290059125
optionC_date_aligned_n107_order_locked,Discharge,discharge_mean_m3s,0,S05,11,-187474.9685891861,-17043.17896265328
optionC_date_aligned_n107_order_locked,Discharge,discharge_mean_m3s,0,S06,11,-876050.8064654537,-79640.98240595033
optionC_date_aligned_n107_order_locked,Discharge,discharge_mean_m3s,0,S07,11,-2509874.571365301,-228170.41557866373
optionC_date_aligned_n107_order_locked,Discharge,discharge_mean_m3s,0,S08,11,-3740435.107302514,-340039.55520931946
optionC_date_aligned_n107_order_locked,Discharge,discharge_mean_m3s,0,S09,10,-2113994.7989370073,-211399.47989370074
optionC_date_aligned_n107_order_locked,Discharge,discharge_mean_m3s,0,S10,10,-1549489.3608370982,-154948.93608370982
optionC_date_aligned_n107_order_locked,Discharge,discharge_mean_m3s,1,S01,10,-167642.91596810034,-16764.291596810035
optionC_date_aligned_n107_order_locked,Discharge,discharge_mean_m3s,1,S02,11,718140.6816671047,65285.51651519134
optionC_date_aligned_n107_order_locked,Discharge,discharge_mean_m3s,1,S03,11,326021.8712407929,29638.351930981175
optionC_date_aligned_n107_order_locked,Discharge,discharge_mean_m3s,1,S04,11,963590.6514043026,87599.15012766387
optionC_date_aligned_n107_order_locked,Discharge,discharge_mean_m3s,1,S05,11,510795.7050073296,46435.97318248451
optionC_date_aligned_n107_order_locked,Discharge,discharge_mean_m3s,1,S06,11,-979010.149622151,-89000.92269292282
optionC_date_aligned_n107_order_locked,Discharge,discharge_mean_m3s,1,S07,11,-543278.6943418009,-49388.972212890985
optionC_date_aligned_n107_order_locked,Discharge,discharge_mean_m3s,1,S08,11,-835574.5695490619,-75961.32450446018
optionC_date_aligned_n107_order_locked,Discharge,discharge_mean_m3s,1,S09,10,183502.02763200732,18350.20276320073
optionC_date_aligned_n107_order_locked,Discharge,discharge_mean_m3s,1,S10,10,141164.6179153754,14116.461791537538
optionC_date_aligned_n107_order_locked,Discharge,discharge_mean_m3s,2,S01,10,480719.8669149134,48071.986691491344
optionC_date_aligned_n107_order_locked,Discharge,discharge_mean_m3s,2,S02,11,-716465.8061412852,-65133.2551037532
optionC_date_aligned_n107_order_locked,Discharge,discharge_mean_m3s,2,S03,11,92431.15919651533,8402.832654228667
optionC_date_aligned_n107_order_locked,Discharge,discharge_mean_m3s,2,S04,11,-63666.183116481545,-5787.83482877105
optionC_date_aligned_n107_order_locked,Discharge,discharge_mean_m3s,2,S05,11,462523.90618754644,42047.62783523149
optionC_date_aligned_n107_order_locked,Discharge,discharge_mean_m3s,2,S06,11,677007.8963706014,61546.1723973274
optionC_date_aligned_n107_order_locked,Discharge,discharge_mean_m3s,2,S07,11,-434475.31657672126,-39497.756052429206
optionC_date_aligned_n107_order_locked,Discharge,discharge_mean_m3s,2,S08,11,-1851787.9602095904,-168344.36001905368
optionC_date_aligned_n107_order_locked,Discharge,discharge_mean_m3s,2,S09,10,1042384.6861685545,104238.46861685545
optionC_date_aligned_n107_order_locked,Discharge,discharge_mean_m3s,2,S10,10,-331205.5378759012,-33120.55378759012
optionC_date_aligned_n107_order_locked,Discharge,discharge_mean_m3s,3,S01,10,887538.3437720645,88753.83437720645
optionC_date_aligned_n107_order_locked,Discharge,discharge_mean_m3s,3,S02,11,-763905.7866838626,-69445.98060762387
optionC_date_aligned_n107_order_locked,Discharge,discharge_mean_m3s,3,S03,11,-201271.91122904723,-18297.44647536793
optionC_date_aligned_n107_order_locked,Discharge,discharge_mean_m3s,3,S04,11,-319054.0343907443,-29004.91221734039
optionC_date_aligned_n107_order_locked,Discharge,discharge_mean_m3s,3,S05,11,-454939.9944404271,-41358.1813127661
optionC_date_aligned_n107_order_locked,Discharge,discharge_mean_m3s,3,S06,11,494167.27997466887,44924.298179515354
optionC_date_aligned_n107_order_locked,Discharge,discharge_mean_m3s,3,S07,11,251138.6539821521,22830.78672565019
optionC_date_aligned_n107_order_locked,Discharge,discharge_mean_m3s,3,S08,11,-1384607.8087074088,-125873.43715521898
optionC_date_aligned_n107_order_locked,Discharge,discharge_mean_m3s,3,S09,10,-246181.669967548,-24618.1669967548
optionC_date_aligned_n107_order_locked,Discharge,discharge_mean_m3s,3,S10,10,-520585.1774602428,-52058.517746024285
optionC_date_aligned_n107_order_locked,Discharge,discharge_mean_m3s,4,S01,10,482286.07944433467,48228.60794443347
optionC_date_aligned_n107_order_locked,Discharge,discharge_mean_m3s,4,S02,11,-1341346.6954161755,-121940.60867419778
optionC_date_aligned_n107_order_locked,Discharge,discharge_mean_m3s,4,S03,11,-269771.50282056135,-24524.682074596487
optionC_date_aligned_n107_order_locked,Discharge,discharge_mean_m3s,4,S04,11,-223686.0420192796,-20335.094729025415
optionC_date_aligned_n107_order_locked,Discharge,discharge_mean_m3s,4,S05,11,-570440.1465777822,-51858.19514343475
optionC_date_aligned_n107_order_locked,Discharge,discharge_mean_m3s,4,S06,11,709240.5532152285,64476.41392865714
optionC_date_aligned_n107_order_locked,Discharge,discharge_mean_m3s,4,S07,11,-131024.25354705151,-11911.295777004683
optionC_date_aligned_n107_order_locked,Discharge,discharge_mean_m3s,4,S08,11,-1579513.4126673583,-143592.1284243053
optionC_date_aligned_n107_order_locked,Discharge,discharge_mean_m3s,4,S09,10,-1034670.0578745494,-103467.00578745494
optionC_date_aligned_n107_order_locked,Discharge,discharge_mean_m3s,4,S10,10,151329.04807822936,15132.904807822935
optionC_date_aligned_n107_order_locked,Discharge,discharge_mean_m3s,5,S01,10,490703.64764626103,49070.3647646261
optionC_date_aligned_n107_order_locked,Discharge,discharge_mean_m3s,5,S02,11,-1214272.4628817006,-110388.40571651823
optionC_date_aligned_n107_order_locked,Discharge,discharge_mean_m3s,5,S03,11,-344448.8053170634,-31313.527756096675
optionC_date_aligned_n107_order_locked,Discharge,discharge_mean_m3s,5,S04,11,-125912.86149644063,-11446.623772403693
optionC_date_aligned_n107_order_locked,Discharge,discharge_mean_m3s,5,S05,11,-509041.3884446844,-46276.489858607674
optionC_date_aligned_n107_order_locked,Discharge,discharge_mean_m3s,5,S06,11,655309.8877672099,59573.62616065545
optionC_date_aligned_n107_order_locked,Discharge,discharge_mean_m3s,5,S07,11,-285184.0906267387,-25925.826420612608
optionC_date_aligned_n107_order_locked,Discharge,discharge_mean_m3s,5,S08,11,-1078912.8596180824,-98082.9872380075
optionC_date_aligned_n107_order_locked,Discharge,discharge_mean_m3s,5,S09,10,-634321.8539608705,-63432.18539608705
optionC_date_aligned_n107_order_locked,Discharge,discharge_mean_m3s,5,S10,10,-102529.2133538487,-10252.92133538487
optionC_date_aligned_n107_order_locked,Discharge,discharge_mean_m3s,6,S01,10,-502513.6069889007,-50251.36069889007
optionC_date_aligned_n107_order_locked,Discharge,discharge_mean_m3s,6,S02,11,-815000.5928331948,-74090.96298483589
optionC_date_aligned_n107_order_locked,Discharge,discharge_mean_m3s,6,S03,11,-204422.76510648397,-18583.88773695309
optionC_date_aligned_n107_order_locked,Discharge,discharge_mean_m3s,6,S04,11,-626513.691844916,-56955.790167719635
optionC_date_aligned_n107_order_locked,Discharge,discharge_mean_m3s,6,S05,11,319206.9242869756,29018.811298815963
optionC_date_aligned_n107_order_locked,Discharge,discharge_mean_m3s,6,S06,11,548549.5553144051,49868.14139221865
optionC_date_aligned_n107_order_locked,Discharge,discharge_mean_m3s,6,S07,11,-439717.27801282954,-39974.298001166324
optionC_date_aligned_n107_order_locked,Discharge,discharge_mean_m3s,6,S08,11,-1051765.172957713,-95615.01572342846
optionC_date_aligned_n107_order_locked,Discharge,discharge_mean_m3s,6,S09,10,-259168.10306206456,-25916.810306206455
optionC_date_aligned_n107_order_locked,Discharge,discharge_mean_m3s,6,S10,10,-100340.48970624886,-10034.048970624886
optionC_date_aligned_n107_order_locked,Discharge,discharge_mean_m3s,7,S01,10,217075.1275870885,21707.51275870885
optionC_date_aligned_n107_order_locked,Discharge,discharge_mean_m3s,7,S02,11,-822726.1544421552,-74793.28676746866
optionC_date_aligned_n107_order_locked,Discharge,discharge_mean_m3s,7,S03,11,-158513.09703259455,-14410.281548417686
optionC_date_aligned_n107_order_locked,Discharge,discharge_mean_m3s,7,S04,11,-766229.10428447,-69657.19129858818
optionC_date_aligned_n107_order_locked,Discharge,discharge_mean_m3s,7,S05,11,68954.54044430627,6268.5945858460245
optionC_date_aligned_n107_order_locked,Discharge,discharge_mean_m3s,7,S06,11,379828.2175101448,34529.83795546771
optionC_date_aligned_n107_order_locked,Discharge,discharge_mean_m3s,7,S07,11,-199717.1498506786,-18156.10453187987
optionC_date_aligned_n107_order_locked,Discharge,discharge_mean_m3s,7,S08,11,-1004483.6959130239,-91316.69962845671
optionC_date_aligned_n107_order_locked,Discharge,discharge_mean_m3s,7,S09,10,-244963.59726658568,-24496.359726658568
optionC_date_aligned_n107_order_locked,Discharge,discharge_mean_m3s,7,S10,10,-29905.80141949217,-2990.5801419492172
optionC_date_aligned_n107_order_locked,Discharge,discharge_mean_m3s,8,S01,10,77047.47161752614,7704.747161752614
optionC_date_aligned_n107_order_locked,Discharge,discharge_mean_m3s,8,S02,11,-914175.023222965,-83106.82029299681
optionC_date_aligned_n107_order_locked,Discharge,discharge_mean_m3s,8,S03,11,30969.2091472349,2815.382649748627
optionC_date_aligned_n107_order_locked,Discharge,discharge_mean_m3s,8,S04,11,-822672.4025679348,-74788.40023344861
optionC_date_aligned_n107_order_locked,Discharge,discharge_mean_m3s,8,S05,11,180891.31190623628,16444.664718748754
optionC_date_aligned_n107_order_locked,Discharge,discharge_mean_m3s,8,S06,11,330664.3113340375,30060.391939457957
optionC_date_aligned_n107_order_locked,Discharge,discharge_mean_m3s,8,S07,11,-260681.80036209594,-23698.345487463266
optionC_date_aligned_n107_order_locked,Discharge,discharge_mean_m3s,8,S08,11,-892080.8283656989,-81098.25712415445
optionC_date_aligned_n107_order_locked,Discharge,discharge_mean_m3s,8,S09,10,-198274.89907625358,-19827.489907625357
optionC_date_aligned_n107_order_locked,Discharge,discharge_mean_m3s,8,S10,10,-140008.15859553672,-14000.815859553672
optionC_date_aligned_n107_order_locked,Discharge,discharge_mean_m3s,9,S01,10,-75697.67893632222,-7569.767893632222
optionC_date_aligned_n107_order_locked,Discharge,discharge_mean_m3s,9,S02,11,-910841.539457381,-82803.77631430737
optionC_date_aligned_n107_order_locked,Discharge,discharge_mean_m3s,9,S03,11,18085.555635079305,1644.1414213708458
optionC_date_aligned_n107_order_locked,Discharge,discharge_mean_m3s,9,S04,11,-833727.343089457,-75793.39482631428
optionC_date_aligned_n107_order_locked,Discharge,discharge_mean_m3s,9,S05,11,239175.51904188056,21743.229003807322
optionC_date_aligned_n107_order_locked,Discharge,discharge_mean_m3s,9,S06,11,381354.76229990146,34668.614754536495
optionC_date_aligned_n107_order_locked,Discharge,discharge_mean_m3s,9,S07,11,-345520.24005503877,-31410.930914094435
optionC_date_aligned_n107_order_locked,Discharge,discharge_mean_m3s,9,S08,11,-833160.0711194447,-75741.82464722224
optionC_date_aligned_n107_order_locked,Discharge,discharge_mean_m3s,9,S09,10,-127959.18442103214,-12795.918442103215
optionC_date_aligned_n107_order_locked,Discharge,discharge_mean_m3s,9,S10,10,-134699.83846062433,-13469.983846062434
optionC_date_aligned_n107_order_locked,Discharge,discharge_mean_m3s,10,S01,10,-58482.28404877859,-5848.228404877858
optionC_date_aligned_n107_order_locked,Discharge,discharge_mean_m3s,10,S02,11,-802276.2575756086,-72934.20523414623
optionC_date_aligned_n107_order_locked,Discharge,discharge_mean_m3s,10,S03,11,20454.898355909216,1859.536214173565
optionC_date_aligned_n107_order_locked,Discharge,discharge_mean_m3s,10,S04,11,-883007.3450201565,-80273.39500183241
optionC_date_aligned_n107_order_locked,Discharge,discharge_mean_m3s,10,S05,11,376681.18642458064,34243.74422041642
optionC_date_aligned_n107_order_locked,Discharge,discharge_mean_m3s,10,S06,11,504658.8481052172,45878.07710047429
optionC_date_aligned_n107_order_locked,Discharge,discharge_mean_m3s,10,S07,11,-339105.16356387065,-30827.74214217006
optionC_date_aligned_n107_order_locked,Discharge,discharge_mean_m3s,10,S08,11,-717909.8271332007,-65264.529739381884
optionC_date_aligned_n107_order_locked,Discharge,discharge_mean_m3s,10,S09,10,493.41823590069544,49.341823590069545
optionC_date_aligned_n107_order_locked,Discharge,discharge_mean_m3s,10,S10,10,4257.769975385803,425.7769975385803
optionC_date_aligned_n107_order_locked,Storage rate,storage_rate_pct,0,S01,10,138244.5932765892,13824.45932765892
optionC_date_aligned_n107_order_locked,Storage rate,storage_rate_pct,0,S02,11,331810.73293283087,30164.612084802808
optionC_date_aligned_n107_order_locked,Storage rate,storage_rate_pct,0,S03,11,-2471.366958532337,-224.66972350293972
optionC_date_aligned_n107_order_locked,Storage rate,storage_rate_pct,0,S04,11,-39732.04759736685,-3612.00432703335
optionC_date_aligned_n107_order_locked,Storage rate,storage_rate_pct,0,S05,11,-41404.706585899075,-3764.0642350817343
optionC_date_aligned_n107_order_locked,Storage rate,storage_rate_pct,0,S06,11,-149421.28919583146,-13583.753563257405
optionC_date_aligned_n107_order_locked,Storage rate,storage_rate_pct,0,S07,11,616335.3439315807,56030.48581196188
optionC_date_aligned_n107_order_locked,Storage rate,storage_rate_pct,0,S08,11,464587.4439703315,42235.22217912105
optionC_date_aligned_n107_order_locked,Storage rate,storage_rate_pct,0,S09,10,157030.91583654084,15703.091583654084
optionC_date_aligned_n107_order_locked,Storage rate,storage_rate_pct,0,S10,10,-13891.147869024962,-1389.1147869024962
optionC_date_aligned_n107_order_locked,Storage rate,storage_rate_pct,1,S01,10,65575.77805562124,6557.577805562124
optionC_date_aligned_n107_order_locked,Storage rate,storage_rate_pct,1,S02,11,-19106.63047127214,-1736.9664064792853
optionC_date_aligned_n107_order_locked,Storage rate,storage_rate_pct,1,S03,11,52089.13217706445,4735.375652460404
optionC_date_aligned_n107_order_locked,Storage rate,storage_rate_pct,1,S04,11,-265498.27958552795,-24136.207235047998
optionC_date_aligned_n107_order_locked,Storage rate,storage_rate_pct,1,S05,11,-6666.933976400818,-606.0849069455289
optionC_date_aligned_n107_order_locked,Storage rate,storage_rate_pct,1,S06,11,-59327.32864152985,-5393.39351286635
optionC_date_aligned_n107_order_locked,Storage rate,storage_rate_pct,1,S07,11,320551.7833572802,29141.071214298197
optionC_date_aligned_n107_order_locked,Storage rate,storage_rate_pct,1,S08,11,116380.74197780469,10580.067452527699
optionC_date_aligned_n107_order_locked,Storage rate,storage_rate_pct,1,S09,10,2783.711251866058,278.3711251866058
optionC_date_aligned_n107_order_locked,Storage rate,storage_rate_pct,1,S10,10,-31937.49579049591,-3193.749579049591
optionC_date_aligned_n107_order_locked,Storage rate,storage_rate_pct,2,S01,10,-9403.397370475781,-940.3397370475781
optionC_date_aligned_n107_order_locked,Storage rate,storage_rate_pct,2,S02,11,-70572.18106891296,-6415.652824446633
optionC_date_aligned_n107_order_locked,Storage rate,storage_rate_pct,2,S03,11,-15578.263511006124,-1416.2057737278294
optionC_date_aligned_n107_order_locked,Storage rate,storage_rate_pct,2,S04,11,-237804.07766596298,-21618.552515087544
optionC_date_aligned_n107_order_locked,Storage rate,storage_rate_pct,2,S05,11,-4485.176025772991,-407.7432750702719
optionC_date_aligned_n107_order_locked,Storage rate,storage_rate_pct,2,S06,11,-108296.62197988534,-9845.147452716848
optionC_date_aligned_n107_order_locked,Storage rate,storage_rate_pct,2,S07,11,251749.35714294462,22886.305194813147
optionC_date_aligned_n107_order_locked,Storage rate,storage_rate_pct,2,S08,11,279740.8516800403,25430.9865163673
optionC_date_aligned_n107_order_locked,Storage rate,storage_rate_pct,2,S09,10,-3806.862726213818,-380.6862726213818
optionC_date_aligned_n107_order_locked,Storage rate,storage_rate_pct,2,S10,10,-14710.987831627132,-1471.098783162713
optionC_date_aligned_n107_order_locked,Storage rate,storage_rate_pct,3,S01,10,-19368.326124939354,-1936.8326124939354
optionC_date_aligned_n107_order_locked,Storage rate,storage_rate_pct,3,S02,11,80281.83523263442,7298.34865751222
optionC_date_aligned_n107_order_locked,Storage rate,storage_rate_pct,3,S03,11,27571.337673076487,2506.485243006953
optionC_date_aligned_n107_order_locked,Storage rate,storage_rate_pct,3,S04,11,-222996.23255710927,-20272.384777919026
optionC_date_aligned_n107_order_locked,Storage rate,storage_rate_pct,3,S05,11,56023.80149070372,5093.072862791248
optionC_date_aligned_n107_order_locked,Storage rate,storage_rate_pct,3,S06,11,-46402.04586819979,-4218.367806199981
optionC_date_aligned_n107_order_locked,Storage rate,storage_rate_pct,3,S07,11,283258.75036800135,25750.795488000123
optionC_date_aligned_n107_order_locked,Storage rate,storage_rate_pct,3,S08,11,366168.1480152936,33288.01345593578
optionC_date_aligned_n107_order_locked,Storage rate,storage_rate_pct,3,S09,10,-5603.0778493942635,-560.3077849394264
optionC_date_aligned_n107_order_locked,Storage rate,storage_rate_pct,3,S10,10,-69721.6957804183,-6972.16957804183
optionC_date_aligned_n107_order_locked,Storage rate,storage_rate_pct,4,S01,10,45910.83734203776,4591.083734203776
optionC_date_aligned_n107_order_locked,Storage rate,storage_rate_pct,4,S02,11,92716.51261472111,8428.773874065555
optionC_date_aligned_n107_order_locked,Storage rate,storage_rate_pct,4,S03,11,-78405.56703912317,-7127.77882173847
optionC_date_aligned_n107_order_locked,Storage rate,storage_rate_pct,4,S04,11,-206038.69334550356,-18730.790304136688
optionC_date_aligned_n107_order_locked,Storage rate,storage_rate_pct,4,S05,11,55966.28683376195,5087.844257614723
optionC_date_aligned_n107_order_locked,Storage rate,storage_rate_pct,4,S06,11,-26839.701328824274,-2439.972848074934
optionC_date_aligned_n107_order_locked,Storage rate,storage_rate_pct,4,S07,11,227523.6275724197,20683.966142947247
optionC_date_aligned_n107_order_locked,Storage rate,storage_rate_pct,4,S08,11,324259.53380099835,29478.139436454396
optionC_date_aligned_n107_order_locked,Storage rate,storage_rate_pct,4,S09,10,39712.20930221473,3971.2209302214733
optionC_date_aligned_n107_order_locked,Storage rate,storage_rate_pct,4,S10,10,-64454.17598953115,-6445.417598953115
optionC_date_aligned_n107_order_locked,Storage rate,storage_rate_pct,5,S01,10,38710.81705816505,3871.081705816505
optionC_date_aligned_n107_order_locked,Storage rate,storage_rate_pct,5,S02,11,104967.7622592956,9542.523841754146
optionC_date_aligned_n107_order_locked,Storage rate,storage_rate_pct,5,S03,11,-137200.53951301472,-12472.776319364975
optionC_date_aligned_n107_order_locked,Storage rate,storage_rate_pct,5,S04,11,-180668.97909505497,-16424.452645004996
optionC_date_aligned_n107_order_locked,Storage rate,storage_rate_pct,5,S05,11,37498.75578381169,3408.977798528336
optionC_date_aligned_n107_order_locked,Storage rate,storage_rate_pct,5,S06,11,-111621.56655953512,-10147.41514177592
optionC_date_aligned_n107_order_locked,Storage rate,storage_rate_pct,5,S07,11,125914.1890024547,11446.74445476861
optionC_date_aligned_n107_order_locked,Storage rate,storage_rate_pct,5,S08,11,223757.3115530737,20341.573777552156
optionC_date_aligned_n107_order_locked,Storage rate,storage_rate_pct,5,S09,10,25145.567047417397,2514.55670474174
optionC_date_aligned_n107_order_locked,Storage rate,storage_rate_pct,5,S10,10,-4351.085533958478,-435.10855339584776
optionC_date_aligned_n107_order_locked,Storage rate,storage_rate_pct,6,S01,10,115858.3595765218,11585.83595765218
optionC_date_aligned_n107_order_locked,Storage rate,storage_rate_pct,6,S02,11,132220.5317020709,12020.048336551901
optionC_date_aligned_n107_order_locked,Storage rate,storage_rate_pct,6,S03,11,-171814.47733803125,-15619.497939821023
optionC_date_aligned_n107_order_locked,Storage rate,storage_rate_pct,6,S04,11,-185197.81572500998,-16836.165065909998
optionC_date_aligned_n107_order_locked,Storage rate,storage_rate_pct,6,S05,11,50179.91555054299,4561.810504594817
optionC_date_aligned_n107_order_locked,Storage rate,storage_rate_pct,6,S06,11,-96113.74633105792,-8737.613302823447
optionC_date_aligned_n107_order_locked,Storage rate,storage_rate_pct,6,S07,11,110964.02084049664,10087.638258226967
optionC_date_aligned_n107_order_locked,Storage rate,storage_rate_pct,6,S08,11,220579.40090743665,20052.67280976697
optionC_date_aligned_n107_order_locked,Storage rate,storage_rate_pct,6,S09,10,31233.425213039,3123.3425213039
optionC_date_aligned_n107_order_locked,Storage rate,storage_rate_pct,6,S10,10,-7042.501195011788,-704.2501195011788
optionC_date_aligned_n107_order_locked,Storage rate,storage_rate_pct,7,S01,10,84114.95990532992,8411.495990532992
optionC_date_aligned_n107_order_locked,Storage rate,storage_rate_pct,7,S02,11,136651.98349485945,12422.907590441768
optionC_date_aligned_n107_order_locked,Storage rate,storage_rate_pct,7,S03,11,-138602.87261542754,-12600.261146857049
optionC_date_aligned_n107_order_locked,Storage rate,storage_rate_pct,7,S04,11,-140646.10107339802,-12786.009188490729
optionC_date_aligned_n107_order_locked,Storage rate,storage_rate_pct,7,S05,11,48472.787700973575,4406.617063724871
optionC_date_aligned_n107_order_locked,Storage rate,storage_rate_pct,7,S06,11,-76282.8798229308,-6934.8072566300725
optionC_date_aligned_n107_order_locked,Storage rate,storage_rate_pct,7,S07,11,106548.57838359929,9686.234398509027
optionC_date_aligned_n107_order_locked,Storage rate,storage_rate_pct,7,S08,11,226895.9840970362,20626.90764518511
optionC_date_aligned_n107_order_locked,Storage rate,storage_rate_pct,7,S09,10,43743.22483472512,4374.322483472512
optionC_date_aligned_n107_order_locked,Storage rate,storage_rate_pct,7,S10,10,12348.971902485471,1234.897190248547
optionC_date_aligned_n107_order_locked,Storage rate,storage_rate_pct,8,S01,10,70594.64236709739,7059.4642367097385
optionC_date_aligned_n107_order_locked,Storage rate,storage_rate_pct,8,S02,11,112748.52556868024,10249.865960789113
optionC_date_aligned_n107_order_locked,Storage rate,storage_rate_pct,8,S03,11,-153460.0951520444,-13950.917741094947
optionC_date_aligned_n107_order_locked,Storage rate,storage_rate_pct,8,S04,11,-152265.53134522247,-13842.32103138386
optionC_date_aligned_n107_order_locked,Storage rate,storage_rate_pct,8,S05,11,43527.979929108245,3957.089084464386
optionC_date_aligned_n107_order_locked,Storage rate,storage_rate_pct,8,S06,11,-65601.31348299468,-5963.755771181334
optionC_date_aligned_n107_order_locked,Storage rate,storage_rate_pct,8,S07,11,100170.25546928853,9106.386860844412
optionC_date_aligned_n107_order_locked,Storage rate,storage_rate_pct,8,S08,11,225501.31528705836,20500.11957155076
optionC_date_aligned_n107_order_locked,Storage rate,storage_rate_pct,8,S09,10,34461.236179265725,3446.1236179265725
optionC_date_aligned_n107_order_locked,Storage rate,storage_rate_pct,8,S10,10,13764.36630349256,1376.436630349256
optionC_date_aligned_n107_order_locked,Storage rate,storage_rate_pct,9,S01,10,91584.83838563992,9158.483838563992
optionC_date_aligned_n107_order_locked,Storage rate,storage_rate_pct,9,S02,11,128747.44834481628,11704.31348589239
optionC_date_aligned_n107_order_locked,Storage rate,storage_rate_pct,9,S03,11,-172544.94211616338,-15685.903828742126
optionC_date_aligned_n107_order_locked,Storage rate,storage_rate_pct,9,S04,11,-140344.926890651,-12758.629717331909
optionC_date_aligned_n107_order_locked,Storage rate,storage_rate_pct,9,S05,11,52298.325430906836,4754.39322099153
optionC_date_aligned_n107_order_locked,Storage rate,storage_rate_pct,9,S06,11,-71194.01960432215,-6472.183600392923
optionC_date_aligned_n107_order_locked,Storage rate,storage_rate_pct,9,S07,11,84868.66088955278,7715.332808141161
optionC_date_aligned_n107_order_locked,Storage rate,storage_rate_pct,9,S08,11,218982.98132908123,19907.543757189203
optionC_date_aligned_n107_order_locked,Storage rate,storage_rate_pct,9,S09,10,40175.49289304673,4017.549289304673
optionC_date_aligned_n107_order_locked,Storage rate,storage_rate_pct,9,S10,10,12576.604029556303,1257.6604029556304
optionC_date_aligned_n107_order_locked,Storage rate,storage_rate_pct,10,S01,10,120085.60514534709,12008.560514534709
optionC_date_aligned_n107_order_locked,Storage rate,storage_rate_pct,10,S02,11,119262.68204655794,10842.062004232539
optionC_date_aligned_n107_order_locked,Storage rate,storage_rate_pct,10,S03,11,-175812.8282995525,-15982.984390868409
optionC_date_aligned_n107_order_locked,Storage rate,storage_rate_pct,10,S04,11,-131835.37998389432,-11985.034543990392
optionC_date_aligned_n107_order_locked,Storage rate,storage_rate_pct,10,S05,11,41259.49239285273,3750.8629448047936
optionC_date_aligned_n107_order_locked,Storage rate,storage_rate_pct,10,S06,11,-80898.66232704505,-7354.423847913186
optionC_date_aligned_n107_order_locked,Storage rate,storage_rate_pct,10,S07,11,75398.95028693508,6854.450026085007
optionC_date_aligned_n107_order_locked,Storage rate,storage_rate_pct,10,S08,11,207002.56187057775,18818.414715507068
optionC_date_aligned_n107_order_locked,Storage rate,storage_rate_pct,10,S09,10,46412.09016833055,4641.209016833055
optionC_date_aligned_n107_order_locked,Storage rate,storage_rate_pct,10,S10,10,22901.905974000772,2290.1905974000774
optionC_observed_RGI_n75_order_locked,Bloom,bloom,0,S01,5,11568.339555555553,2313.6679111111107
optionC_observed_RGI_n75_order_locked,Bloom,bloom,0,S02,9,-323.91946666666644,-35.99105185185183
optionC_observed_RGI_n75_order_locked,Bloom,bloom,0,S03,9,-4510.159466666665,-501.1288296296295
optionC_observed_RGI_n75_order_locked,Bloom,bloom,0,S04,8,-606.998044444445,-75.87475555555562
optionC_observed_RGI_n75_order_locked,Bloom,bloom,0,S05,7,-8393.10328888889,-1199.0147555555557
optionC_observed_RGI_n75_order_locked,Bloom,bloom,0,S06,5,2529.872888888889,505.9745777777778
optionC_observed_RGI_n75_order_locked,Bloom,bloom,0,S07,7,183.57671111111063,26.225244444444375
optionC_observed_RGI_n75_order_locked,Bloom,bloom,0,S08,9,-2346.1061333333328,-260.67845925925917
optionC_observed_RGI_n75_order_locked,Bloom,bloom,0,S09,8,15182.641955555555,1897.8302444444444
optionC_observed_RGI_n75_order_locked,Bloom,bloom,0,S10,8,7124.9619555555555,890.6202444444444
optionC_observed_RGI_n75_order_locked,Bloom,bloom,1,S01,5,5829.945872041789,1165.9891744083577
optionC_observed_RGI_n75_order_locked,Bloom,bloom,1,S02,9,-1352.562293309905,-150.28469925665613
optionC_observed_RGI_n75_order_locked,Bloom,bloom,1,S03,9,-13944.997244371447,-1549.444138263494
optionC_observed_RGI_n75_order_locked,Bloom,bloom,1,S04,8,-2506.220007194018,-313.27750089925223
optionC_observed_RGI_n75_order_locked,Bloom,bloom,1,S05,7,-494.3186864590149,-70.6169552084307
optionC_observed_RGI_n75_order_locked,Bloom,bloom,1,S06,5,-387.24712011245606,-77.44942402249121
optionC_observed_RGI_n75_order_locked,Bloom,bloom,1,S07,7,-7829.902039599294,-1118.5574342284706
optionC_observed_RGI_n75_order_locked,Bloom,bloom,1,S08,9,-3764.2058005508666,-418.24508895009626
optionC_observed_RGI_n75_order_locked,Bloom,bloom,1,S09,8,1243.1980434709685,155.39975543387106
optionC_observed_RGI_n75_order_locked,Bloom,bloom,1,S10,8,-1574.048440386653,-196.75605504833163
optionC_observed_RGI_n75_order_locked,Bloom,bloom,2,S01,5,8970.497388237165,1794.099477647433
optionC_observed_RGI_n75_order_locked,Bloom,bloom,2,S02,9,-9491.516385104385,-1054.612931678265
optionC_observed_RGI_n75_order_locked,Bloom,bloom,2,S03,9,-7638.214278735761,-848.6904754150845
optionC_observed_RGI_n75_order_locked,Bloom,bloom,2,S04,8,-1524.3963050569778,-190.54953813212222
optionC_observed_RGI_n75_order_locked,Bloom,bloom,2,S05,7,-5472.047875151205,-781.7211250216006
optionC_observed_RGI_n75_order_locked,Bloom,bloom,2,S06,5,-50.44623723172185,-10.08924744634437
optionC_observed_RGI_n75_order_locked,Bloom,bloom,2,S07,7,-6393.371900468056,-913.338842924008
optionC_observed_RGI_n75_order_locked,Bloom,bloom,2,S08,9,-2325.1269381756215,-258.3474375750691
optionC_observed_RGI_n75_order_locked,Bloom,bloom,2,S09,8,903.4410665168859,112.93013331461074
optionC_observed_RGI_n75_order_locked,Bloom,bloom,2,S10,8,-2756.485208575292,-344.5606510719115
optionC_observed_RGI_n75_order_locked,Bloom,bloom,3,S01,5,13325.907218137063,2665.1814436274126
optionC_observed_RGI_n75_order_locked,Bloom,bloom,3,S02,9,-8847.843307449426,-983.093700827714
optionC_observed_RGI_n75_order_locked,Bloom,bloom,3,S03,9,-8498.749103825132,-944.3054559805702
optionC_observed_RGI_n75_order_locked,Bloom,bloom,3,S04,8,409.46796844613846,51.18349605576731
optionC_observed_RGI_n75_order_locked,Bloom,bloom,3,S05,7,-6482.631518454392,-926.090216922056
optionC_observed_RGI_n75_order_locked,Bloom,bloom,3,S06,5,159.72949580113414,31.945899160226826
optionC_observed_RGI_n75_order_locked,Bloom,bloom,3,S07,7,-4870.624170478584,-695.803452925512
optionC_observed_RGI_n75_order_locked,Bloom,bloom,3,S08,9,-1472.6570588065797,-163.62856208961998
optionC_observed_RGI_n75_order_locked,Bloom,bloom,3,S09,8,1926.9964321008674,240.87455401260843
optionC_observed_RGI_n75_order_locked,Bloom,bloom,3,S10,8,-3256.8027555007993,-407.1003444375999
optionC_observed_RGI_n75_order_locked,Bloom,bloom,4,S01,5,4673.525122935746,934.7050245871493
optionC_observed_RGI_n75_order_locked,Bloom,bloom,4,S02,9,-8668.347727927356,-963.1497475474839
optionC_observed_RGI_n75_order_locked,Bloom,bloom,4,S03,9,-5419.091639494293,-602.1212932771436
optionC_observed_RGI_n75_order_locked,Bloom,bloom,4,S04,8,-101.96542787638782,-12.745678484548478
optionC_observed_RGI_n75_order_locked,Bloom,bloom,4,S05,7,-9933.620589381168,-1419.088655625881
optionC_observed_RGI_n75_order_locked,Bloom,bloom,4,S06,5,-1277.72078766867,-255.544157533734
optionC_observed_RGI_n75_order_locked,Bloom,bloom,4,S07,7,-3835.65066011687,-547.95009430241
optionC_observed_RGI_n75_order_locked,Bloom,bloom,4,S08,9,662.1845768943223,73.57606409936915
optionC_observed_RGI_n75_order_locked,Bloom,bloom,4,S09,8,4615.035279752423,576.8794099690529
optionC_observed_RGI_n75_order_locked,Bloom,bloom,4,S10,8,-1982.6729020322216,-247.8341127540277
optionC_observed_RGI_n75_order_locked,Bloom,bloom,5,S01,5,5488.536549615723,1097.7073099231445
optionC_observed_RGI_n75_order_locked,Bloom,bloom,5,S02,9,-9797.859374947273,-1088.651041660808
optionC_observed_RGI_n75_order_locked,Bloom,bloom,5,S03,9,-6157.595986632841,-684.1773318480934
optionC_observed_RGI_n75_order_locked,Bloom,bloom,5,S04,8,-3314.036563468851,-414.2545704336064
optionC_observed_RGI_n75_order_locked,Bloom,bloom,5,S05,7,-8633.33531584967,-1233.333616549953
optionC_observed_RGI_n75_order_locked,Bloom,bloom,5,S06,5,-2185.4062460200366,-437.08124920400735
optionC_observed_RGI_n75_order_locked,Bloom,bloom,5,S07,7,-4623.2569230497675,-660.4652747213953
optionC_observed_RGI_n75_order_locked,Bloom,bloom,5,S08,9,-57.586654934972444,-6.3985172149969385
optionC_observed_RGI_n75_order_locked,Bloom,bloom,5,S09,8,3182.6930724568497,397.8366340571062
optionC_observed_RGI_n75_order_locked,Bloom,bloom,5,S10,8,-2507.2827250100277,-313.41034062625346
optionC_observed_RGI_n75_order_locked,Bloom,bloom,6,S01,5,5196.048912714934,1039.2097825429869
optionC_observed_RGI_n75_order_locked,Bloom,bloom,6,S02,9,-10948.58885746989,-1216.50987305221
optionC_observed_RGI_n75_order_locked,Bloom,bloom,6,S03,9,-7290.870027225952,-810.0966696917725
optionC_observed_RGI_n75_order_locked,Bloom,bloom,6,S04,8,-3852.8962149956665,-481.6120268744583
optionC_observed_RGI_n75_order_locked,Bloom,bloom,6,S05,7,-9987.599330751636,-1426.7999043930909
optionC_observed_RGI_n75_order_locked,Bloom,bloom,6,S06,5,-2427.8346090145305,-485.5669218029061
optionC_observed_RGI_n75_order_locked,Bloom,bloom,6,S07,7,-4239.551930292877,-605.6502757561253
optionC_observed_RGI_n75_order_locked,Bloom,bloom,6,S08,9,-1359.8870660126245,-151.09856289029162
optionC_observed_RGI_n75_order_locked,Bloom,bloom,6,S09,8,3707.149993924104,463.393749240513
optionC_observed_RGI_n75_order_locked,Bloom,bloom,6,S10,8,-2952.1455187598744,-369.0181898449843
optionC_observed_RGI_n75_order_locked,Bloom,bloom,7,S01,5,6173.707595839895,1234.7415191679788
optionC_observed_RGI_n75_order_locked,Bloom,bloom,7,S02,9,-8235.477655371298,-915.0530728190331
optionC_observed_RGI_n75_order_locked,Bloom,bloom,7,S03,9,-7472.231693972181,-830.247965996909
optionC_observed_RGI_n75_order_locked,Bloom,bloom,7,S04,8,-3381.7288119738596,-422.71610149673245
optionC_observed_RGI_n75_order_locked,Bloom,bloom,7,S05,7,-8658.627105782529,-1236.9467293975042
optionC_observed_RGI_n75_order_locked,Bloom,bloom,7,S06,5,-2017.1138229736694,-403.42276459473385
optionC_observed_RGI_n75_order_locked,Bloom,bloom,7,S07,7,-4166.937932687758,-595.2768475268225
optionC_observed_RGI_n75_order_locked,Bloom,bloom,7,S08,9,-2314.012184365517,-257.11246492950187
optionC_observed_RGI_n75_order_locked,Bloom,bloom,7,S09,8,5112.248338758804,639.0310423448504
optionC_observed_RGI_n75_order_locked,Bloom,bloom,7,S10,8,-3597.5267640134043,-449.69084550167554
optionC_observed_RGI_n75_order_locked,Bloom,bloom,8,S01,5,6193.702312386378,1238.7404624772757
optionC_observed_RGI_n75_order_locked,Bloom,bloom,8,S02,9,-8433.114763899654,-937.012751544406
optionC_observed_RGI_n75_order_locked,Bloom,bloom,8,S03,9,-6778.147785781176,-753.127531753464
optionC_observed_RGI_n75_order_locked,Bloom,bloom,8,S04,8,-2034.2481501987522,-254.28101877484403
optionC_observed_RGI_n75_order_locked,Bloom,bloom,8,S05,7,-8289.586317757074,-1184.2266168224392
optionC_observed_RGI_n75_order_locked,Bloom,bloom,8,S06,5,-1166.2410981300309,-233.24821962600618
optionC_observed_RGI_n75_order_locked,Bloom,bloom,8,S07,7,-3454.9561739106553,-493.56516770152217
optionC_observed_RGI_n75_order_locked,Bloom,bloom,8,S08,9,-2085.0414262974223,-231.67126958860248
optionC_observed_RGI_n75_order_locked,Bloom,bloom,8,S09,8,5361.852735717501,670.2315919646876
optionC_observed_RGI_n75_order_locked,Bloom,bloom,8,S10,8,-3047.8001531608043,-380.97501914510053
optionC_observed_RGI_n75_order_locked,Bloom,bloom,9,S01,5,-2861.0170466486165,-572.2034093297233
optionC_observed_RGI_n75_order_locked,Bloom,bloom,9,S02,9,-8567.140184669128,-951.9044649632365
optionC_observed_RGI_n75_order_locked,Bloom,bloom,9,S03,9,-2544.8711486843413,-282.7634609649268
optionC_observed_RGI_n75_order_locked,Bloom,bloom,9,S04,8,2107.4302849982223,263.4287856247778
optionC_observed_RGI_n75_order_locked,Bloom,bloom,9,S05,7,-5618.106269534721,-802.5866099335316
optionC_observed_RGI_n75_order_locked,Bloom,bloom,9,S06,5,-505.1292308892937,-101.02584617785874
optionC_observed_RGI_n75_order_locked,Bloom,bloom,9,S07,7,-1440.661779295035,-205.80882561357643
optionC_observed_RGI_n75_order_locked,Bloom,bloom,9,S08,9,-653.3180965094265,-72.5908996121585
optionC_observed_RGI_n75_order_locked,Bloom,bloom,9,S09,8,4306.5363450040795,538.3170431255099
optionC_observed_RGI_n75_order_locked,Bloom,bloom,9,S10,8,-1071.9462405180336,-133.9932800647542
optionC_observed_RGI_n75_order_locked,Bloom,bloom,10,S01,5,-1118.422173758504,-223.6844347517008
optionC_observed_RGI_n75_order_locked,Bloom,bloom,10,S02,9,-6562.788619090003,-729.1987354544448
optionC_observed_RGI_n75_order_locked,Bloom,bloom,10,S03,9,-1781.2273308457175,-197.9141478717464
optionC_observed_RGI_n75_order_locked,Bloom,bloom,10,S04,8,1811.4082317242896,226.4260289655362
optionC_observed_RGI_n75_order_locked,Bloom,bloom,10,S05,7,-3712.304825726098,-530.329260818014
optionC_observed_RGI_n75_order_locked,Bloom,bloom,10,S06,5,-662.7122985814116,-132.5424597162823
optionC_observed_RGI_n75_order_locked,Bloom,bloom,10,S07,7,-1303.8468016024021,-186.26382880034316
optionC_observed_RGI_n75_order_locked,Bloom,bloom,10,S08,9,-316.16186587125657,-35.1290962079174
optionC_observed_RGI_n75_order_locked,Bloom,bloom,10,S09,8,2071.2690845903808,258.9086355737976
optionC_observed_RGI_n75_order_locked,Bloom,bloom,10,S10,8,-764.9593054744291,-95.61991318430364
optionC_observed_RGI_n75_order_locked,Microcystin,MC_ppb,0,S01,5,-19876.054040888885,-3975.210808177777
optionC_observed_RGI_n75_order_locked,Microcystin,MC_ppb,0,S02,9,1090.6698757333395,121.18554174814884
optionC_observed_RGI_n75_order_locked,Microcystin,MC_ppb,0,S03,9,1274.224782399997,141.58053137777745
optionC_observed_RGI_n75_order_locked,Microcystin,MC_ppb,0,S04,8,-6309.0346734222185,-788.6293341777773
optionC_observed_RGI_n75_order_locked,Microcystin,MC_ppb,0,S05,7,-287390.11647591117,-41055.73092513017
optionC_observed_RGI_n75_order_locked,Microcystin,MC_ppb,0,S06,5,14903.349519111109,2980.669903822222
optionC_observed_RGI_n75_order_locked,Microcystin,MC_ppb,0,S07,7,-5964.8707025777785,-852.1243860825398
optionC_observed_RGI_n75_order_locked,Microcystin,MC_ppb,0,S08,9,-8418.606244266666,-935.4006938074074
optionC_observed_RGI_n75_order_locked,Microcystin,MC_ppb,0,S09,8,53911.21857991111,6738.902322488889
optionC_observed_RGI_n75_order_locked,Microcystin,MC_ppb,0,S10,8,30369.916193244448,3796.239524155556
optionC_observed_RGI_n75_order_locked,Microcystin,MC_ppb,1,S01,5,-11912.332497948735,-2382.466499589747
optionC_observed_RGI_n75_order_locked,Microcystin,MC_ppb,1,S02,9,-31082.487081440737,-3453.6096757156374
optionC_observed_RGI_n75_order_locked,Microcystin,MC_ppb,1,S03,9,-29504.339520125322,-3278.2599466805914
optionC_observed_RGI_n75_order_locked,Microcystin,MC_ppb,1,S04,8,-56992.23327509491,-7124.029159386864
optionC_observed_RGI_n75_order_locked,Microcystin,MC_ppb,1,S05,7,-204732.68838484827,-29247.526912121182
optionC_observed_RGI_n75_order_locked,Microcystin,MC_ppb,1,S06,5,-12338.981566632063,-2467.7963133264125
optionC_observed_RGI_n75_order_locked,Microcystin,MC_ppb,1,S07,7,-20936.151360679614,-2990.8787658113733
optionC_observed_RGI_n75_order_locked,Microcystin,MC_ppb,1,S08,9,4327.1181177238705,480.79090196931895
optionC_observed_RGI_n75_order_locked,Microcystin,MC_ppb,1,S09,8,3052.129012862646,381.51612660783076
optionC_observed_RGI_n75_order_locked,Microcystin,MC_ppb,1,S10,8,6869.72070433218,858.7150880415224
optionC_observed_RGI_n75_order_locked,Microcystin,MC_ppb,2,S01,5,-7184.28129062448,-1436.856258124896
optionC_observed_RGI_n75_order_locked,Microcystin,MC_ppb,2,S02,9,-112826.39460446892,-12536.266067163213
optionC_observed_RGI_n75_order_locked,Microcystin,MC_ppb,2,S03,9,42928.714704188766,4769.857189354308
optionC_observed_RGI_n75_order_locked,Microcystin,MC_ppb,2,S04,8,-24897.076126409695,-3112.134515801212
optionC_observed_RGI_n75_order_locked,Microcystin,MC_ppb,2,S05,7,-245955.74917259705,-35136.53559608529
optionC_observed_RGI_n75_order_locked,Microcystin,MC_ppb,2,S06,5,-8531.310263895273,-1706.2620527790546
optionC_observed_RGI_n75_order_locked,Microcystin,MC_ppb,2,S07,7,-15345.657574554367,-2192.2367963649094
optionC_observed_RGI_n75_order_locked,Microcystin,MC_ppb,2,S08,9,7389.806718628692,821.0896354031879
optionC_observed_RGI_n75_order_locked,Microcystin,MC_ppb,2,S09,8,20743.89499374877,2592.9868742185963
optionC_observed_RGI_n75_order_locked,Microcystin,MC_ppb,2,S10,8,-255.47007786664653,-31.933759733330817
optionC_observed_RGI_n75_order_locked,Microcystin,MC_ppb,3,S01,5,-53.25312398835831,-10.650624797671663
optionC_observed_RGI_n75_order_locked,Microcystin,MC_ppb,3,S02,9,-105234.62529278609,-11692.736143642898
optionC_observed_RGI_n75_order_locked,Microcystin,MC_ppb,3,S03,9,41018.07631721043,4557.564035245603
optionC_observed_RGI_n75_order_locked,Microcystin,MC_ppb,3,S04,8,-11913.390799343233,-1489.1738499179041
optionC_observed_RGI_n75_order_locked,Microcystin,MC_ppb,3,S05,7,-287303.0799631538,-41043.2971375934
optionC_observed_RGI_n75_order_locked,Microcystin,MC_ppb,3,S06,5,-9783.782710468451,-1956.7565420936903
optionC_observed_RGI_n75_order_locked,Microcystin,MC_ppb,3,S07,7,-10561.662351317145,-1508.8089073310207
optionC_observed_RGI_n75_order_locked,Microcystin,MC_ppb,3,S08,9,16169.365083640825,1796.5961204045361
optionC_observed_RGI_n75_order_locked,Microcystin,MC_ppb,3,S09,8,22630.77470378105,2828.8468379726314
optionC_observed_RGI_n75_order_locked,Microcystin,MC_ppb,3,S10,8,-2647.9866936916096,-330.9983367114512
optionC_observed_RGI_n75_order_locked,Microcystin,MC_ppb,4,S01,5,-33771.280741210154,-6754.256148242031
optionC_observed_RGI_n75_order_locked,Microcystin,MC_ppb,4,S02,9,-113271.46718914971,-12585.71857657219
optionC_observed_RGI_n75_order_locked,Microcystin,MC_ppb,4,S03,9,47301.0279981037,5255.669777567078
optionC_observed_RGI_n75_order_locked,Microcystin,MC_ppb,4,S04,8,-25942.021824999872,-3242.752728124984
optionC_observed_RGI_n75_order_locked,Microcystin,MC_ppb,4,S05,7,-353063.74751261965,-50437.67821608852
optionC_observed_RGI_n75_order_locked,Microcystin,MC_ppb,4,S06,5,-14345.967293682672,-2869.1934587365345
optionC_observed_RGI_n75_order_locked,Microcystin,MC_ppb,4,S07,7,-7578.972006308075,-1082.7102866154394
optionC_observed_RGI_n75_order_locked,Microcystin,MC_ppb,4,S08,9,16866.37683539452,1874.0418705993911
optionC_observed_RGI_n75_order_locked,Microcystin,MC_ppb,4,S09,8,49718.14223954671,6214.767779943339
optionC_observed_RGI_n75_order_locked,Microcystin,MC_ppb,4,S10,8,3288.2454226004047,411.0306778250506
optionC_observed_RGI_n75_order_locked,Microcystin,MC_ppb,5,S01,5,-36203.293757240936,-7240.658751448187
optionC_observed_RGI_n75_order_locked,Microcystin,MC_ppb,5,S02,9,-93323.95490628011,-10369.328322920011
optionC_observed_RGI_n75_order_locked,Microcystin,MC_ppb,5,S03,9,45887.91574879072,5098.657305421191
optionC_observed_RGI_n75_order_locked,Microcystin,MC_ppb,5,S04,8,-25288.590440764892,-3161.0738050956115
optionC_observed_RGI_n75_order_locked,Microcystin,MC_ppb,5,S05,7,-332789.0717301595,-47541.29596145136
optionC_observed_RGI_n75_order_locked,Microcystin,MC_ppb,5,S06,5,-12672.652076772232,-2534.5304153544466
optionC_observed_RGI_n75_order_locked,Microcystin,MC_ppb,5,S07,7,-9239.222053682164,-1319.8888648117377
optionC_observed_RGI_n75_order_locked,Microcystin,MC_ppb,5,S08,9,10423.95404045398,1158.2171156059978
optionC_observed_RGI_n75_order_locked,Microcystin,MC_ppb,5,S09,8,29778.66858119938,3722.3335726499226
optionC_observed_RGI_n75_order_locked,Microcystin,MC_ppb,5,S10,8,3742.855046656082,467.85688083201023
optionC_observed_RGI_n75_order_locked,Microcystin,MC_ppb,6,S01,5,-42842.456953899615,-8568.491390779924
optionC_observed_RGI_n75_order_locked,Microcystin,MC_ppb,6,S02,9,-57744.05358419732,-6416.005953799702
optionC_observed_RGI_n75_order_locked,Microcystin,MC_ppb,6,S03,9,-12145.86787665645,-1349.54087518405
optionC_observed_RGI_n75_order_locked,Microcystin,MC_ppb,6,S04,8,-26067.269825819116,-3258.4087282273895
optionC_observed_RGI_n75_order_locked,Microcystin,MC_ppb,6,S05,7,-331298.37423014146,-47328.339175734494
optionC_observed_RGI_n75_order_locked,Microcystin,MC_ppb,6,S06,5,-9886.982688216398,-1977.3965376432795
optionC_observed_RGI_n75_order_locked,Microcystin,MC_ppb,6,S07,7,-9922.550537884094,-1417.5072196977276
optionC_observed_RGI_n75_order_locked,Microcystin,MC_ppb,6,S08,9,130.9879063629587,14.554211818106523
optionC_observed_RGI_n75_order_locked,Microcystin,MC_ppb,6,S09,8,35331.86376749537,4416.482970936921
optionC_observed_RGI_n75_order_locked,Microcystin,MC_ppb,6,S10,8,2779.156732767811,347.39459159597635
optionC_observed_RGI_n75_order_locked,Microcystin,MC_ppb,7,S01,5,-34781.4174457206,-6956.283489144121
optionC_observed_RGI_n75_order_locked,Microcystin,MC_ppb,7,S02,9,-46722.2248951644,-5191.358321684933
optionC_observed_RGI_n75_order_locked,Microcystin,MC_ppb,7,S03,9,-13431.470662796737,-1492.3856291996374
optionC_observed_RGI_n75_order_locked,Microcystin,MC_ppb,7,S04,8,-23316.074918185677,-2914.5093647732097
optionC_observed_RGI_n75_order_locked,Microcystin,MC_ppb,7,S05,7,-285362.56625399995,-40766.08089342857
optionC_observed_RGI_n75_order_locked,Microcystin,MC_ppb,7,S06,5,-9491.786575865899,-1898.3573151731798
optionC_observed_RGI_n75_order_locked,Microcystin,MC_ppb,7,S07,7,-9777.547504880862,-1396.792500697266
optionC_observed_RGI_n75_order_locked,Microcystin,MC_ppb,7,S08,9,-932.3787186955424,-103.59763541061582
optionC_observed_RGI_n75_order_locked,Microcystin,MC_ppb,7,S09,8,36729.4088836776,4591.1761104597
optionC_observed_RGI_n75_order_locked,Microcystin,MC_ppb,7,S10,8,417.6738083057435,52.209226038217935
optionC_observed_RGI_n75_order_locked,Microcystin,MC_ppb,8,S01,5,-44587.65253305715,-8917.53050661143
optionC_observed_RGI_n75_order_locked,Microcystin,MC_ppb,8,S02,9,-47257.63886716471,-5250.848763018301
optionC_observed_RGI_n75_order_locked,Microcystin,MC_ppb,8,S03,9,-12571.772365976783,-1396.8635962196427
optionC_observed_RGI_n75_order_locked,Microcystin,MC_ppb,8,S04,8,-34284.14443630726,-4285.518054538407
optionC_observed_RGI_n75_order_locked,Microcystin,MC_ppb,8,S05,7,-278315.1339984153,-39759.304856916475
optionC_observed_RGI_n75_order_locked,Microcystin,MC_ppb,8,S06,5,-3501.4034113910147,-700.2806822782029
optionC_observed_RGI_n75_order_locked,Microcystin,MC_ppb,8,S07,7,-8550.551198541918,-1221.5073140774168
optionC_observed_RGI_n75_order_locked,Microcystin,MC_ppb,8,S08,9,504.75020464046565,56.083356071162854
optionC_observed_RGI_n75_order_locked,Microcystin,MC_ppb,8,S09,8,33773.801057691584,4221.725132211448
optionC_observed_RGI_n75_order_locked,Microcystin,MC_ppb,8,S10,8,7660.602150054114,957.5752687567642
optionC_observed_RGI_n75_order_locked,Microcystin,MC_ppb,9,S01,5,-167419.78079194255,-33483.95615838851
optionC_observed_RGI_n75_order_locked,Microcystin,MC_ppb,9,S02,9,-33257.30321588538,-3695.2559128761536
optionC_observed_RGI_n75_order_locked,Microcystin,MC_ppb,9,S03,9,-18119.681856646825,-2013.2979840718695
optionC_observed_RGI_n75_order_locked,Microcystin,MC_ppb,9,S04,8,-8983.893183917824,-1122.986647989728
optionC_observed_RGI_n75_order_locked,Microcystin,MC_ppb,9,S05,7,-307576.81221926556,-43939.54460275222
optionC_observed_RGI_n75_order_locked,Microcystin,MC_ppb,9,S06,5,-4786.266895329251,-957.2533790658503
optionC_observed_RGI_n75_order_locked,Microcystin,MC_ppb,9,S07,7,-5938.308792463973,-848.3298274948532
optionC_observed_RGI_n75_order_locked,Microcystin,MC_ppb,9,S08,9,10911.301862342538,1212.3668735936153
optionC_observed_RGI_n75_order_locked,Microcystin,MC_ppb,9,S09,8,34497.630086096004,4312.2037607620005
optionC_observed_RGI_n75_order_locked,Microcystin,MC_ppb,9,S10,8,17611.106273138023,2201.388284142253
optionC_observed_RGI_n75_order_locked,Microcystin,MC_ppb,10,S01,5,-174430.47694854622,-34886.09538970924
optionC_observed_RGI_n75_order_locked,Microcystin,MC_ppb,10,S02,9,-24379.573829218505,-2708.8415365798337
optionC_observed_RGI_n75_order_locked,Microcystin,MC_ppb,10,S03,9,-27747.786439841635,-3083.087382204626
optionC_observed_RGI_n75_order_locked,Microcystin,MC_ppb,10,S04,8,-7381.673692864953,-922.7092116081192
optionC_observed_RGI_n75_order_locked,Microcystin,MC_ppb,10,S05,7,-347385.867485649,-49626.55249794986
optionC_observed_RGI_n75_order_locked,Microcystin,MC_ppb,10,S06,5,-5606.843806262357,-1121.3687612524714
optionC_observed_RGI_n75_order_locked,Microcystin,MC_ppb,10,S07,7,-5802.918481960234,-828.9883545657477
optionC_observed_RGI_n75_order_locked,Microcystin,MC_ppb,10,S08,9,7648.1203897756,849.7911544195111
optionC_observed_RGI_n75_order_locked,Microcystin,MC_ppb,10,S09,8,30798.586391208988,3849.8232989011235
optionC_observed_RGI_n75_order_locked,Microcystin,MC_ppb,10,S10,8,17153.214325928297,2144.151790741037
optionC_observed_RGI_n75_order_locked,Chlorophyll a,Chl_a_mg_m3,0,S01,5,1092445.3200903703,218489.06401807404
optionC_observed_RGI_n75_order_locked,Chlorophyll a,Chl_a_mg_m3,0,S02,9,105665.12159377782,11740.569065975313
optionC_observed_RGI_n75_order_locked,Chlorophyll a,Chl_a_mg_m3,0,S03,9,187995.65881600004,20888.406535111117
optionC_observed_RGI_n75_order_locked,Chlorophyll a,Chl_a_mg_m3,0,S04,8,-91305.54212651849,-11413.19276581481
optionC_observed_RGI_n75_order_locked,Chlorophyll a,Chl_a_mg_m3,0,S05,7,-318996.41375792597,-45570.91625113228
optionC_observed_RGI_n75_order_locked,Chlorophyll a,Chl_a_mg_m3,0,S06,5,7870.349245925926,1574.0698491851851
optionC_observed_RGI_n75_order_locked,Chlorophyll a,Chl_a_mg_m3,0,S07,7,-176823.7957579259,-25260.542251132272
optionC_observed_RGI_n75_order_locked,Chlorophyll a,Chl_a_mg_m3,0,S08,9,-645755.9610284443,-71750.66233649381
optionC_observed_RGI_n75_order_locked,Chlorophyll a,Chl_a_mg_m3,0,S09,8,92137.8759845926,11517.234498074075
optionC_observed_RGI_n75_order_locked,Chlorophyll a,Chl_a_mg_m3,0,S10,8,149610.70958459258,18701.338698074072
optionC_observed_RGI_n75_order_locked,Chlorophyll a,Chl_a_mg_m3,1,S01,5,890183.1039150187,178036.62078300375
optionC_observed_RGI_n75_order_locked,Chlorophyll a,Chl_a_mg_m3,1,S02,9,-10852.351537838069,-1205.8168375375633
optionC_observed_RGI_n75_order_locked,Chlorophyll a,Chl_a_mg_m3,1,S03,9,-156473.28253193377,-17385.920281325976
optionC_observed_RGI_n75_order_locked,Chlorophyll a,Chl_a_mg_m3,1,S04,8,-245086.12887757522,-30635.766109696902
optionC_observed_RGI_n75_order_locked,Chlorophyll a,Chl_a_mg_m3,1,S05,7,226675.8566105683,32382.265230081186
optionC_observed_RGI_n75_order_locked,Chlorophyll a,Chl_a_mg_m3,1,S06,5,-66510.98560155039,-13302.197120310078
optionC_observed_RGI_n75_order_locked,Chlorophyll a,Chl_a_mg_m3,1,S07,7,62411.22650932768,8915.889501332525
optionC_observed_RGI_n75_order_locked,Chlorophyll a,Chl_a_mg_m3,1,S08,9,-322884.1706528577,-35876.018961428636
optionC_observed_RGI_n75_order_locked,Chlorophyll a,Chl_a_mg_m3,1,S09,8,-42736.01202619345,-5342.001503274181
optionC_observed_RGI_n75_order_locked,Chlorophyll a,Chl_a_mg_m3,1,S10,8,-68889.93660478285,-8611.242075597856
optionC_observed_RGI_n75_order_locked,Chlorophyll a,Chl_a_mg_m3,2,S01,5,1108093.5827510697,221618.71655021393
optionC_observed_RGI_n75_order_locked,Chlorophyll a,Chl_a_mg_m3,2,S02,9,-44480.139319293114,-4942.23770214368
optionC_observed_RGI_n75_order_locked,Chlorophyll a,Chl_a_mg_m3,2,S03,9,11717.075721190282,1301.8973023544759
optionC_observed_RGI_n75_order_locked,Chlorophyll a,Chl_a_mg_m3,2,S04,8,-257356.23978541838,-32169.529973177298
optionC_observed_RGI_n75_order_locked,Chlorophyll a,Chl_a_mg_m3,2,S05,7,156537.7870353783,22362.541005054045
optionC_observed_RGI_n75_order_locked,Chlorophyll a,Chl_a_mg_m3,2,S06,5,-32866.774378192626,-6573.354875638525
optionC_observed_RGI_n75_order_locked,Chlorophyll a,Chl_a_mg_m3,2,S07,7,79564.48355027025,11366.35479289575
optionC_observed_RGI_n75_order_locked,Chlorophyll a,Chl_a_mg_m3,2,S08,9,-281340.9984825342,-31260.1109425038
optionC_observed_RGI_n75_order_locked,Chlorophyll a,Chl_a_mg_m3,2,S09,8,-14960.64726511891,-1870.0809081398638
optionC_observed_RGI_n75_order_locked,Chlorophyll a,Chl_a_mg_m3,2,S10,8,-71923.51272713988,-8990.439090892485
optionC_observed_RGI_n75_order_locked,Chlorophyll a,Chl_a_mg_m3,3,S01,5,1139339.8846032459,227867.97692064918
optionC_observed_RGI_n75_order_locked,Chlorophyll a,Chl_a_mg_m3,3,S02,9,74280.78223310466,8253.42024812274
optionC_observed_RGI_n75_order_locked,Chlorophyll a,Chl_a_mg_m3,3,S03,9,47850.802006168,5316.755778463111
optionC_observed_RGI_n75_order_locked,Chlorophyll a,Chl_a_mg_m3,3,S04,8,65934.8948950147,8241.861861876838
optionC_observed_RGI_n75_order_locked,Chlorophyll a,Chl_a_mg_m3,3,S05,7,31176.75629660545,4453.822328086493
optionC_observed_RGI_n75_order_locked,Chlorophyll a,Chl_a_mg_m3,3,S06,5,17923.061154511888,3584.6122309023776
optionC_observed_RGI_n75_order_locked,Chlorophyll a,Chl_a_mg_m3,3,S07,7,103165.02183901449,14737.860262716355
optionC_observed_RGI_n75_order_locked,Chlorophyll a,Chl_a_mg_m3,3,S08,9,-249651.10155664224,-27739.01128407136
optionC_observed_RGI_n75_order_locked,Chlorophyll a,Chl_a_mg_m3,3,S09,8,-62039.586634969295,-7754.948329371162
optionC_observed_RGI_n75_order_locked,Chlorophyll a,Chl_a_mg_m3,3,S10,8,-158796.30930247356,-19849.538662809195
optionC_observed_RGI_n75_order_locked,Chlorophyll a,Chl_a_mg_m3,4,S01,5,960264.1807912594,192052.83615825188
optionC_observed_RGI_n75_order_locked,Chlorophyll a,Chl_a_mg_m3,4,S02,9,28624.132202056313,3180.4591335618125
optionC_observed_RGI_n75_order_locked,Chlorophyll a,Chl_a_mg_m3,4,S03,9,225412.3255932178,25045.81395480198
optionC_observed_RGI_n75_order_locked,Chlorophyll a,Chl_a_mg_m3,4,S04,8,26802.476648792137,3350.309581099017
optionC_observed_RGI_n75_order_locked,Chlorophyll a,Chl_a_mg_m3,4,S05,7,-74810.3349572064,-10687.190708172344
optionC_observed_RGI_n75_order_locked,Chlorophyll a,Chl_a_mg_m3,4,S06,5,-14256.325820316653,-2851.2651640633308
optionC_observed_RGI_n75_order_locked,Chlorophyll a,Chl_a_mg_m3,4,S07,7,98208.9717107916,14029.853101541656
optionC_observed_RGI_n75_order_locked,Chlorophyll a,Chl_a_mg_m3,4,S08,9,-209708.37261947023,-23300.93029105225
optionC_observed_RGI_n75_order_locked,Chlorophyll a,Chl_a_mg_m3,4,S09,8,-63643.96455082504,-7955.49556885313
optionC_observed_RGI_n75_order_locked,Chlorophyll a,Chl_a_mg_m3,4,S10,8,-79575.37569869703,-9946.921962337128
optionC_observed_RGI_n75_order_locked,Chlorophyll a,Chl_a_mg_m3,5,S01,5,994368.8961777595,198873.7792355519
optionC_observed_RGI_n75_order_locked,Chlorophyll a,Chl_a_mg_m3,5,S02,9,35877.75199405239,3986.4168882280437
optionC_observed_RGI_n75_order_locked,Chlorophyll a,Chl_a_mg_m3,5,S03,9,245887.38159108558,27320.820176787285
optionC_observed_RGI_n75_order_locked,Chlorophyll a,Chl_a_mg_m3,5,S04,8,15694.96668249854,1961.8708353123175
optionC_observed_RGI_n75_order_locked,Chlorophyll a,Chl_a_mg_m3,5,S05,7,-76994.90593707397,-10999.272276724852
optionC_observed_RGI_n75_order_locked,Chlorophyll a,Chl_a_mg_m3,5,S06,5,-24893.56029860562,-4978.712059721123
optionC_observed_RGI_n75_order_locked,Chlorophyll a,Chl_a_mg_m3,5,S07,7,96210.84817701654,13744.406882430934
optionC_observed_RGI_n75_order_locked,Chlorophyll a,Chl_a_mg_m3,5,S08,9,-162777.67568590562,-18086.408409545067
optionC_observed_RGI_n75_order_locked,Chlorophyll a,Chl_a_mg_m3,5,S09,8,-63337.01375592823,-7917.126719491029
optionC_observed_RGI_n75_order_locked,Chlorophyll a,Chl_a_mg_m3,5,S10,8,-117991.24745866712,-14748.90593233339
optionC_observed_RGI_n75_order_locked,Chlorophyll a,Chl_a_mg_m3,6,S01,5,946458.7136876222,189291.74273752444
optionC_observed_RGI_n75_order_locked,Chlorophyll a,Chl_a_mg_m3,6,S02,9,-38395.428863655674,-4266.158762628408
optionC_observed_RGI_n75_order_locked,Chlorophyll a,Chl_a_mg_m3,6,S03,9,222971.44090400217,24774.60454488913
optionC_observed_RGI_n75_order_locked,Chlorophyll a,Chl_a_mg_m3,6,S04,8,-272.74298095330596,-34.092872619163245
optionC_observed_RGI_n75_order_locked,Chlorophyll a,Chl_a_mg_m3,6,S05,7,-112731.00779615922,-16104.429685165602
optionC_observed_RGI_n75_order_locked,Chlorophyll a,Chl_a_mg_m3,6,S06,5,-80173.79792835796,-16034.759585671593
optionC_observed_RGI_n75_order_locked,Chlorophyll a,Chl_a_mg_m3,6,S07,7,153775.65249151769,21967.950355931098
optionC_observed_RGI_n75_order_locked,Chlorophyll a,Chl_a_mg_m3,6,S08,9,-186800.71111567185,-20755.634568407982
optionC_observed_RGI_n75_order_locked,Chlorophyll a,Chl_a_mg_m3,6,S09,8,-41156.44595821829,-5144.555744777286
optionC_observed_RGI_n75_order_locked,Chlorophyll a,Chl_a_mg_m3,6,S10,8,-142288.06902510553,-17786.008628138192
optionC_observed_RGI_n75_order_locked,Chlorophyll a,Chl_a_mg_m3,7,S01,5,904332.746611127,180866.54932222542
optionC_observed_RGI_n75_order_locked,Chlorophyll a,Chl_a_mg_m3,7,S02,9,-43271.825452657715,-4807.9806058508575
optionC_observed_RGI_n75_order_locked,Chlorophyll a,Chl_a_mg_m3,7,S03,9,170436.25260006555,18937.361400007285
optionC_observed_RGI_n75_order_locked,Chlorophyll a,Chl_a_mg_m3,7,S04,8,-1302.2409392030604,-162.78011740038255
optionC_observed_RGI_n75_order_locked,Chlorophyll a,Chl_a_mg_m3,7,S05,7,-114105.06942378954,-16300.724203398506
optionC_observed_RGI_n75_order_locked,Chlorophyll a,Chl_a_mg_m3,7,S06,5,-77661.44978655638,-15532.289957311275
optionC_observed_RGI_n75_order_locked,Chlorophyll a,Chl_a_mg_m3,7,S07,7,54895.45342000284,7842.207631428978
optionC_observed_RGI_n75_order_locked,Chlorophyll a,Chl_a_mg_m3,7,S08,9,-242041.4796290061,-26893.497736556234
optionC_observed_RGI_n75_order_locked,Chlorophyll a,Chl_a_mg_m3,7,S09,8,35299.972974173405,4412.496621771676
optionC_observed_RGI_n75_order_locked,Chlorophyll a,Chl_a_mg_m3,7,S10,8,-60519.68162642632,-7564.96020330329
optionC_observed_RGI_n75_order_locked,Chlorophyll a,Chl_a_mg_m3,8,S01,5,868901.387243928,173780.2774487856
optionC_observed_RGI_n75_order_locked,Chlorophyll a,Chl_a_mg_m3,8,S02,9,-96419.49549443225,-10713.277277159139
optionC_observed_RGI_n75_order_locked,Chlorophyll a,Chl_a_mg_m3,8,S03,9,198174.21461127728,22019.35717903081
optionC_observed_RGI_n75_order_locked,Chlorophyll a,Chl_a_mg_m3,8,S04,8,26680.01150964595,3335.0014387057436
optionC_observed_RGI_n75_order_locked,Chlorophyll a,Chl_a_mg_m3,8,S05,7,-100573.84397990377,-14367.69199712911
optionC_observed_RGI_n75_order_locked,Chlorophyll a,Chl_a_mg_m3,8,S06,5,-63115.47990921193,-12623.095981842385
optionC_observed_RGI_n75_order_locked,Chlorophyll a,Chl_a_mg_m3,8,S07,7,54576.119592005256,7796.588513143608
optionC_observed_RGI_n75_order_locked,Chlorophyll a,Chl_a_mg_m3,8,S08,9,-222925.87531440047,-24769.541701600054
optionC_observed_RGI_n75_order_locked,Chlorophyll a,Chl_a_mg_m3,8,S09,8,21358.771561159803,2669.8464451449754
optionC_observed_RGI_n75_order_locked,Chlorophyll a,Chl_a_mg_m3,8,S10,8,-42831.706940386764,-5353.963367548346
optionC_observed_RGI_n75_order_locked,Chlorophyll a,Chl_a_mg_m3,9,S01,5,743430.2152528443,148686.04305056884
optionC_observed_RGI_n75_order_locked,Chlorophyll a,Chl_a_mg_m3,9,S02,9,-28726.129695294498,-3191.792188366055
optionC_observed_RGI_n75_order_locked,Chlorophyll a,Chl_a_mg_m3,9,S03,9,341911.16902850114,37990.12989205568
optionC_observed_RGI_n75_order_locked,Chlorophyll a,Chl_a_mg_m3,9,S04,8,85460.78114493725,10682.597643117157
optionC_observed_RGI_n75_order_locked,Chlorophyll a,Chl_a_mg_m3,9,S05,7,-80046.29696154891,-11435.185280221272
optionC_observed_RGI_n75_order_locked,Chlorophyll a,Chl_a_mg_m3,9,S06,5,-65915.82109013399,-13183.164218026799
optionC_observed_RGI_n75_order_locked,Chlorophyll a,Chl_a_mg_m3,9,S07,7,41861.71234112918,5980.244620161312
optionC_observed_RGI_n75_order_locked,Chlorophyll a,Chl_a_mg_m3,9,S08,9,-233946.13167685372,-25994.014630761525
optionC_observed_RGI_n75_order_locked,Chlorophyll a,Chl_a_mg_m3,9,S09,8,40972.061820966686,5121.507727620836
optionC_observed_RGI_n75_order_locked,Chlorophyll a,Chl_a_mg_m3,9,S10,8,267.5649292157741,33.44561615197176
optionC_observed_RGI_n75_order_locked,Chlorophyll a,Chl_a_mg_m3,10,S01,5,743355.3428835183,148671.06857670366
optionC_observed_RGI_n75_order_locked,Chlorophyll a,Chl_a_mg_m3,10,S02,9,-15508.417514017783,-1723.1575015575315
optionC_observed_RGI_n75_order_locked,Chlorophyll a,Chl_a_mg_m3,10,S03,9,349104.2727912235,38789.363643469274
optionC_observed_RGI_n75_order_locked,Chlorophyll a,Chl_a_mg_m3,10,S04,8,76066.87703876063,9508.35962984508
optionC_observed_RGI_n75_order_locked,Chlorophyll a,Chl_a_mg_m3,10,S05,7,-138436.4709433768,-19776.638706196685
optionC_observed_RGI_n75_order_locked,Chlorophyll a,Chl_a_mg_m3,10,S06,5,-50595.37488369457,-10119.074976738913
optionC_observed_RGI_n75_order_locked,Chlorophyll a,Chl_a_mg_m3,10,S07,7,40145.37764935633,5735.053949908047
optionC_observed_RGI_n75_order_locked,Chlorophyll a,Chl_a_mg_m3,10,S08,9,-231662.08338294682,-25740.23148699409
optionC_observed_RGI_n75_order_locked,Chlorophyll a,Chl_a_mg_m3,10,S09,8,34291.72522341099,4286.465652926374
optionC_observed_RGI_n75_order_locked,Chlorophyll a,Chl_a_mg_m3,10,S10,8,-162.34031247734856,-20.29253905966857
optionC_observed_RGI_n75_order_locked,Water temperature,water_temp_C,0,S01,5,193643.01363407407,38728.60272681482
optionC_observed_RGI_n75_order_locked,Water temperature,water_temp_C,0,S02,9,-11676.929809777796,-1297.4366455308661
optionC_observed_RGI_n75_order_locked,Water temperature,water_temp_C,0,S03,9,-90167.52558755553,-10018.613954172837
optionC_observed_RGI_n75_order_locked,Water temperature,water_temp_C,0,S04,8,-106331.01562103705,-13291.376952629631
optionC_observed_RGI_n75_order_locked,Water temperature,water_temp_C,0,S05,7,-7413.161187851856,-1059.0230268359794
optionC_observed_RGI_n75_order_locked,Water temperature,water_temp_C,0,S06,5,98872.38921185189,19774.477842370376
optionC_observed_RGI_n75_order_locked,Water temperature,water_temp_C,0,S07,7,-41299.92349896295,-5899.989071280421
optionC_observed_RGI_n75_order_locked,Water temperature,water_temp_C,0,S08,9,-16170.548454222204,-1796.7276060246893
optionC_observed_RGI_n75_order_locked,Water temperature,water_temp_C,0,S09,8,185038.07593451854,23129.759491814817
optionC_observed_RGI_n75_order_locked,Water temperature,water_temp_C,0,S10,8,46056.27286785184,5757.03410848148
optionC_observed_RGI_n75_order_locked,Water temperature,water_temp_C,1,S01,5,171038.51814134675,34207.70362826935
optionC_observed_RGI_n75_order_locked,Water temperature,water_temp_C,1,S02,9,-16191.76904501214,-1799.0854494457935
optionC_observed_RGI_n75_order_locked,Water temperature,water_temp_C,1,S03,9,-109028.24134010504,-12114.24903778945
optionC_observed_RGI_n75_order_locked,Water temperature,water_temp_C,1,S04,8,-78501.13278648604,-9812.641598310754
optionC_observed_RGI_n75_order_locked,Water temperature,water_temp_C,1,S05,7,126601.67649207564,18085.953784582234
optionC_observed_RGI_n75_order_locked,Water temperature,water_temp_C,1,S06,5,21383.18777829613,4276.637555659227
optionC_observed_RGI_n75_order_locked,Water temperature,water_temp_C,1,S07,7,-10022.919228620332,-1431.845604088619
optionC_observed_RGI_n75_order_locked,Water temperature,water_temp_C,1,S08,9,-49079.18950056942,-5453.243277841047
optionC_observed_RGI_n75_order_locked,Water temperature,water_temp_C,1,S09,8,16024.27974142936,2003.03496767867
optionC_observed_RGI_n75_order_locked,Water temperature,water_temp_C,1,S10,8,11811.362089316397,1476.4202611645496
optionC_observed_RGI_n75_order_locked,Water temperature,water_temp_C,2,S01,5,191856.59120399927,38371.318240799854
optionC_observed_RGI_n75_order_locked,Water temperature,water_temp_C,2,S02,9,-88537.73985543585,-9837.526650603984
optionC_observed_RGI_n75_order_locked,Water temperature,water_temp_C,2,S03,9,-25523.19641641819,-2835.9107129353547
optionC_observed_RGI_n75_order_locked,Water temperature,water_temp_C,2,S04,8,-95049.08828108903,-11881.136035136129
optionC_observed_RGI_n75_order_locked,Water temperature,water_temp_C,2,S05,7,47887.65395350921,6841.093421929887
optionC_observed_RGI_n75_order_locked,Water temperature,water_temp_C,2,S06,5,20729.48525811248,4145.897051622496
optionC_observed_RGI_n75_order_locked,Water temperature,water_temp_C,2,S07,7,-31438.365836086115,-4491.195119440874
optionC_observed_RGI_n75_order_locked,Water temperature,water_temp_C,2,S08,9,-29802.5633945904,-3311.395932732267
optionC_observed_RGI_n75_order_locked,Water temperature,water_temp_C,2,S09,8,34919.971497623585,4364.996437202948
optionC_observed_RGI_n75_order_locked,Water temperature,water_temp_C,2,S10,8,10087.725674419431,1260.9657093024289
optionC_observed_RGI_n75_order_locked,Water temperature,water_temp_C,3,S01,5,235628.37750621125,47125.67550124225
optionC_observed_RGI_n75_order_locked,Water temperature,water_temp_C,3,S02,9,-88220.56369889293,-9802.284855432548
optionC_observed_RGI_n75_order_locked,Water temperature,water_temp_C,3,S03,9,-21576.868974461737,-2397.429886051304
optionC_observed_RGI_n75_order_locked,Water temperature,water_temp_C,3,S04,8,14679.345894009974,1834.9182367512467
optionC_observed_RGI_n75_order_locked,Water temperature,water_temp_C,3,S05,7,62587.29290490996,8941.041843558565
optionC_observed_RGI_n75_order_locked,Water temperature,water_temp_C,3,S06,5,17333.67342889999,3466.734685779998
optionC_observed_RGI_n75_order_locked,Water temperature,water_temp_C,3,S07,7,-11883.835986485137,-1697.6908552121624
optionC_observed_RGI_n75_order_locked,Water temperature,water_temp_C,3,S08,9,854.575731664605,94.95285907384499
optionC_observed_RGI_n75_order_locked,Water temperature,water_temp_C,3,S09,8,-3721.175351693495,-465.1469189616869
optionC_observed_RGI_n75_order_locked,Water temperature,water_temp_C,3,S10,8,-30353.447368128876,-3794.1809210161096
optionC_observed_RGI_n75_order_locked,Water temperature,water_temp_C,4,S01,5,240350.3332770231,48070.06665540462
optionC_observed_RGI_n75_order_locked,Water temperature,water_temp_C,4,S02,9,-89640.96042757972,-9960.106714175525
optionC_observed_RGI_n75_order_locked,Water temperature,water_temp_C,4,S03,9,3995.7430331734286,443.97144813038096
optionC_observed_RGI_n75_order_locked,Water temperature,water_temp_C,4,S04,8,8105.892649242454,1013.2365811553068
optionC_observed_RGI_n75_order_locked,Water temperature,water_temp_C,4,S05,7,29241.822525736534,4177.403217962362
optionC_observed_RGI_n75_order_locked,Water temperature,water_temp_C,4,S06,5,-7884.295719782627,-1576.8591439565255
optionC_observed_RGI_n75_order_locked,Water temperature,water_temp_C,4,S07,7,-6306.608664701489,-900.9440949573556
optionC_observed_RGI_n75_order_locked,Water temperature,water_temp_C,4,S08,9,-6982.598054999648,-775.8442283332943
optionC_observed_RGI_n75_order_locked,Water temperature,water_temp_C,4,S09,8,15634.173616104907,1954.2717020131133
optionC_observed_RGI_n75_order_locked,Water temperature,water_temp_C,4,S10,8,-20363.216960543028,-2545.4021200678785
optionC_observed_RGI_n75_order_locked,Water temperature,water_temp_C,5,S01,5,224891.7097518741,44978.341950374815
optionC_observed_RGI_n75_order_locked,Water temperature,water_temp_C,5,S02,9,-123196.31594777868,-13688.479549753187
optionC_observed_RGI_n75_order_locked,Water temperature,water_temp_C,5,S03,9,2613.5508263369516,290.39453625966127
optionC_observed_RGI_n75_order_locked,Water temperature,water_temp_C,5,S04,8,-23299.742771284655,-2912.467846410582
optionC_observed_RGI_n75_order_locked,Water temperature,water_temp_C,5,S05,7,24919.088178461643,3559.869739780235
optionC_observed_RGI_n75_order_locked,Water temperature,water_temp_C,5,S06,5,-10791.862490996778,-2158.3724981993555
optionC_observed_RGI_n75_order_locked,Water temperature,water_temp_C,5,S07,7,-24083.82021347471,-3440.545744782102
optionC_observed_RGI_n75_order_locked,Water temperature,water_temp_C,5,S08,9,5824.667048954589,647.185227661621
optionC_observed_RGI_n75_order_locked,Water temperature,water_temp_C,5,S09,8,861.0141838690979,107.62677298363724
optionC_observed_RGI_n75_order_locked,Water temperature,water_temp_C,5,S10,8,-31112.016933251824,-3889.002116656478
optionC_observed_RGI_n75_order_locked,Water temperature,water_temp_C,6,S01,5,172316.87501165504,34463.375002331006
optionC_observed_RGI_n75_order_locked,Water temperature,water_temp_C,6,S02,9,-143187.42799869084,-15909.71422207676
optionC_observed_RGI_n75_order_locked,Water temperature,water_temp_C,6,S03,9,8228.063084866812,914.229231651868
optionC_observed_RGI_n75_order_locked,Water temperature,water_temp_C,6,S04,8,-48411.801445426696,-6051.475180678337
optionC_observed_RGI_n75_order_locked,Water temperature,water_temp_C,6,S05,7,14163.450834849962,2023.3501192642802
optionC_observed_RGI_n75_order_locked,Water temperature,water_temp_C,6,S06,5,-18891.678127604162,-3778.3356255208323
optionC_observed_RGI_n75_order_locked,Water temperature,water_temp_C,6,S07,7,-21523.925602246323,-3074.846514606618
optionC_observed_RGI_n75_order_locked,Water temperature,water_temp_C,6,S08,9,-4102.007163554192,-455.77857372824354
optionC_observed_RGI_n75_order_locked,Water temperature,water_temp_C,6,S09,8,15063.604878514172,1882.9506098142715
optionC_observed_RGI_n75_order_locked,Water temperature,water_temp_C,6,S10,8,-27364.451967079985,-3420.556495884998
optionC_observed_RGI_n75_order_locked,Water temperature,water_temp_C,7,S01,5,202918.54580343698,40583.709160687395
optionC_observed_RGI_n75_order_locked,Water temperature,water_temp_C,7,S02,9,-96270.98128064159,-10696.775697849065
optionC_observed_RGI_n75_order_locked,Water temperature,water_temp_C,7,S03,9,10153.777655973061,1128.1975173303401
optionC_observed_RGI_n75_order_locked,Water temperature,water_temp_C,7,S04,8,-25766.688164261723,-3220.8360205327153
optionC_observed_RGI_n75_order_locked,Water temperature,water_temp_C,7,S05,7,23956.124878748276,3422.3035541068966
optionC_observed_RGI_n75_order_locked,Water temperature,water_temp_C,7,S06,5,-13352.54491951882,-2670.5089839037637
optionC_observed_RGI_n75_order_locked,Water temperature,water_temp_C,7,S07,7,-19969.128338635288,-2852.732619805041
optionC_observed_RGI_n75_order_locked,Water temperature,water_temp_C,7,S08,9,-822.0231915270742,-91.33591016967492
optionC_observed_RGI_n75_order_locked,Water temperature,water_temp_C,7,S09,8,87188.39683924124,10898.549604905154
optionC_observed_RGI_n75_order_locked,Water temperature,water_temp_C,7,S10,8,-21337.911124064307,-2667.2388905080384
optionC_observed_RGI_n75_order_locked,Water temperature,water_temp_C,8,S01,5,200472.2790217919,40094.45580435838
optionC_observed_RGI_n75_order_locked,Water temperature,water_temp_C,8,S02,9,-109622.28139153475,-12180.253487948306
optionC_observed_RGI_n75_order_locked,Water temperature,water_temp_C,8,S03,9,12437.724286011382,1381.9693651123757
optionC_observed_RGI_n75_order_locked,Water temperature,water_temp_C,8,S04,8,-19707.74042679915,-2463.467553349894
optionC_observed_RGI_n75_order_locked,Water temperature,water_temp_C,8,S05,7,21549.88091622063,3078.554416602947
optionC_observed_RGI_n75_order_locked,Water temperature,water_temp_C,8,S06,5,-7283.364370140741,-1456.6728740281483
optionC_observed_RGI_n75_order_locked,Water temperature,water_temp_C,8,S07,7,-14994.073853835125,-2142.010550547875
optionC_observed_RGI_n75_order_locked,Water temperature,water_temp_C,8,S08,9,5698.804936669224,633.2005485188026
optionC_observed_RGI_n75_order_locked,Water temperature,water_temp_C,8,S09,8,85453.74940476002,10681.718675595002
optionC_observed_RGI_n75_order_locked,Water temperature,water_temp_C,8,S10,8,-18226.37423479498,-2278.2967793493726
optionC_observed_RGI_n75_order_locked,Water temperature,water_temp_C,9,S01,5,154789.82134584527,30957.964269169053
optionC_observed_RGI_n75_order_locked,Water temperature,water_temp_C,9,S02,9,-106819.14193656521,-11868.793548507245
optionC_observed_RGI_n75_order_locked,Water temperature,water_temp_C,9,S03,9,57777.142991594286,6419.682554621588
optionC_observed_RGI_n75_order_locked,Water temperature,water_temp_C,9,S04,8,-197.5899623723999,-24.698745296549987
optionC_observed_RGI_n75_order_locked,Water temperature,water_temp_C,9,S05,7,43613.202043482655,6230.457434783237
optionC_observed_RGI_n75_order_locked,Water temperature,water_temp_C,9,S06,5,2238.504613736168,447.70092274723356
optionC_observed_RGI_n75_order_locked,Water temperature,water_temp_C,9,S07,7,-10833.331722485542,-1547.6188174979345
optionC_observed_RGI_n75_order_locked,Water temperature,water_temp_C,9,S08,9,4560.428100620782,506.7142334023091
optionC_observed_RGI_n75_order_locked,Water temperature,water_temp_C,9,S09,8,96527.63906235808,12065.95488279476
optionC_observed_RGI_n75_order_locked,Water temperature,water_temp_C,9,S10,8,183.35035752012254,22.918794690015318
optionC_observed_RGI_n75_order_locked,Water temperature,water_temp_C,10,S01,5,137155.60669174563,27431.121338349127
optionC_observed_RGI_n75_order_locked,Water temperature,water_temp_C,10,S02,9,-95110.70559752645,-10567.85617750294
optionC_observed_RGI_n75_order_locked,Water temperature,water_temp_C,10,S03,9,53862.35422050356,5984.706024500396
optionC_observed_RGI_n75_order_locked,Water temperature,water_temp_C,10,S04,8,5793.00523056804,724.125653821005
optionC_observed_RGI_n75_order_locked,Water temperature,water_temp_C,10,S05,7,43216.417709611735,6173.7739585159625
optionC_observed_RGI_n75_order_locked,Water temperature,water_temp_C,10,S06,5,4854.589655284672,970.9179310569343
optionC_observed_RGI_n75_order_locked,Water temperature,water_temp_C,10,S07,7,-28490.53623282904,-4070.076604689863
optionC_observed_RGI_n75_order_locked,Water temperature,water_temp_C,10,S08,9,3403.5688947068793,378.1743216340977
optionC_observed_RGI_n75_order_locked,Water temperature,water_temp_C,10,S09,8,94176.78642971846,11772.098303714807
optionC_observed_RGI_n75_order_locked,Water temperature,water_temp_C,10,S10,8,5695.333432754753,711.9166790943441
optionC_observed_RGI_n75_order_locked,TP,TP_mg_L,0,S01,5,1449.6677482962968,289.93354965925937
optionC_observed_RGI_n75_order_locked,TP,TP_mg_L,0,S02,9,-192.51847017777763,-21.39094113086418
optionC_observed_RGI_n75_order_locked,TP,TP_mg_L,0,S03,9,26.02706204444451,2.8918957827160567
optionC_observed_RGI_n75_order_locked,TP,TP_mg_L,0,S04,8,-1491.2194436148145,-186.4024304518518
optionC_observed_RGI_n75_order_locked,TP,TP_mg_L,0,S05,7,-38.39333594074009,-5.484762277248584
optionC_observed_RGI_n75_order_locked,TP,TP_mg_L,0,S06,5,149.6081014074073,29.92162028148146
optionC_observed_RGI_n75_order_locked,TP,TP_mg_L,0,S07,7,-53.30045260740701,-7.614350372486716
optionC_observed_RGI_n75_order_locked,TP,TP_mg_L,0,S08,9,-345.7030090666667,-38.411445451851854
optionC_observed_RGI_n75_order_locked,TP,TP_mg_L,0,S09,8,-163.82100139259256,-20.47762517407407
optionC_observed_RGI_n75_order_locked,TP,TP_mg_L,0,S10,8,-105.50085672592542,-13.187607090740677
optionC_observed_RGI_n75_order_locked,TP,TP_mg_L,1,S01,5,1490.172278065203,298.0344556130406
optionC_observed_RGI_n75_order_locked,TP,TP_mg_L,1,S02,9,-75.03588841138752,-8.337320934598614
optionC_observed_RGI_n75_order_locked,TP,TP_mg_L,1,S03,9,79.22732136775404,8.803035707528228
optionC_observed_RGI_n75_order_locked,TP,TP_mg_L,1,S04,8,-683.8500457016611,-85.48125571270764
optionC_observed_RGI_n75_order_locked,TP,TP_mg_L,1,S05,7,373.6103577096486,53.37290824423552
optionC_observed_RGI_n75_order_locked,TP,TP_mg_L,1,S06,5,24.626893324711247,4.925378664942249
optionC_observed_RGI_n75_order_locked,TP,TP_mg_L,1,S07,7,54.87238045081293,7.838911492973276
optionC_observed_RGI_n75_order_locked,TP,TP_mg_L,1,S08,9,-60.2159232539324,-6.690658139325823
optionC_observed_RGI_n75_order_locked,TP,TP_mg_L,1,S09,8,45.849148274112835,5.731143534264104
optionC_observed_RGI_n75_order_locked,TP,TP_mg_L,1,S10,8,103.99163929894945,12.998954912368681
optionC_observed_RGI_n75_order_locked,TP,TP_mg_L,2,S01,5,1639.8284667646124,327.9656933529225
optionC_observed_RGI_n75_order_locked,TP,TP_mg_L,2,S02,9,-192.858405422672,-21.42871171363022
optionC_observed_RGI_n75_order_locked,TP,TP_mg_L,2,S03,9,206.65788264063912,22.961986960071012
optionC_observed_RGI_n75_order_locked,TP,TP_mg_L,2,S04,8,-640.8525425686962,-80.10656782108703
optionC_observed_RGI_n75_order_locked,TP,TP_mg_L,2,S05,7,128.6762172985348,18.38231675693354
optionC_observed_RGI_n75_order_locked,TP,TP_mg_L,2,S06,5,13.333872064695449,2.66677441293909
optionC_observed_RGI_n75_order_locked,TP,TP_mg_L,2,S07,7,-9.133885929599574,-1.3048408470856534
optionC_observed_RGI_n75_order_locked,TP,TP_mg_L,2,S08,9,-15.412464679154866,-1.7124960754616518
optionC_observed_RGI_n75_order_locked,TP,TP_mg_L,2,S09,8,-33.82949122748968,-4.22868640343621
optionC_observed_RGI_n75_order_locked,TP,TP_mg_L,2,S10,8,91.24964509659056,11.40620563707382
optionC_observed_RGI_n75_order_locked,TP,TP_mg_L,3,S01,5,1823.3026345629214,364.66052691258426
optionC_observed_RGI_n75_order_locked,TP,TP_mg_L,3,S02,9,-157.97717268281096,-17.553019186978997
optionC_observed_RGI_n75_order_locked,TP,TP_mg_L,3,S03,9,101.79129335888358,11.31014370654262
optionC_observed_RGI_n75_order_locked,TP,TP_mg_L,3,S04,8,-721.4129157679093,-90.17661447098867
optionC_observed_RGI_n75_order_locked,TP,TP_mg_L,3,S05,7,121.2571336127892,17.322447658969885
optionC_observed_RGI_n75_order_locked,TP,TP_mg_L,3,S06,5,-18.96639292402529,-3.7932785848050576
optionC_observed_RGI_n75_order_locked,TP,TP_mg_L,3,S07,7,11.896773812275747,1.6995391160393925
optionC_observed_RGI_n75_order_locked,TP,TP_mg_L,3,S08,9,86.20436332736281,9.578262591929201
optionC_observed_RGI_n75_order_locked,TP,TP_mg_L,3,S09,8,-45.358905297495724,-5.6698631621869655
optionC_observed_RGI_n75_order_locked,TP,TP_mg_L,3,S10,8,-12.645831850329301,-1.5807289812911627
optionC_observed_RGI_n75_order_locked,TP,TP_mg_L,4,S01,5,1794.620505903194,358.9241011806388
optionC_observed_RGI_n75_order_locked,TP,TP_mg_L,4,S02,9,-254.71098182775455,-28.30122020308384
optionC_observed_RGI_n75_order_locked,TP,TP_mg_L,4,S03,9,169.98024969316492,18.88669441035166
optionC_observed_RGI_n75_order_locked,TP,TP_mg_L,4,S04,8,-738.7933821280953,-92.34917276601192
optionC_observed_RGI_n75_order_locked,TP,TP_mg_L,4,S05,7,3.6766624104162418,0.5252374872023202
optionC_observed_RGI_n75_order_locked,TP,TP_mg_L,4,S06,5,-57.921352694029956,-11.584270538805992
optionC_observed_RGI_n75_order_locked,TP,TP_mg_L,4,S07,7,108.12903479279419,15.447004970399169
optionC_observed_RGI_n75_order_locked,TP,TP_mg_L,4,S08,9,111.92623637877634,12.436248486530705
optionC_observed_RGI_n75_order_locked,TP,TP_mg_L,4,S09,8,23.934260441303636,2.9917825551629544
optionC_observed_RGI_n75_order_locked,TP,TP_mg_L,4,S10,8,72.28087124497198,9.035108905621497
optionC_observed_RGI_n75_order_locked,TP,TP_mg_L,5,S01,5,1749.848024309206,349.9696048618412
optionC_observed_RGI_n75_order_locked,TP,TP_mg_L,5,S02,9,-258.2714599305327,-28.696828881170305
optionC_observed_RGI_n75_order_locked,TP,TP_mg_L,5,S03,9,80.47033814272893,8.941148682525437
optionC_observed_RGI_n75_order_locked,TP,TP_mg_L,5,S04,8,-1045.4328589070924,-130.67910736338655
optionC_observed_RGI_n75_order_locked,TP,TP_mg_L,5,S05,7,-9.705913999557538,-1.3865591427939339
optionC_observed_RGI_n75_order_locked,TP,TP_mg_L,5,S06,5,-73.55245965371279,-14.710491930742558
optionC_observed_RGI_n75_order_locked,TP,TP_mg_L,5,S07,7,86.99358859216996,12.427655513167137
optionC_observed_RGI_n75_order_locked,TP,TP_mg_L,5,S08,9,57.85700209170263,6.4285557879669595
optionC_observed_RGI_n75_order_locked,TP,TP_mg_L,5,S09,8,6.170489031134785,0.7713111288918482
optionC_observed_RGI_n75_order_locked,TP,TP_mg_L,5,S10,8,-35.61021466402029,-4.451276833002536
optionC_observed_RGI_n75_order_locked,TP,TP_mg_L,6,S01,5,1712.1354523288567,342.42709046577136
optionC_observed_RGI_n75_order_locked,TP,TP_mg_L,6,S02,9,-404.6996443576945,-44.96662715085495
optionC_observed_RGI_n75_order_locked,TP,TP_mg_L,6,S03,9,40.526107146762435,4.502900794084715
optionC_observed_RGI_n75_order_locked,TP,TP_mg_L,6,S04,8,-1102.7714000311098,-137.84642500388873
optionC_observed_RGI_n75_order_locked,TP,TP_mg_L,6,S05,7,-81.9927347407043,-11.713247820100614
optionC_observed_RGI_n75_order_locked,TP,TP_mg_L,6,S06,5,-81.42407345189136,-16.284814690378273
optionC_observed_RGI_n75_order_locked,TP,TP_mg_L,6,S07,7,83.72834714825565,11.961192449750808
optionC_observed_RGI_n75_order_locked,TP,TP_mg_L,6,S08,9,43.81502950230661,4.8683366113674005
optionC_observed_RGI_n75_order_locked,TP,TP_mg_L,6,S09,8,32.725963114119374,4.090745389264922
optionC_observed_RGI_n75_order_locked,TP,TP_mg_L,6,S10,8,-52.72692850359972,-6.590866062949965
optionC_observed_RGI_n75_order_locked,TP,TP_mg_L,7,S01,5,1612.1922199116823,322.4384439823365
optionC_observed_RGI_n75_order_locked,TP,TP_mg_L,7,S02,9,-294.23435327454274,-32.69270591939364
optionC_observed_RGI_n75_order_locked,TP,TP_mg_L,7,S03,9,-16.982518679245917,-1.886946519916213
optionC_observed_RGI_n75_order_locked,TP,TP_mg_L,7,S04,8,-1063.40164434833,-132.92520554354124
optionC_observed_RGI_n75_order_locked,TP,TP_mg_L,7,S05,7,-102.37535447370608,-14.625050639100868
optionC_observed_RGI_n75_order_locked,TP,TP_mg_L,7,S06,5,-87.35505796824084,-17.471011593648168
optionC_observed_RGI_n75_order_locked,TP,TP_mg_L,7,S07,7,59.998046806738245,8.571149543819748
optionC_observed_RGI_n75_order_locked,TP,TP_mg_L,7,S08,9,14.6318658598313,1.625762873314589
optionC_observed_RGI_n75_order_locked,TP,TP_mg_L,7,S09,8,-67.58647187875036,-8.448308984843795
optionC_observed_RGI_n75_order_locked,TP,TP_mg_L,7,S10,8,-94.91473429349062,-11.864341786686328
optionC_observed_RGI_n75_order_locked,TP,TP_mg_L,8,S01,5,1495.6604853512658,299.13209707025317
optionC_observed_RGI_n75_order_locked,TP,TP_mg_L,8,S02,9,-343.2186505930679,-38.13540562145199
optionC_observed_RGI_n75_order_locked,TP,TP_mg_L,8,S03,9,-12.721247130797128,-1.413471903421903
optionC_observed_RGI_n75_order_locked,TP,TP_mg_L,8,S04,8,-1042.2036122048369,-130.2754515256046
optionC_observed_RGI_n75_order_locked,TP,TP_mg_L,8,S05,7,-75.04632066312095,-10.720902951874422
optionC_observed_RGI_n75_order_locked,TP,TP_mg_L,8,S06,5,-73.02561455596934,-14.605122911193869
optionC_observed_RGI_n75_order_locked,TP,TP_mg_L,8,S07,7,59.43341329511854,8.490487613588362
optionC_observed_RGI_n75_order_locked,TP,TP_mg_L,8,S08,9,62.144798869178494,6.904977652130944
optionC_observed_RGI_n75_order_locked,TP,TP_mg_L,8,S09,8,-105.40277890862237,-13.175347363577796
optionC_observed_RGI_n75_order_locked,TP,TP_mg_L,8,S10,8,-88.64860174977957,-11.081075218722447
optionC_observed_RGI_n75_order_locked,TP,TP_mg_L,9,S01,5,1413.6354404036044,282.7270880807209
optionC_observed_RGI_n75_order_locked,TP,TP_mg_L,9,S02,9,-296.28119794436776,-32.920133104929754
optionC_observed_RGI_n75_order_locked,TP,TP_mg_L,9,S03,9,53.23382007520986,5.91486889724554
optionC_observed_RGI_n75_order_locked,TP,TP_mg_L,9,S04,8,-998.9591333119995,-124.86989166399994
optionC_observed_RGI_n75_order_locked,TP,TP_mg_L,9,S05,7,-55.72978513205808,-7.961397876008298
optionC_observed_RGI_n75_order_locked,TP,TP_mg_L,9,S06,5,-67.95939561077375,-13.59187912215475
optionC_observed_RGI_n75_order_locked,TP,TP_mg_L,9,S07,7,83.81312728639283,11.973303898056118
optionC_observed_RGI_n75_order_locked,TP,TP_mg_L,9,S08,9,92.56993485914221,10.285548317682467
optionC_observed_RGI_n75_order_locked,TP,TP_mg_L,9,S09,8,-59.53505494186007,-7.4418818677325085
optionC_observed_RGI_n75_order_locked,TP,TP_mg_L,9,S10,8,-55.42799754322918,-6.928499692903648
optionC_observed_RGI_n75_order_locked,TP,TP_mg_L,10,S01,5,1450.7122925088715,290.1424585017743
optionC_observed_RGI_n75_order_locked,TP,TP_mg_L,10,S02,9,-265.80310396399153,-29.533678218221283
optionC_observed_RGI_n75_order_locked,TP,TP_mg_L,10,S03,9,61.915154889709335,6.8794616544121485
optionC_observed_RGI_n75_order_locked,TP,TP_mg_L,10,S04,8,-923.5707267809605,-115.44634084762006
optionC_observed_RGI_n75_order_locked,TP,TP_mg_L,10,S05,7,-114.36622691395968,-16.338032416279955
optionC_observed_RGI_n75_order_locked,TP,TP_mg_L,10,S06,5,-50.6752617413468,-10.13505234826936
optionC_observed_RGI_n75_order_locked,TP,TP_mg_L,10,S07,7,68.94183078308558,9.848832969012225
optionC_observed_RGI_n75_order_locked,TP,TP_mg_L,10,S08,9,94.22564981402928,10.469516646003253
optionC_observed_RGI_n75_order_locked,TP,TP_mg_L,10,S09,8,-75.24791254638417,-9.405989068298021
optionC_observed_RGI_n75_order_locked,TP,TP_mg_L,10,S10,8,-74.14812118836105,-9.26851514854513
optionC_observed_RGI_n75_order_locked,TN,TN_mg_L,0,S01,5,-4238.5854365777905,-847.717087315558
optionC_observed_RGI_n75_order_locked,TN,TN_mg_L,0,S02,9,-6020.59190930667,-668.95465658963
optionC_observed_RGI_n75_order_locked,TN,TN_mg_L,0,S03,9,-7089.743634862215,-787.7492927624684
optionC_observed_RGI_n75_order_locked,TN,TN_mg_L,0,S04,8,5666.416339875555,708.3020424844444
optionC_observed_RGI_n75_order_locked,TN,TN_mg_L,0,S05,7,11001.09703439111,1571.5852906273014
optionC_observed_RGI_n75_order_locked,TN,TN_mg_L,0,S06,5,-6191.105561244443,-1238.2211122488886
optionC_observed_RGI_n75_order_locked,TN,TN_mg_L,0,S07,7,6212.936156613336,887.5623080876194
optionC_observed_RGI_n75_order_locked,TN,TN_mg_L,0,S08,9,9190.55046669333,1021.1722740770367
optionC_observed_RGI_n75_order_locked,TN,TN_mg_L,0,S09,8,-15164.206346791108,-1895.5257933488886
optionC_observed_RGI_n75_order_locked,TN,TN_mg_L,0,S10,8,-4391.186686791107,-548.8983358488883
optionC_observed_RGI_n75_order_locked,TN,TN_mg_L,1,S01,5,-921.7438682470306,-184.34877364940613
optionC_observed_RGI_n75_order_locked,TN,TN_mg_L,1,S02,9,-99.45149142356422,-11.050165713729358
optionC_observed_RGI_n75_order_locked,TN,TN_mg_L,1,S03,9,-780.3027617742528,-86.70030686380586
optionC_observed_RGI_n75_order_locked,TN,TN_mg_L,1,S04,8,5635.346219878086,704.4182774847608
optionC_observed_RGI_n75_order_locked,TN,TN_mg_L,1,S05,7,-5546.273340405607,-792.3247629150867
optionC_observed_RGI_n75_order_locked,TN,TN_mg_L,1,S06,5,-1480.660456092831,-296.1320912185662
optionC_observed_RGI_n75_order_locked,TN,TN_mg_L,1,S07,7,2631.183206411805,375.8833152016864
optionC_observed_RGI_n75_order_locked,TN,TN_mg_L,1,S08,9,3539.114923800925,393.23499153343613
optionC_observed_RGI_n75_order_locked,TN,TN_mg_L,1,S09,8,258.9346006802472,32.3668250850309
optionC_observed_RGI_n75_order_locked,TN,TN_mg_L,1,S10,8,-1369.6273967079583,-171.20342458849478
optionC_observed_RGI_n75_order_locked,TN,TN_mg_L,2,S01,5,-3892.6884228353074,-778.5376845670614
optionC_observed_RGI_n75_order_locked,TN,TN_mg_L,2,S02,9,7422.005271552336,824.6672523947041
optionC_observed_RGI_n75_order_locked,TN,TN_mg_L,2,S03,9,-9375.460387803036,-1041.7178208670039
optionC_observed_RGI_n75_order_locked,TN,TN_mg_L,2,S04,8,7891.0038135752,986.3754766969
optionC_observed_RGI_n75_order_locked,TN,TN_mg_L,2,S05,7,977.9055555040768,139.70079364343954
optionC_observed_RGI_n75_order_locked,TN,TN_mg_L,2,S06,5,-2019.2063755966701,-403.841275119334
optionC_observed_RGI_n75_order_locked,TN,TN_mg_L,2,S07,7,2900.1324700310697,414.3046385758671
optionC_observed_RGI_n75_order_locked,TN,TN_mg_L,2,S08,9,3358.6509549108423,373.18343943453806
optionC_observed_RGI_n75_order_locked,TN,TN_mg_L,2,S09,8,-2864.7096910217574,-358.0887113777197
optionC_observed_RGI_n75_order_locked,TN,TN_mg_L,2,S10,8,1359.595181246831,169.9493976558539
optionC_observed_RGI_n75_order_locked,TN,TN_mg_L,3,S01,5,-7458.50669841255,-1491.70133968251
optionC_observed_RGI_n75_order_locked,TN,TN_mg_L,3,S02,9,9973.393488222875,1108.154832024764
optionC_observed_RGI_n75_order_locked,TN,TN_mg_L,3,S03,9,-6093.8918608191,-677.0990956465666
optionC_observed_RGI_n75_order_locked,TN,TN_mg_L,3,S04,8,-1124.6543553777283,-140.58179442221603
optionC_observed_RGI_n75_order_locked,TN,TN_mg_L,3,S05,7,3127.2072483932134,446.7438926276019
optionC_observed_RGI_n75_order_locked,TN,TN_mg_L,3,S06,5,-2266.7570218282335,-453.3514043656467
optionC_observed_RGI_n75_order_locked,TN,TN_mg_L,3,S07,7,3604.419515955432,514.9170737079188
optionC_observed_RGI_n75_order_locked,TN,TN_mg_L,3,S08,9,1116.424725493839,124.04719172153767
optionC_observed_RGI_n75_order_locked,TN,TN_mg_L,3,S09,8,-60.07374148732413,-7.509217685915516
optionC_observed_RGI_n75_order_locked,TN,TN_mg_L,3,S10,8,3915.3263451703174,489.4157931462897
optionC_observed_RGI_n75_order_locked,TN,TN_mg_L,4,S01,5,-11508.348346691053,-2301.6696693382105
optionC_observed_RGI_n75_order_locked,TN,TN_mg_L,4,S02,9,6894.88077497396,766.0978638859956
optionC_observed_RGI_n75_order_locked,TN,TN_mg_L,4,S03,9,-9851.960032060113,-1094.662225784457
optionC_observed_RGI_n75_order_locked,TN,TN_mg_L,4,S04,8,-324.98384469374923,-40.622980586718654
optionC_observed_RGI_n75_order_locked,TN,TN_mg_L,4,S05,7,4625.936450754591,660.8480643935129
optionC_observed_RGI_n75_order_locked,TN,TN_mg_L,4,S06,5,-1391.3983241138899,-278.279664822778
optionC_observed_RGI_n75_order_locked,TN,TN_mg_L,4,S07,7,2714.3302534885115,387.7614647840731
optionC_observed_RGI_n75_order_locked,TN,TN_mg_L,4,S08,9,-865.3738068450384,-96.15264520500426
optionC_observed_RGI_n75_order_locked,TN,TN_mg_L,4,S09,8,-1713.1519714607857,-214.14399643259821
optionC_observed_RGI_n75_order_locked,TN,TN_mg_L,4,S10,8,3561.127845694614,445.1409807118267
optionC_observed_RGI_n75_order_locked,TN,TN_mg_L,5,S01,5,-11935.176255869075,-2387.035251173815
optionC_observed_RGI_n75_order_locked,TN,TN_mg_L,5,S02,9,9909.518262144658,1101.0575846827398
optionC_observed_RGI_n75_order_locked,TN,TN_mg_L,5,S03,9,-9332.790380766988,-1036.97670897411
optionC_observed_RGI_n75_order_locked,TN,TN_mg_L,5,S04,8,1164.0676743465137,145.50845929331422
optionC_observed_RGI_n75_order_locked,TN,TN_mg_L,5,S05,7,4892.410729593054,698.9158185132935
optionC_observed_RGI_n75_order_locked,TN,TN_mg_L,5,S06,5,-1104.9872918593676,-220.9974583718735
optionC_observed_RGI_n75_order_locked,TN,TN_mg_L,5,S07,7,4196.095532906935,599.4422189867049
optionC_observed_RGI_n75_order_locked,TN,TN_mg_L,5,S08,9,-1540.2298535830405,-171.13665039811562
optionC_observed_RGI_n75_order_locked,TN,TN_mg_L,5,S09,8,-1349.0470843436892,-168.63088554296115
optionC_observed_RGI_n75_order_locked,TN,TN_mg_L,5,S10,8,3894.519993682026,486.81499921025323
optionC_observed_RGI_n75_order_locked,TN,TN_mg_L,6,S01,5,-7068.830938062609,-1413.7661876125217
optionC_observed_RGI_n75_order_locked,TN,TN_mg_L,6,S02,9,11996.307092825076,1332.9230103138973
optionC_observed_RGI_n75_order_locked,TN,TN_mg_L,6,S03,9,-10941.681947926936,-1215.7424386585485
optionC_observed_RGI_n75_order_locked,TN,TN_mg_L,6,S04,8,3654.036587032176,456.754573379022
optionC_observed_RGI_n75_order_locked,TN,TN_mg_L,6,S05,7,5705.506909040812,815.0724155772589
optionC_observed_RGI_n75_order_locked,TN,TN_mg_L,6,S06,5,-454.9228797297455,-90.9845759459491
optionC_observed_RGI_n75_order_locked,TN,TN_mg_L,6,S07,7,3456.306043651242,493.7580062358917
optionC_observed_RGI_n75_order_locked,TN,TN_mg_L,6,S08,9,2783.8481661889655,309.31646290988505
optionC_observed_RGI_n75_order_locked,TN,TN_mg_L,6,S09,8,-2098.530677318493,-262.3163346648116
optionC_observed_RGI_n75_order_locked,TN,TN_mg_L,6,S10,8,3211.7505343809,401.4688167976125
optionC_observed_RGI_n75_order_locked,TN,TN_mg_L,7,S01,5,-9075.290965933978,-1815.0581931867957
optionC_observed_RGI_n75_order_locked,TN,TN_mg_L,7,S02,9,5231.473218929693,581.2748021032992
optionC_observed_RGI_n75_order_locked,TN,TN_mg_L,7,S03,9,-11686.003979100082,-1298.4448865666757
optionC_observed_RGI_n75_order_locked,TN,TN_mg_L,7,S04,8,2136.4256543410215,267.0532067926277
optionC_observed_RGI_n75_order_locked,TN,TN_mg_L,7,S05,7,2991.3214096723304,427.3316299531901
optionC_observed_RGI_n75_order_locked,TN,TN_mg_L,7,S06,5,-611.8586436451749,-122.37172872903497
optionC_observed_RGI_n75_order_locked,TN,TN_mg_L,7,S07,7,3364.3127317741805,480.61610453916865
optionC_observed_RGI_n75_order_locked,TN,TN_mg_L,7,S08,9,2489.757603513944,276.63973372377154
optionC_observed_RGI_n75_order_locked,TN,TN_mg_L,7,S09,8,-7981.936210487533,-997.7420263109416
optionC_observed_RGI_n75_order_locked,TN,TN_mg_L,7,S10,8,1523.05830309966,190.3822878874575
optionC_observed_RGI_n75_order_locked,TN,TN_mg_L,8,S01,5,-10290.88956911514,-2058.1779138230277
optionC_observed_RGI_n75_order_locked,TN,TN_mg_L,8,S02,9,5535.442242891767,615.0491380990852
optionC_observed_RGI_n75_order_locked,TN,TN_mg_L,8,S03,9,-13021.452202810076,-1446.8280225344529
optionC_observed_RGI_n75_order_locked,TN,TN_mg_L,8,S04,8,1150.8316461783102,143.85395577228877
optionC_observed_RGI_n75_order_locked,TN,TN_mg_L,8,S05,7,3927.3744871086037,561.053498158372
optionC_observed_RGI_n75_order_locked,TN,TN_mg_L,8,S06,5,-1529.3872288502566,-305.87744577005134
optionC_observed_RGI_n75_order_locked,TN,TN_mg_L,8,S07,7,2731.226956156516,390.1752794509308
optionC_observed_RGI_n75_order_locked,TN,TN_mg_L,8,S08,9,2536.372824512541,281.81920272361566
optionC_observed_RGI_n75_order_locked,TN,TN_mg_L,8,S09,8,-6977.0196615014,-872.127457687675
optionC_observed_RGI_n75_order_locked,TN,TN_mg_L,8,S10,8,583.3691029663643,72.92113787079553
optionC_observed_RGI_n75_order_locked,TN,TN_mg_L,9,S01,5,-6911.289606624441,-1382.2579213248882
optionC_observed_RGI_n75_order_locked,TN,TN_mg_L,9,S02,9,4324.618828492571,480.5132031658412
optionC_observed_RGI_n75_order_locked,TN,TN_mg_L,9,S03,9,-18118.122131391116,-2013.1246812656796
optionC_observed_RGI_n75_order_locked,TN,TN_mg_L,9,S04,8,642.0961768747197,80.26202210933997
optionC_observed_RGI_n75_order_locked,TN,TN_mg_L,9,S05,7,3757.2617717596713,536.7516816799531
optionC_observed_RGI_n75_order_locked,TN,TN_mg_L,9,S06,5,-1191.5220927957898,-238.30441855915797
optionC_observed_RGI_n75_order_locked,TN,TN_mg_L,9,S07,7,2524.6163247120116,360.6594749588588
optionC_observed_RGI_n75_order_locked,TN,TN_mg_L,9,S08,9,1987.9390925729635,220.88212139699596
optionC_observed_RGI_n75_order_locked,TN,TN_mg_L,9,S09,8,-9086.93721375343,-1135.8671517191788
optionC_observed_RGI_n75_order_locked,TN,TN_mg_L,9,S10,8,-732.8454832175431,-91.60568540219289
optionC_observed_RGI_n75_order_locked,TN,TN_mg_L,10,S01,5,-4797.009116618667,-959.4018233237333
optionC_observed_RGI_n75_order_locked,TN,TN_mg_L,10,S02,9,1601.3729715021966,177.93033016691072
optionC_observed_RGI_n75_order_locked,TN,TN_mg_L,10,S03,9,-17347.290135884927,-1927.4766817649918
optionC_observed_RGI_n75_order_locked,TN,TN_mg_L,10,S04,8,-340.7420347532425,-42.59275434415531
optionC_observed_RGI_n75_order_locked,TN,TN_mg_L,10,S05,7,4543.383059005284,649.0547227150406
optionC_observed_RGI_n75_order_locked,TN,TN_mg_L,10,S06,5,-1063.3983399166616,-212.6796679833323
optionC_observed_RGI_n75_order_locked,TN,TN_mg_L,10,S07,7,3767.0179175351604,538.1454167907372
optionC_observed_RGI_n75_order_locked,TN,TN_mg_L,10,S08,9,1095.1360069895504,121.6817785543945
optionC_observed_RGI_n75_order_locked,TN,TN_mg_L,10,S09,8,-7830.18917746716,-978.773647183395
optionC_observed_RGI_n75_order_locked,TN,TN_mg_L,10,S10,8,-1846.9781870806642,-230.87227338508302
optionC_observed_RGI_n75_order_locked,pH,pH_wq,0,S01,5,2831.939017777791,566.3878035555582
optionC_observed_RGI_n75_order_locked,pH,pH_wq,0,S02,9,4082.0476053333286,453.56084503703653
optionC_observed_RGI_n75_order_locked,pH,pH_wq,0,S03,9,4673.542494222237,519.2824993580264
optionC_observed_RGI_n75_order_locked,pH,pH_wq,0,S04,8,10213.508575111093,1276.6885718888866
optionC_observed_RGI_n75_order_locked,pH,pH_wq,0,S05,7,-4033.077988444439,-576.1539983492056
optionC_observed_RGI_n75_order_locked,pH,pH_wq,0,S06,5,-1687.7251822222247,-337.5450364444449
optionC_observed_RGI_n75_order_locked,pH,pH_wq,0,S07,7,-6208.0508328888845,-886.864404698412
optionC_observed_RGI_n75_order_locked,pH,pH_wq,0,S08,9,-12696.520972444468,-1410.7245524938298
optionC_observed_RGI_n75_order_locked,pH,pH_wq,0,S09,8,8758.140575111107,1094.7675718888884
optionC_observed_RGI_n75_order_locked,pH,pH_wq,0,S10,8,7445.851108444447,930.7313885555559
optionC_observed_RGI_n75_order_locked,pH,pH_wq,1,S01,5,-677.4625139097197,-135.49250278194395
optionC_observed_RGI_n75_order_locked,pH,pH_wq,1,S02,9,1050.5908735437238,116.73231928263597
optionC_observed_RGI_n75_order_locked,pH,pH_wq,1,S03,9,-4926.370134460602,-547.3744593845113
optionC_observed_RGI_n75_order_locked,pH,pH_wq,1,S04,8,1037.4203028776153,129.6775378597019
optionC_observed_RGI_n75_order_locked,pH,pH_wq,1,S05,7,2211.139123070522,315.87701758150314
optionC_observed_RGI_n75_order_locked,pH,pH_wq,1,S06,5,-1924.4174220228624,-384.88348440457247
optionC_observed_RGI_n75_order_locked,pH,pH_wq,1,S07,7,-3233.9641111063197,-461.99487301518855
optionC_observed_RGI_n75_order_locked,pH,pH_wq,1,S08,9,-7826.305090856702,-869.5894545396336
optionC_observed_RGI_n75_order_locked,pH,pH_wq,1,S09,8,-895.5295354835703,-111.94119193544628
optionC_observed_RGI_n75_order_locked,pH,pH_wq,1,S10,8,-1932.7608940767877,-241.59511175959847
optionC_observed_RGI_n75_order_locked,pH,pH_wq,2,S01,5,-1852.7299847207128,-370.54599694414253
optionC_observed_RGI_n75_order_locked,pH,pH_wq,2,S02,9,-2800.2170891295636,-311.13523212550706
optionC_observed_RGI_n75_order_locked,pH,pH_wq,2,S03,9,-1467.206771232271,-163.02297458136343
optionC_observed_RGI_n75_order_locked,pH,pH_wq,2,S04,8,-3109.579437395619,-388.6974296744524
optionC_observed_RGI_n75_order_locked,pH,pH_wq,2,S05,7,-277.90404155205186,-39.70057736457884
optionC_observed_RGI_n75_order_locked,pH,pH_wq,2,S06,5,-1294.6925175339607,-258.93850350679213
optionC_observed_RGI_n75_order_locked,pH,pH_wq,2,S07,7,-3169.9853077552543,-452.8550439650363
optionC_observed_RGI_n75_order_locked,pH,pH_wq,2,S08,9,-7511.635303240488,-834.6261448044986
optionC_observed_RGI_n75_order_locked,pH,pH_wq,2,S09,8,1008.2059261981876,126.02574077477345
optionC_observed_RGI_n75_order_locked,pH,pH_wq,2,S10,8,-1990.5140228279456,-248.8142528534932
optionC_observed_RGI_n75_order_locked,pH,pH_wq,3,S01,5,-1794.7286925243388,-358.9457385048678
optionC_observed_RGI_n75_order_locked,pH,pH_wq,3,S02,9,-1510.4895209834817,-167.83216899816463
optionC_observed_RGI_n75_order_locked,pH,pH_wq,3,S03,9,2602.976958201779,289.21966202241987
optionC_observed_RGI_n75_order_locked,pH,pH_wq,3,S04,8,4510.457719994036,563.8072149992545
optionC_observed_RGI_n75_order_locked,pH,pH_wq,3,S05,7,-216.2869290955141,-30.898132727930584
optionC_observed_RGI_n75_order_locked,pH,pH_wq,3,S06,5,-63.486385038596175,-12.697277007719235
optionC_observed_RGI_n75_order_locked,pH,pH_wq,3,S07,7,-1996.7524924173129,-285.25035605961614
optionC_observed_RGI_n75_order_locked,pH,pH_wq,3,S08,9,-6547.013597496753,-727.445955277417
optionC_observed_RGI_n75_order_locked,pH,pH_wq,3,S09,8,426.5263728027144,53.3157966003393
optionC_observed_RGI_n75_order_locked,pH,pH_wq,3,S10,8,-3337.3394920761007,-417.1674365095126
optionC_observed_RGI_n75_order_locked,pH,pH_wq,4,S01,5,-1035.3518539737186,-207.07037079474372
optionC_observed_RGI_n75_order_locked,pH,pH_wq,4,S02,9,-425.78754573729066,-47.30972730414341
optionC_observed_RGI_n75_order_locked,pH,pH_wq,4,S03,9,5455.223052936119,606.1358947706799
optionC_observed_RGI_n75_order_locked,pH,pH_wq,4,S04,8,4068.4632744865544,508.5579093108193
optionC_observed_RGI_n75_order_locked,pH,pH_wq,4,S05,7,-1830.201363362496,-261.45733762321373
optionC_observed_RGI_n75_order_locked,pH,pH_wq,4,S06,5,726.4923164911223,145.29846329822448
optionC_observed_RGI_n75_order_locked,pH,pH_wq,4,S07,7,-1510.802393217216,-215.82891331674514
optionC_observed_RGI_n75_order_locked,pH,pH_wq,4,S08,9,-6488.3815741888,-720.9312860209778
optionC_observed_RGI_n75_order_locked,pH,pH_wq,4,S09,8,2077.770272593919,259.72128407423986
optionC_observed_RGI_n75_order_locked,pH,pH_wq,4,S10,8,-2233.8471284317898,-279.2308910539737
optionC_observed_RGI_n75_order_locked,pH,pH_wq,5,S01,5,54.431023447019925,10.886204689403986
optionC_observed_RGI_n75_order_locked,pH,pH_wq,5,S02,9,-2227.903501957605,-247.544833550845
optionC_observed_RGI_n75_order_locked,pH,pH_wq,5,S03,9,7109.840731893877,789.9823035437641
optionC_observed_RGI_n75_order_locked,pH,pH_wq,5,S04,8,6481.089541020794,810.1361926275993
optionC_observed_RGI_n75_order_locked,pH,pH_wq,5,S05,7,-699.5097182460705,-99.92995974943865
optionC_observed_RGI_n75_order_locked,pH,pH_wq,5,S06,5,204.52850271593903,40.905700543187805
optionC_observed_RGI_n75_order_locked,pH,pH_wq,5,S07,7,-1850.3127161191246,-264.3303880170178
optionC_observed_RGI_n75_order_locked,pH,pH_wq,5,S08,9,-6520.898020465741,-724.5442244961935
optionC_observed_RGI_n75_order_locked,pH,pH_wq,5,S09,8,843.2550774340798,105.40688467925997
optionC_observed_RGI_n75_order_locked,pH,pH_wq,5,S10,8,-2491.1073990777277,-311.38842488471596
optionC_observed_RGI_n75_order_locked,pH,pH_wq,6,S01,5,-988.8609747775288,-197.77219495550577
optionC_observed_RGI_n75_order_locked,pH,pH_wq,6,S02,9,-3208.427288141546,-356.4919209046162
optionC_observed_RGI_n75_order_locked,pH,pH_wq,6,S03,9,7506.9663406808795,834.1073711867643
optionC_observed_RGI_n75_order_locked,pH,pH_wq,6,S04,8,5849.462864673662,731.1828580842077
optionC_observed_RGI_n75_order_locked,pH,pH_wq,6,S05,7,-2241.1463350644367,-320.16376215206236
optionC_observed_RGI_n75_order_locked,pH,pH_wq,6,S06,5,-869.3038591251881,-173.8607718250376
optionC_observed_RGI_n75_order_locked,pH,pH_wq,6,S07,7,-1983.5570545665616,-283.36529350950883
optionC_observed_RGI_n75_order_locked,pH,pH_wq,6,S08,9,-7454.795388085064,-828.3105986761182
optionC_observed_RGI_n75_order_locked,pH,pH_wq,6,S09,8,1738.728855720999,217.34110696512488
optionC_observed_RGI_n75_order_locked,pH,pH_wq,6,S10,8,-2886.0198698295417,-360.7524837286927
optionC_observed_RGI_n75_order_locked,pH,pH_wq,7,S01,5,594.2002228616575,118.8400445723315
optionC_observed_RGI_n75_order_locked,pH,pH_wq,7,S02,9,-83.30157497412591,-9.255730552680657
optionC_observed_RGI_n75_order_locked,pH,pH_wq,7,S03,9,5518.0107994467835,613.1123110496426
optionC_observed_RGI_n75_order_locked,pH,pH_wq,7,S04,8,5924.621988331931,740.5777485414914
optionC_observed_RGI_n75_order_locked,pH,pH_wq,7,S05,7,-2385.3572777453337,-340.7653253921905
optionC_observed_RGI_n75_order_locked,pH,pH_wq,7,S06,5,-648.0360947021311,-129.6072189404262
optionC_observed_RGI_n75_order_locked,pH,pH_wq,7,S07,7,-4270.619868053644,-610.0885525790919
optionC_observed_RGI_n75_order_locked,pH,pH_wq,7,S08,9,-8939.208047062419,-993.2453385624909
optionC_observed_RGI_n75_order_locked,pH,pH_wq,7,S09,8,4183.199300809107,522.8999126011383
optionC_observed_RGI_n75_order_locked,pH,pH_wq,7,S10,8,-2192.7639130184384,-274.0954891273048
optionC_observed_RGI_n75_order_locked,pH,pH_wq,8,S01,5,1428.7382617065923,285.7476523413185
optionC_observed_RGI_n75_order_locked,pH,pH_wq,8,S02,9,-75.55261570945919,-8.394735078828798
optionC_observed_RGI_n75_order_locked,pH,pH_wq,8,S03,9,5661.263265467361,629.0292517185957
optionC_observed_RGI_n75_order_locked,pH,pH_wq,8,S04,8,6079.031134124585,759.8788917655731
optionC_observed_RGI_n75_order_locked,pH,pH_wq,8,S05,7,-1983.855537573079,-283.4079339390113
optionC_observed_RGI_n75_order_locked,pH,pH_wq,8,S06,5,-732.228968898273,-146.4457937796546
optionC_observed_RGI_n75_order_locked,pH,pH_wq,8,S07,7,-4320.284844863696,-617.1835492662423
optionC_observed_RGI_n75_order_locked,pH,pH_wq,8,S08,9,-8754.171027988825,-972.6856697765361
optionC_observed_RGI_n75_order_locked,pH,pH_wq,8,S09,8,3836.320554037219,479.5400692546524
optionC_observed_RGI_n75_order_locked,pH,pH_wq,8,S10,8,-1966.6068797388511,-245.8258599673564
optionC_observed_RGI_n75_order_locked,pH,pH_wq,9,S01,5,-308.0886594498702,-61.61773188997404
optionC_observed_RGI_n75_order_locked,pH,pH_wq,9,S02,9,-178.4320259679702,-19.8257806631078
optionC_observed_RGI_n75_order_locked,pH,pH_wq,9,S03,9,7960.500615175673,884.5000683528526
optionC_observed_RGI_n75_order_locked,pH,pH_wq,9,S04,8,6957.850386158023,869.7312982697529
optionC_observed_RGI_n75_order_locked,pH,pH_wq,9,S05,7,-2398.0663865760953,-342.5809123680136
optionC_observed_RGI_n75_order_locked,pH,pH_wq,9,S06,5,-378.8663387206851,-75.77326774413703
optionC_observed_RGI_n75_order_locked,pH,pH_wq,9,S07,7,-4723.445313214292,-674.777901887756
optionC_observed_RGI_n75_order_locked,pH,pH_wq,9,S08,9,-8803.329945512933,-978.1477717236592
optionC_observed_RGI_n75_order_locked,pH,pH_wq,9,S09,8,4625.04385502366,578.1304818779575
optionC_observed_RGI_n75_order_locked,pH,pH_wq,9,S10,8,-845.1912330393867,-105.64890412992334
optionC_observed_RGI_n75_order_locked,pH,pH_wq,10,S01,5,-251.45643426661195,-50.29128685332239
optionC_observed_RGI_n75_order_locked,pH,pH_wq,10,S02,9,-192.6214491990812,-21.402383244342357
optionC_observed_RGI_n75_order_locked,pH,pH_wq,10,S03,9,7582.725652090562,842.5250724545069
optionC_observed_RGI_n75_order_locked,pH,pH_wq,10,S04,8,6826.232993213494,853.2791241516868
optionC_observed_RGI_n75_order_locked,pH,pH_wq,10,S05,7,-3610.5064254814533,-515.7866322116362
optionC_observed_RGI_n75_order_locked,pH,pH_wq,10,S06,5,-273.41483780466376,-54.68296756093275
optionC_observed_RGI_n75_order_locked,pH,pH_wq,10,S07,7,-4738.296420484577,-676.8994886406538
optionC_observed_RGI_n75_order_locked,pH,pH_wq,10,S08,9,-9094.979670369976,-1010.5532967077751
optionC_observed_RGI_n75_order_locked,pH,pH_wq,10,S09,8,4641.752566770533,580.2190708463166
optionC_observed_RGI_n75_order_locked,pH,pH_wq,10,S10,8,-457.4190249429622,-57.177378117870276
optionC_observed_RGI_n75_order_locked,DO,DO_mg_L_wq,0,S01,5,-41955.986933333326,-8391.197386666665
optionC_observed_RGI_n75_order_locked,DO,DO_mg_L_wq,0,S02,9,16546.54858666668,1838.5053985185198
optionC_observed_RGI_n75_order_locked,DO,DO_mg_L_wq,0,S03,9,30279.044142222225,3364.3382380246917
optionC_observed_RGI_n75_order_locked,DO,DO_mg_L_wq,0,S04,8,33844.97503999998,4230.621879999998
optionC_observed_RGI_n75_order_locked,DO,DO_mg_L_wq,0,S05,7,-10343.713506666674,-1477.673358095239
optionC_observed_RGI_n75_order_locked,DO,DO_mg_L_wq,0,S06,5,-25657.8336,-5131.566720000001
optionC_observed_RGI_n75_order_locked,DO,DO_mg_L_wq,0,S07,7,1239.4967155555469,177.07095936507812
optionC_observed_RGI_n75_order_locked,DO,DO_mg_L_wq,0,S08,9,-27824.20185777778,-3091.5779841975314
optionC_observed_RGI_n75_order_locked,DO,DO_mg_L_wq,0,S09,8,-45253.088626666664,-5656.636078333333
optionC_observed_RGI_n75_order_locked,DO,DO_mg_L_wq,0,S10,8,5807.77737333333,725.9721716666662
optionC_observed_RGI_n75_order_locked,DO,DO_mg_L_wq,1,S01,5,-41484.470418257064,-8296.894083651412
optionC_observed_RGI_n75_order_locked,DO,DO_mg_L_wq,1,S02,9,-10897.870123535526,-1210.874458170614
optionC_observed_RGI_n75_order_locked,DO,DO_mg_L_wq,1,S03,9,25130.141802555572,2792.2379780617302
optionC_observed_RGI_n75_order_locked,DO,DO_mg_L_wq,1,S04,8,13175.885660663016,1646.985707582877
optionC_observed_RGI_n75_order_locked,DO,DO_mg_L_wq,1,S05,7,-20378.042128355257,-2911.148875479322
optionC_observed_RGI_n75_order_locked,DO,DO_mg_L_wq,1,S06,5,-12213.146509514705,-2442.629301902941
optionC_observed_RGI_n75_order_locked,DO,DO_mg_L_wq,1,S07,7,5829.9922212510555,832.8560316072936
optionC_observed_RGI_n75_order_locked,DO,DO_mg_L_wq,1,S08,9,-11450.168027967218,-1272.2408919963575
optionC_observed_RGI_n75_order_locked,DO,DO_mg_L_wq,1,S09,8,-4988.424364788954,-623.5530455986193
optionC_observed_RGI_n75_order_locked,DO,DO_mg_L_wq,1,S10,8,-1271.086022646164,-158.8857528307705
optionC_observed_RGI_n75_order_locked,DO,DO_mg_L_wq,2,S01,5,-47457.37061691695,-9491.47412338339
optionC_observed_RGI_n75_order_locked,DO,DO_mg_L_wq,2,S02,9,4808.544526483052,534.2827251647836
optionC_observed_RGI_n75_order_locked,DO,DO_mg_L_wq,2,S03,9,15670.099660171592,1741.1221844635102
optionC_observed_RGI_n75_order_locked,DO,DO_mg_L_wq,2,S04,8,11691.6620264999,1461.4577533124875
optionC_observed_RGI_n75_order_locked,DO,DO_mg_L_wq,2,S05,7,-5848.967589183936,-835.566798454848
optionC_observed_RGI_n75_order_locked,DO,DO_mg_L_wq,2,S06,5,-12779.353217213804,-2555.870643442761
optionC_observed_RGI_n75_order_locked,DO,DO_mg_L_wq,2,S07,7,12802.679987207446,1828.954283886778
optionC_observed_RGI_n75_order_locked,DO,DO_mg_L_wq,2,S08,9,-8933.861874620956,-992.6513194023285
optionC_observed_RGI_n75_order_locked,DO,DO_mg_L_wq,2,S09,8,-8721.719322950441,-1090.2149153688051
optionC_observed_RGI_n75_order_locked,DO,DO_mg_L_wq,2,S10,8,-1159.887347105429,-144.98591838817862
optionC_observed_RGI_n75_order_locked,DO,DO_mg_L_wq,3,S01,5,-54054.48593725239,-10810.897187450479
optionC_observed_RGI_n75_order_locked,DO,DO_mg_L_wq,3,S02,9,8083.984480094682,898.220497788298
optionC_observed_RGI_n75_order_locked,DO,DO_mg_L_wq,3,S03,9,21617.023682685853,2401.891520298428
optionC_observed_RGI_n75_order_locked,DO,DO_mg_L_wq,3,S04,8,9666.811633741221,1208.3514542176526
optionC_observed_RGI_n75_order_locked,DO,DO_mg_L_wq,3,S05,7,-17655.14499948823,-2522.1635713554615
optionC_observed_RGI_n75_order_locked,DO,DO_mg_L_wq,3,S06,5,-8140.657865338315,-1628.1315730676629
optionC_observed_RGI_n75_order_locked,DO,DO_mg_L_wq,3,S07,7,8816.904049602872,1259.5577213718389
optionC_observed_RGI_n75_order_locked,DO,DO_mg_L_wq,3,S08,9,-16756.1750045594,-1861.7972227288224
optionC_observed_RGI_n75_order_locked,DO,DO_mg_L_wq,3,S09,8,-2386.6695956856156,-298.33369946070195
optionC_observed_RGI_n75_order_locked,DO,DO_mg_L_wq,3,S10,8,3347.9308064042084,418.49135080052605
optionC_observed_RGI_n75_order_locked,DO,DO_mg_L_wq,4,S01,5,-59283.58889995098,-11856.717779990195
optionC_observed_RGI_n75_order_locked,DO,DO_mg_L_wq,4,S02,9,6571.421739452672,730.157971050297
optionC_observed_RGI_n75_order_locked,DO,DO_mg_L_wq,4,S03,9,21472.47402805705,2385.8304475618947
optionC_observed_RGI_n75_order_locked,DO,DO_mg_L_wq,4,S04,8,6160.105396162688,770.013174520336
optionC_observed_RGI_n75_order_locked,DO,DO_mg_L_wq,4,S05,7,-14181.492229619049,-2025.9274613741497
optionC_observed_RGI_n75_order_locked,DO,DO_mg_L_wq,4,S06,5,-2310.248493207818,-462.04969864156357
optionC_observed_RGI_n75_order_locked,DO,DO_mg_L_wq,4,S07,7,10230.638444761116,1461.5197778230165
optionC_observed_RGI_n75_order_locked,DO,DO_mg_L_wq,4,S08,9,-12058.495607381981,-1339.8328452646647
optionC_observed_RGI_n75_order_locked,DO,DO_mg_L_wq,4,S09,8,-4993.89249395504,-624.23656174438
optionC_observed_RGI_n75_order_locked,DO,DO_mg_L_wq,4,S10,8,868.6705000572151,108.58381250715189
optionC_observed_RGI_n75_order_locked,DO,DO_mg_L_wq,5,S01,5,-58247.256194078705,-11649.451238815742
optionC_observed_RGI_n75_order_locked,DO,DO_mg_L_wq,5,S02,9,10486.794868551873,1165.199429839097
optionC_observed_RGI_n75_order_locked,DO,DO_mg_L_wq,5,S03,9,26962.625008368894,2995.847223152099
optionC_observed_RGI_n75_order_locked,DO,DO_mg_L_wq,5,S04,8,11271.903215453061,1408.9879019316327
optionC_observed_RGI_n75_order_locked,DO,DO_mg_L_wq,5,S05,7,-12283.787804697991,-1754.8268292425703
optionC_observed_RGI_n75_order_locked,DO,DO_mg_L_wq,5,S06,5,-2522.7858476405686,-504.5571695281137
optionC_observed_RGI_n75_order_locked,DO,DO_mg_L_wq,5,S07,7,17243.018241729656,2463.288320247094
optionC_observed_RGI_n75_order_locked,DO,DO_mg_L_wq,5,S08,9,-11542.107009935848,-1282.4563344373164
optionC_observed_RGI_n75_order_locked,DO,DO_mg_L_wq,5,S09,8,-1676.6841359089995,-209.58551698862493
optionC_observed_RGI_n75_order_locked,DO,DO_mg_L_wq,5,S10,8,2546.492204757983,318.3115255947479
optionC_observed_RGI_n75_order_locked,DO,DO_mg_L_wq,6,S01,5,-52847.19379443139,-10569.438758886277
optionC_observed_RGI_n75_order_locked,DO,DO_mg_L_wq,6,S02,9,12821.467211722093,1424.6074679691214
optionC_observed_RGI_n75_order_locked,DO,DO_mg_L_wq,6,S03,9,26485.16761339754,2942.7964014886156
optionC_observed_RGI_n75_order_locked,DO,DO_mg_L_wq,6,S04,8,13181.867162040959,1647.7333952551198
optionC_observed_RGI_n75_order_locked,DO,DO_mg_L_wq,6,S05,7,-9994.141102930385,-1427.7344432757693
optionC_observed_RGI_n75_order_locked,DO,DO_mg_L_wq,6,S06,5,-2736.2556196671308,-547.2511239334261
optionC_observed_RGI_n75_order_locked,DO,DO_mg_L_wq,6,S07,7,20567.43438962786,2938.20491280398
optionC_observed_RGI_n75_order_locked,DO,DO_mg_L_wq,6,S08,9,-9909.104961268631,-1101.0116623631811
optionC_observed_RGI_n75_order_locked,DO,DO_mg_L_wq,6,S09,8,-2538.8722200612815,-317.3590275076602
optionC_observed_RGI_n75_order_locked,DO,DO_mg_L_wq,6,S10,8,1366.416218545888,170.802027318236
optionC_observed_RGI_n75_order_locked,DO,DO_mg_L_wq,7,S01,5,-55234.49283817243,-11046.898567634486
optionC_observed_RGI_n75_order_locked,DO,DO_mg_L_wq,7,S02,9,4345.252138943673,482.8057932159637
optionC_observed_RGI_n75_order_locked,DO,DO_mg_L_wq,7,S03,9,22195.98550255647,2466.2206113951634
optionC_observed_RGI_n75_order_locked,DO,DO_mg_L_wq,7,S04,8,8646.051993206502,1080.7564991508127
optionC_observed_RGI_n75_order_locked,DO,DO_mg_L_wq,7,S05,7,-12091.632780068263,-1727.3761114383233
optionC_observed_RGI_n75_order_locked,DO,DO_mg_L_wq,7,S06,5,-2703.2793525551797,-540.6558705110359
optionC_observed_RGI_n75_order_locked,DO,DO_mg_L_wq,7,S07,7,17119.880940902854,2445.6972772718364
optionC_observed_RGI_n75_order_locked,DO,DO_mg_L_wq,7,S08,9,-15875.391901169172,-1763.9324334632413
optionC_observed_RGI_n75_order_locked,DO,DO_mg_L_wq,7,S09,8,-20279.038018321222,-2534.8797522901527
optionC_observed_RGI_n75_order_locked,DO,DO_mg_L_wq,7,S10,8,3203.6672668118526,400.4584083514816
optionC_observed_RGI_n75_order_locked,DO,DO_mg_L_wq,8,S01,5,-45396.25237723439,-9079.25047544688
optionC_observed_RGI_n75_order_locked,DO,DO_mg_L_wq,8,S02,9,10021.1150893605,1113.4572321511669
optionC_observed_RGI_n75_order_locked,DO,DO_mg_L_wq,8,S03,9,19448.916598736436,2160.990733192937
optionC_observed_RGI_n75_order_locked,DO,DO_mg_L_wq,8,S04,8,6316.105940896667,789.5132426120833
optionC_observed_RGI_n75_order_locked,DO,DO_mg_L_wq,8,S05,7,-9046.041311473993,-1292.2916159248562
optionC_observed_RGI_n75_order_locked,DO,DO_mg_L_wq,8,S06,5,-4057.8991497548723,-811.5798299509745
optionC_observed_RGI_n75_order_locked,DO,DO_mg_L_wq,8,S07,7,12782.535660610403,1826.0765229443434
optionC_observed_RGI_n75_order_locked,DO,DO_mg_L_wq,8,S08,9,-19603.012302309937,-2178.1124780344376
optionC_observed_RGI_n75_order_locked,DO,DO_mg_L_wq,8,S09,8,-22378.84354937958,-2797.3554436724476
optionC_observed_RGI_n75_order_locked,DO,DO_mg_L_wq,8,S10,8,3036.2258150637763,379.52822688297204
optionC_observed_RGI_n75_order_locked,DO,DO_mg_L_wq,9,S01,5,-45458.997155081204,-9091.799431016241
optionC_observed_RGI_n75_order_locked,DO,DO_mg_L_wq,9,S02,9,11151.95187609675,1239.10576401075
optionC_observed_RGI_n75_order_locked,DO,DO_mg_L_wq,9,S03,9,18512.15833478241,2056.90648164249
optionC_observed_RGI_n75_order_locked,DO,DO_mg_L_wq,9,S04,8,7146.426308005257,893.3032885006571
optionC_observed_RGI_n75_order_locked,DO,DO_mg_L_wq,9,S05,7,-10058.878045043159,-1436.9825778633083
optionC_observed_RGI_n75_order_locked,DO,DO_mg_L_wq,9,S06,5,-3956.677525792428,-791.3355051584856
optionC_observed_RGI_n75_order_locked,DO,DO_mg_L_wq,9,S07,7,11566.809674553626,1652.4013820790894
optionC_observed_RGI_n75_order_locked,DO,DO_mg_L_wq,9,S08,9,-20819.865431362465,-2313.318381262496
optionC_observed_RGI_n75_order_locked,DO,DO_mg_L_wq,9,S09,8,-25912.33947458813,-3239.0424343235163
optionC_observed_RGI_n75_order_locked,DO,DO_mg_L_wq,9,S10,8,2081.3726470846586,260.17158088558233
optionC_observed_RGI_n75_order_locked,DO,DO_mg_L_wq,10,S01,5,-38096.22689924369,-7619.245379848738
optionC_observed_RGI_n75_order_locked,DO,DO_mg_L_wq,10,S02,9,8900.4429135509,988.9381015056556
optionC_observed_RGI_n75_order_locked,DO,DO_mg_L_wq,10,S03,9,21142.214440245163,2349.134937805018
optionC_observed_RGI_n75_order_locked,DO,DO_mg_L_wq,10,S04,8,5913.49529496755,739.1869118709437
optionC_observed_RGI_n75_order_locked,DO,DO_mg_L_wq,10,S05,7,-15157.000468310114,-2165.285781187159
optionC_observed_RGI_n75_order_locked,DO,DO_mg_L_wq,10,S06,5,-4061.5251009039225,-812.3050201807845
optionC_observed_RGI_n75_order_locked,DO,DO_mg_L_wq,10,S07,7,14051.052104931503,2007.2931578473576
optionC_observed_RGI_n75_order_locked,DO,DO_mg_L_wq,10,S08,9,-21575.10763569793,-2397.2341817442143
optionC_observed_RGI_n75_order_locked,DO,DO_mg_L_wq,10,S09,8,-25139.742628589083,-3142.4678285736354
optionC_observed_RGI_n75_order_locked,DO,DO_mg_L_wq,10,S10,8,586.5420428783514,73.31775535979392
optionC_observed_RGI_n75_order_locked,BOD,BOD_mg_L,0,S01,5,28389.211914074065,5677.842382814813
optionC_observed_RGI_n75_order_locked,BOD,BOD_mg_L,0,S02,9,3973.209107555553,441.4676786172837
optionC_observed_RGI_n75_order_locked,BOD,BOD_mg_L,0,S03,9,417.73732977778945,46.415258864198826
optionC_observed_RGI_n75_order_locked,BOD,BOD_mg_L,0,S04,8,7119.706120296298,889.9632650370372
optionC_observed_RGI_n75_order_locked,BOD,BOD_mg_L,0,S05,7,-5677.796822518516,-811.1138317883594
optionC_observed_RGI_n75_order_locked,BOD,BOD_mg_L,0,S06,5,-155.65444148147733,-31.130888296295467
optionC_observed_RGI_n75_order_locked,BOD,BOD_mg_L,0,S07,7,-56.80535585185589,-8.115050835979414
optionC_observed_RGI_n75_order_locked,BOD,BOD_mg_L,0,S08,9,1357.4610853333293,150.82900948148102
optionC_observed_RGI_n75_order_locked,BOD,BOD_mg_L,0,S09,8,19256.664342518518,2407.0830428148147
optionC_observed_RGI_n75_order_locked,BOD,BOD_mg_L,0,S10,8,14262.591009185191,1782.8238761481489
optionC_observed_RGI_n75_order_locked,BOD,BOD_mg_L,1,S01,5,19776.90564866677,3955.3811297333536
optionC_observed_RGI_n75_order_locked,BOD,BOD_mg_L,1,S02,9,8502.233938406724,944.6926598229693
optionC_observed_RGI_n75_order_locked,BOD,BOD_mg_L,1,S03,9,-11555.120986177746,-1283.9023317975273
optionC_observed_RGI_n75_order_locked,BOD,BOD_mg_L,1,S04,8,-7176.144002917256,-897.018000364657
optionC_observed_RGI_n75_order_locked,BOD,BOD_mg_L,1,S05,7,4335.003452320593,619.2862074743705
optionC_observed_RGI_n75_order_locked,BOD,BOD_mg_L,1,S06,5,-1252.8352622008852,-250.56705244017704
optionC_observed_RGI_n75_order_locked,BOD,BOD_mg_L,1,S07,7,-2051.3852689780533,-293.0550384254362
optionC_observed_RGI_n75_order_locked,BOD,BOD_mg_L,1,S08,9,-2847.93414412857,-316.43712712539667
optionC_observed_RGI_n75_order_locked,BOD,BOD_mg_L,1,S09,8,2160.913943596387,270.1142429495484
optionC_observed_RGI_n75_order_locked,BOD,BOD_mg_L,1,S10,8,1735.8850806118787,216.98563507648484
optionC_observed_RGI_n75_order_locked,BOD,BOD_mg_L,2,S01,5,25520.09251173224,5104.018502346448
optionC_observed_RGI_n75_order_locked,BOD,BOD_mg_L,2,S02,9,4793.598839514263,532.6220932793626
optionC_observed_RGI_n75_order_locked,BOD,BOD_mg_L,2,S03,9,-7841.697792452537,-871.2997547169485
optionC_observed_RGI_n75_order_locked,BOD,BOD_mg_L,2,S04,8,-5528.234391409938,-691.0292989262423
optionC_observed_RGI_n75_order_locked,BOD,BOD_mg_L,2,S05,7,1216.6451082637159,173.80644403767369
optionC_observed_RGI_n75_order_locked,BOD,BOD_mg_L,2,S06,5,-701.1889360793355,-140.2377872158671
optionC_observed_RGI_n75_order_locked,BOD,BOD_mg_L,2,S07,7,-1570.5110980199233,-224.35872828856048
optionC_observed_RGI_n75_order_locked,BOD,BOD_mg_L,2,S08,9,-1221.1185064151564,-135.6798340461285
optionC_observed_RGI_n75_order_locked,BOD,BOD_mg_L,2,S09,8,2023.9945625736884,252.99932032171105
optionC_observed_RGI_n75_order_locked,BOD,BOD_mg_L,2,S10,8,3173.535204344531,396.69190054306637
optionC_observed_RGI_n75_order_locked,BOD,BOD_mg_L,3,S01,5,25906.708906873027,5181.3417813746055
optionC_observed_RGI_n75_order_locked,BOD,BOD_mg_L,3,S02,9,6389.534566795324,709.9482851994804
optionC_observed_RGI_n75_order_locked,BOD,BOD_mg_L,3,S03,9,-8618.898945857783,-957.6554384286426
optionC_observed_RGI_n75_order_locked,BOD,BOD_mg_L,3,S04,8,381.8823672678359,47.735295908479486
optionC_observed_RGI_n75_order_locked,BOD,BOD_mg_L,3,S05,7,-275.5431282762303,-39.36330403946147
optionC_observed_RGI_n75_order_locked,BOD,BOD_mg_L,3,S06,5,-62.915357620221585,-12.583071524044318
optionC_observed_RGI_n75_order_locked,BOD,BOD_mg_L,3,S07,7,-1837.2279157418677,-262.4611308202668
optionC_observed_RGI_n75_order_locked,BOD,BOD_mg_L,3,S08,9,138.28397224319156,15.364885804799062
optionC_observed_RGI_n75_order_locked,BOD,BOD_mg_L,3,S09,8,2545.1648780324385,318.1456097540548
optionC_observed_RGI_n75_order_locked,BOD,BOD_mg_L,3,S10,8,937.4183773084992,117.1772971635624
optionC_observed_RGI_n75_order_locked,BOD,BOD_mg_L,4,S01,5,18748.63919479578,3749.7278389591565
optionC_observed_RGI_n75_order_locked,BOD,BOD_mg_L,4,S02,9,5979.943355131841,664.4381505702045
optionC_observed_RGI_n75_order_locked,BOD,BOD_mg_L,4,S03,9,-3201.9584810243296,-355.7731645582588
optionC_observed_RGI_n75_order_locked,BOD,BOD_mg_L,4,S04,8,-2505.129026897282,-313.14112836216026
optionC_observed_RGI_n75_order_locked,BOD,BOD_mg_L,4,S05,7,1199.9347014748205,171.4192430678315
optionC_observed_RGI_n75_order_locked,BOD,BOD_mg_L,4,S06,5,-97.0889170309772,-19.41778340619544
optionC_observed_RGI_n75_order_locked,BOD,BOD_mg_L,4,S07,7,-2590.2668014721175,-370.0381144960168
optionC_observed_RGI_n75_order_locked,BOD,BOD_mg_L,4,S08,9,422.5973660526116,46.955262894734624
optionC_observed_RGI_n75_order_locked,BOD,BOD_mg_L,4,S09,8,4265.220041489305,533.1525051861631
optionC_observed_RGI_n75_order_locked,BOD,BOD_mg_L,4,S10,8,1241.5758559084315,155.19698198855394
optionC_observed_RGI_n75_order_locked,BOD,BOD_mg_L,5,S01,5,17173.364445955736,3434.672889191147
optionC_observed_RGI_n75_order_locked,BOD,BOD_mg_L,5,S02,9,4709.55972026826,523.2844133631401
optionC_observed_RGI_n75_order_locked,BOD,BOD_mg_L,5,S03,9,-3048.32595118787,-338.7028834653189
optionC_observed_RGI_n75_order_locked,BOD,BOD_mg_L,5,S04,8,-1803.5757919935486,-225.44697399919357
optionC_observed_RGI_n75_order_locked,BOD,BOD_mg_L,5,S05,7,1361.0547070582497,194.4363867226071
optionC_observed_RGI_n75_order_locked,BOD,BOD_mg_L,5,S06,5,-253.85052385102358,-50.77010477020472
optionC_observed_RGI_n75_order_locked,BOD,BOD_mg_L,5,S07,7,-2598.473604804674,-371.2105149720963
optionC_observed_RGI_n75_order_locked,BOD,BOD_mg_L,5,S08,9,467.4156183547422,51.93506870608247
optionC_observed_RGI_n75_order_locked,BOD,BOD_mg_L,5,S09,8,1103.1001340034586,137.88751675043233
optionC_observed_RGI_n75_order_locked,BOD,BOD_mg_L,5,S10,8,-53.53464010068251,-6.691830012585314
optionC_observed_RGI_n75_order_locked,BOD,BOD_mg_L,6,S01,5,14861.746820327608,2972.3493640655215
optionC_observed_RGI_n75_order_locked,BOD,BOD_mg_L,6,S02,9,2551.271722238748,283.47463580430536
optionC_observed_RGI_n75_order_locked,BOD,BOD_mg_L,6,S03,9,-3734.9443011229673,-414.99381123588523
optionC_observed_RGI_n75_order_locked,BOD,BOD_mg_L,6,S04,8,-3018.1772135601605,-377.27215169502006
optionC_observed_RGI_n75_order_locked,BOD,BOD_mg_L,6,S05,7,752.0356698960151,107.43366712800216
optionC_observed_RGI_n75_order_locked,BOD,BOD_mg_L,6,S06,5,-2524.828879155598,-504.9657758311196
optionC_observed_RGI_n75_order_locked,BOD,BOD_mg_L,6,S07,7,-2458.564203019126,-351.2234575741609
optionC_observed_RGI_n75_order_locked,BOD,BOD_mg_L,6,S08,9,-1233.5534662633313,-137.06149625148126
optionC_observed_RGI_n75_order_locked,BOD,BOD_mg_L,6,S09,8,826.6016014425331,103.32520018031664
optionC_observed_RGI_n75_order_locked,BOD,BOD_mg_L,6,S10,8,184.07906794063683,23.009883492579604
optionC_observed_RGI_n75_order_locked,BOD,BOD_mg_L,7,S01,5,15210.670027288788,3042.1340054577577
optionC_observed_RGI_n75_order_locked,BOD,BOD_mg_L,7,S02,9,2639.848689424176,293.31652104713066
optionC_observed_RGI_n75_order_locked,BOD,BOD_mg_L,7,S03,9,-4638.585806852483,-515.3984229836092
optionC_observed_RGI_n75_order_locked,BOD,BOD_mg_L,7,S04,8,-2427.030192572353,-303.3787740715441
optionC_observed_RGI_n75_order_locked,BOD,BOD_mg_L,7,S05,7,467.1391055956634,66.73415794223763
optionC_observed_RGI_n75_order_locked,BOD,BOD_mg_L,7,S06,5,-1511.3434975128657,-302.26869950257316
optionC_observed_RGI_n75_order_locked,BOD,BOD_mg_L,7,S07,7,-3915.8282362176524,-559.4040337453789
optionC_observed_RGI_n75_order_locked,BOD,BOD_mg_L,7,S08,9,-1175.065696916844,-130.56285521298267
optionC_observed_RGI_n75_order_locked,BOD,BOD_mg_L,7,S09,8,2698.8288355729346,337.3536044466168
optionC_observed_RGI_n75_order_locked,BOD,BOD_mg_L,7,S10,8,3053.314722703457,381.6643403379321
optionC_observed_RGI_n75_order_locked,BOD,BOD_mg_L,8,S01,5,14183.644263630282,2836.728852726056
optionC_observed_RGI_n75_order_locked,BOD,BOD_mg_L,8,S02,9,2240.8638621568693,248.9848735729855
optionC_observed_RGI_n75_order_locked,BOD,BOD_mg_L,8,S03,9,-4829.825146964018,-536.6472385515576
optionC_observed_RGI_n75_order_locked,BOD,BOD_mg_L,8,S04,8,-1573.9310043042485,-196.74137553803106
optionC_observed_RGI_n75_order_locked,BOD,BOD_mg_L,8,S05,7,772.4021725629777,110.34316750899681
optionC_observed_RGI_n75_order_locked,BOD,BOD_mg_L,8,S06,5,-952.7982743317025,-190.5596548663405
optionC_observed_RGI_n75_order_locked,BOD,BOD_mg_L,8,S07,7,-3780.758987770184,-540.108426824312
optionC_observed_RGI_n75_order_locked,BOD,BOD_mg_L,8,S08,9,-1522.1239030843224,-169.12487812048028
optionC_observed_RGI_n75_order_locked,BOD,BOD_mg_L,8,S09,8,3679.6124533440184,459.9515566680023
optionC_observed_RGI_n75_order_locked,BOD,BOD_mg_L,8,S10,8,3929.7523865637786,491.2190483204723
optionC_observed_RGI_n75_order_locked,BOD,BOD_mg_L,9,S01,5,14010.71216397768,2802.142432795536
optionC_observed_RGI_n75_order_locked,BOD,BOD_mg_L,9,S02,9,3779.2168497187613,419.91298330208457
optionC_observed_RGI_n75_order_locked,BOD,BOD_mg_L,9,S03,9,-1861.8951927051503,-206.87724363390558
optionC_observed_RGI_n75_order_locked,BOD,BOD_mg_L,9,S04,8,842.7900781728481,105.34875977160601
optionC_observed_RGI_n75_order_locked,BOD,BOD_mg_L,9,S05,7,1303.9791544825316,186.28273635464737
optionC_observed_RGI_n75_order_locked,BOD,BOD_mg_L,9,S06,5,-1461.7795355400233,-292.35590710800466
optionC_observed_RGI_n75_order_locked,BOD,BOD_mg_L,9,S07,7,-4183.407274132441,-597.6296105903486
optionC_observed_RGI_n75_order_locked,BOD,BOD_mg_L,9,S08,9,-884.0326398996845,-98.22584887774272
optionC_observed_RGI_n75_order_locked,BOD,BOD_mg_L,9,S09,8,6240.24613999028,780.030767498785
optionC_observed_RGI_n75_order_locked,BOD,BOD_mg_L,9,S10,8,4848.563518462524,606.0704398078155
optionC_observed_RGI_n75_order_locked,BOD,BOD_mg_L,10,S01,5,15062.760810256459,3012.552162051292
optionC_observed_RGI_n75_order_locked,BOD,BOD_mg_L,10,S02,9,3721.469419660287,413.49660218447633
optionC_observed_RGI_n75_order_locked,BOD,BOD_mg_L,10,S03,9,-1232.8010846989382,-136.977898299882
optionC_observed_RGI_n75_order_locked,BOD,BOD_mg_L,10,S04,8,1001.034001574201,125.12925019677513
optionC_observed_RGI_n75_order_locked,BOD,BOD_mg_L,10,S05,7,-784.5610407294603,-112.08014867563718
optionC_observed_RGI_n75_order_locked,BOD,BOD_mg_L,10,S06,5,-1207.7184831668455,-241.5436966333691
optionC_observed_RGI_n75_order_locked,BOD,BOD_mg_L,10,S07,7,-3990.504647702181,-570.072092528883
optionC_observed_RGI_n75_order_locked,BOD,BOD_mg_L,10,S08,9,-1106.7923559161522,-122.97692843512803
optionC_observed_RGI_n75_order_locked,BOD,BOD_mg_L,10,S09,8,6455.234358864898,806.9042948581123
optionC_observed_RGI_n75_order_locked,BOD,BOD_mg_L,10,S10,8,4836.630218140668,604.5787772675835
optionC_observed_RGI_n75_order_locked,COD,COD_mg_L,0,S01,5,176475.23104740737,35295.04620948147
optionC_observed_RGI_n75_order_locked,COD,COD_mg_L,0,S02,9,14710.41294755554,1634.490327506171
optionC_observed_RGI_n75_order_locked,COD,COD_mg_L,0,S03,9,222.7791697778166,24.75324108642407
optionC_observed_RGI_n75_order_locked,COD,COD_mg_L,0,S04,8,-897.7684663703785,-112.22105829629731
optionC_observed_RGI_n75_order_locked,COD,COD_mg_L,0,S05,7,-10483.951235851848,-1497.7073194074069
optionC_observed_RGI_n75_order_locked,COD,COD_mg_L,0,S06,5,11460.1976251852,2292.0395250370398
optionC_observed_RGI_n75_order_locked,COD,COD_mg_L,0,S07,7,-4744.276146962966,-677.7537352804237
optionC_observed_RGI_n75_order_locked,COD,COD_mg_L,0,S08,9,-20184.927963555543,-2242.769773728394
optionC_observed_RGI_n75_order_locked,COD,COD_mg_L,0,S09,8,25774.458089185187,3221.8072611481484
optionC_observed_RGI_n75_order_locked,COD,COD_mg_L,0,S10,8,17438.7438891852,2179.84298614815
optionC_observed_RGI_n75_order_locked,COD,COD_mg_L,1,S01,5,130042.6906603374,26008.53813206748
optionC_observed_RGI_n75_order_locked,COD,COD_mg_L,1,S02,9,6524.62393709888,724.9582152332089
optionC_observed_RGI_n75_order_locked,COD,COD_mg_L,1,S03,9,-27693.086293297012,-3077.0095881441125
optionC_observed_RGI_n75_order_locked,COD,COD_mg_L,1,S04,8,-11865.409969937278,-1483.1762462421598
optionC_observed_RGI_n75_order_locked,COD,COD_mg_L,1,S05,7,36784.86741652346,5254.981059503351
optionC_observed_RGI_n75_order_locked,COD,COD_mg_L,1,S06,5,-4961.120325677752,-992.2240651355503
optionC_observed_RGI_n75_order_locked,COD,COD_mg_L,1,S07,7,3287.485089461522,469.6407270659317
optionC_observed_RGI_n75_order_locked,COD,COD_mg_L,1,S08,9,-22524.041692989795,-2502.6712992210882
optionC_observed_RGI_n75_order_locked,COD,COD_mg_L,1,S09,8,-3692.03963757951,-461.50495469743873
optionC_observed_RGI_n75_order_locked,COD,COD_mg_L,1,S10,8,-12375.130651698748,-1546.8913314623435
optionC_observed_RGI_n75_order_locked,COD,COD_mg_L,2,S01,5,156082.67608496768,31216.535216993536
optionC_observed_RGI_n75_order_locked,COD,COD_mg_L,2,S02,9,4552.326113138827,505.8140125709808
optionC_observed_RGI_n75_order_locked,COD,COD_mg_L,2,S03,9,-15784.646795157061,-1753.8496439063401
optionC_observed_RGI_n75_order_locked,COD,COD_mg_L,2,S04,8,-16176.302064375086,-2022.0377580468858
optionC_observed_RGI_n75_order_locked,COD,COD_mg_L,2,S05,7,25999.461362357313,3714.2087660510447
optionC_observed_RGI_n75_order_locked,COD,COD_mg_L,2,S06,5,-3711.6362155749653,-742.327243114993
optionC_observed_RGI_n75_order_locked,COD,COD_mg_L,2,S07,7,-2908.965594604627,-415.5665135149467
optionC_observed_RGI_n75_order_locked,COD,COD_mg_L,2,S08,9,-15549.40408154362,-1727.7115646159577
optionC_observed_RGI_n75_order_locked,COD,COD_mg_L,2,S09,8,49.54818909653477,6.193523637066846
optionC_observed_RGI_n75_order_locked,COD,COD_mg_L,2,S10,8,-13984.579480858943,-1748.072435107368
optionC_observed_RGI_n75_order_locked,COD,COD_mg_L,3,S01,5,170344.993259886,34068.9986519772
optionC_observed_RGI_n75_order_locked,COD,COD_mg_L,3,S02,9,9336.909026680818,1037.4343362978686
optionC_observed_RGI_n75_order_locked,COD,COD_mg_L,3,S03,9,-13252.44982364523,-1472.4944248494699
optionC_observed_RGI_n75_order_locked,COD,COD_mg_L,3,S04,8,7352.262440838781,919.0328051048476
optionC_observed_RGI_n75_order_locked,COD,COD_mg_L,3,S05,7,21713.31002468901,3101.90143209843
optionC_observed_RGI_n75_order_locked,COD,COD_mg_L,3,S06,5,-277.6028087342462,-55.52056174684924
optionC_observed_RGI_n75_order_locked,COD,COD_mg_L,3,S07,7,-1588.6873123942796,-226.95533034203996
optionC_observed_RGI_n75_order_locked,COD,COD_mg_L,3,S08,9,-12667.239349864292,-1407.4710388738104
optionC_observed_RGI_n75_order_locked,COD,COD_mg_L,3,S09,8,-2994.199510257815,-374.27493878222685
optionC_observed_RGI_n75_order_locked,COD,COD_mg_L,3,S10,8,-27580.536888088198,-3447.5671110110247
optionC_observed_RGI_n75_order_locked,COD,COD_mg_L,4,S01,5,153201.84622080292,30640.369244160585
optionC_observed_RGI_n75_order_locked,COD,COD_mg_L,4,S02,9,-5795.22747866218,-643.9141642957978
optionC_observed_RGI_n75_order_locked,COD,COD_mg_L,4,S03,9,-697.1374584039772,-77.45971760044192
optionC_observed_RGI_n75_order_locked,COD,COD_mg_L,4,S04,8,5540.428039007232,692.553504875904
optionC_observed_RGI_n75_order_locked,COD,COD_mg_L,4,S05,7,11103.10699067675,1586.15814152525
optionC_observed_RGI_n75_order_locked,COD,COD_mg_L,4,S06,5,-5174.627061943177,-1034.9254123886353
optionC_observed_RGI_n75_order_locked,COD,COD_mg_L,4,S07,7,975.7385577358905,139.39122253369865
optionC_observed_RGI_n75_order_locked,COD,COD_mg_L,4,S08,9,-6046.371655284996,-671.819072809444
optionC_observed_RGI_n75_order_locked,COD,COD_mg_L,4,S09,8,2086.5588993568363,260.81986241960453
optionC_observed_RGI_n75_order_locked,COD,COD_mg_L,4,S10,8,-19274.130244775402,-2409.2662805969253
optionC_observed_RGI_n75_order_locked,COD,COD_mg_L,5,S01,5,154983.116684146,30996.623336829198
optionC_observed_RGI_n75_order_locked,COD,COD_mg_L,5,S02,9,-4920.59129132908,-546.7323657032312
optionC_observed_RGI_n75_order_locked,COD,COD_mg_L,5,S03,9,1718.4833284023684,190.9425920447076
optionC_observed_RGI_n75_order_locked,COD,COD_mg_L,5,S04,8,3793.922683178955,474.2403353973694
optionC_observed_RGI_n75_order_locked,COD,COD_mg_L,5,S05,7,9764.912166138321,1394.9874523054746
optionC_observed_RGI_n75_order_locked,COD,COD_mg_L,5,S06,5,-5981.492347378817,-1196.2984694757633
optionC_observed_RGI_n75_order_locked,COD,COD_mg_L,5,S07,7,988.1522389415627,141.16460556308039
optionC_observed_RGI_n75_order_locked,COD,COD_mg_L,5,S08,9,-5193.992723128704,-577.110302569856
optionC_observed_RGI_n75_order_locked,COD,COD_mg_L,5,S09,8,36.7268215043332,4.59085268804165
optionC_observed_RGI_n75_order_locked,COD,COD_mg_L,5,S10,8,-20744.53402663584,-2593.06675332948
optionC_observed_RGI_n75_order_locked,COD,COD_mg_L,6,S01,5,149213.3239460277,29842.66478920554
optionC_observed_RGI_n75_order_locked,COD,COD_mg_L,6,S02,9,-18518.605040082024,-2057.622782231336
optionC_observed_RGI_n75_order_locked,COD,COD_mg_L,6,S03,9,-4143.881185860356,-460.43124287337287
optionC_observed_RGI_n75_order_locked,COD,COD_mg_L,6,S04,8,555.9234700853331,69.49043376066663
optionC_observed_RGI_n75_order_locked,COD,COD_mg_L,6,S05,7,4785.315101196216,683.6164430280309
optionC_observed_RGI_n75_order_locked,COD,COD_mg_L,6,S06,5,-12869.798748799865,-2573.959749759973
optionC_observed_RGI_n75_order_locked,COD,COD_mg_L,6,S07,7,10713.351133507203,1530.478733358172
optionC_observed_RGI_n75_order_locked,COD,COD_mg_L,6,S08,9,-6452.2279045536025,-716.9142116170669
optionC_observed_RGI_n75_order_locked,COD,COD_mg_L,6,S09,8,886.9073604523883,110.86342005654853
optionC_observed_RGI_n75_order_locked,COD,COD_mg_L,6,S10,8,-21063.17393549126,-2632.8967419364076
optionC_observed_RGI_n75_order_locked,COD,COD_mg_L,7,S01,5,146963.53032000695,29392.706064001388
optionC_observed_RGI_n75_order_locked,COD,COD_mg_L,7,S02,9,-11240.057433020726,-1248.8952703356363
optionC_observed_RGI_n75_order_locked,COD,COD_mg_L,7,S03,9,-7767.710737798372,-863.0789708664857
optionC_observed_RGI_n75_order_locked,COD,COD_mg_L,7,S04,8,2267.740221366613,283.4675276708266
optionC_observed_RGI_n75_order_locked,COD,COD_mg_L,7,S05,7,135.6175973259119,19.37394247513027
optionC_observed_RGI_n75_order_locked,COD,COD_mg_L,7,S06,5,-11430.452963802543,-2286.0905927605086
optionC_observed_RGI_n75_order_locked,COD,COD_mg_L,7,S07,7,4475.9656586044,639.4236655149143
optionC_observed_RGI_n75_order_locked,COD,COD_mg_L,7,S08,9,-10429.51339183855,-1158.8348213153945
optionC_observed_RGI_n75_order_locked,COD,COD_mg_L,7,S09,8,3788.219031841769,473.5273789802211
optionC_observed_RGI_n75_order_locked,COD,COD_mg_L,7,S10,8,-14961.691860697716,-1870.2114825872145
optionC_observed_RGI_n75_order_locked,COD,COD_mg_L,8,S01,5,138085.50998878662,27617.101997757323
optionC_observed_RGI_n75_order_locked,COD,COD_mg_L,8,S02,9,-13769.065298419846,-1529.8961442688717
optionC_observed_RGI_n75_order_locked,COD,COD_mg_L,8,S03,9,-6784.80473806121,-753.8671931179122
optionC_observed_RGI_n75_order_locked,COD,COD_mg_L,8,S04,8,6110.528320116733,763.8160400145916
optionC_observed_RGI_n75_order_locked,COD,COD_mg_L,8,S05,7,1219.7011164928017,174.2430166418288
optionC_observed_RGI_n75_order_locked,COD,COD_mg_L,8,S06,5,-9604.548003781409,-1920.9096007562816
optionC_observed_RGI_n75_order_locked,COD,COD_mg_L,8,S07,7,3589.1611722401385,512.7373103200198
optionC_observed_RGI_n75_order_locked,COD,COD_mg_L,8,S08,9,-8860.870926481819,-984.5412140535354
optionC_observed_RGI_n75_order_locked,COD,COD_mg_L,8,S09,8,2502.3153963224067,312.78942454030084
optionC_observed_RGI_n75_order_locked,COD,COD_mg_L,8,S10,8,-11578.054346235658,-1447.2567932794573
optionC_observed_RGI_n75_order_locked,COD,COD_mg_L,9,S01,5,131843.96189210386,26368.792378420774
optionC_observed_RGI_n75_order_locked,COD,COD_mg_L,9,S02,9,-11520.876379625231,-1280.0973755139146
optionC_observed_RGI_n75_order_locked,COD,COD_mg_L,9,S03,9,5116.974956918675,568.552772990964
optionC_observed_RGI_n75_order_locked,COD,COD_mg_L,9,S04,8,8752.550742906109,1094.0688428632636
optionC_observed_RGI_n75_order_locked,COD,COD_mg_L,9,S05,7,8109.686522417193,1158.526646059599
optionC_observed_RGI_n75_order_locked,COD,COD_mg_L,9,S06,5,-8365.819348669402,-1673.1638697338803
optionC_observed_RGI_n75_order_locked,COD,COD_mg_L,9,S07,7,3765.399061812249,537.9141516874641
optionC_observed_RGI_n75_order_locked,COD,COD_mg_L,9,S08,9,-8855.387588886226,-983.9319543206917
optionC_observed_RGI_n75_order_locked,COD,COD_mg_L,9,S09,8,7791.794256480123,973.9742820600154
optionC_observed_RGI_n75_order_locked,COD,COD_mg_L,9,S10,8,-6601.479782636617,-825.1849728295771
optionC_observed_RGI_n75_order_locked,COD,COD_mg_L,10,S01,5,133747.03261420166,26749.40652284033
optionC_observed_RGI_n75_order_locked,COD,COD_mg_L,10,S02,9,-10297.51955326282,-1144.1688392514245
optionC_observed_RGI_n75_order_locked,COD,COD_mg_L,10,S03,9,4631.711083047709,514.6345647830788
optionC_observed_RGI_n75_order_locked,COD,COD_mg_L,10,S04,8,9543.794763957907,1192.9743454947384
optionC_observed_RGI_n75_order_locked,COD,COD_mg_L,10,S05,7,5209.97962204825,744.2828031497501
optionC_observed_RGI_n75_order_locked,COD,COD_mg_L,10,S06,5,-6689.406522011356,-1337.8813044022713
optionC_observed_RGI_n75_order_locked,COD,COD_mg_L,10,S07,7,3692.469810281766,527.4956871831095
optionC_observed_RGI_n75_order_locked,COD,COD_mg_L,10,S08,9,-9065.397431711475,-1007.266381301275
optionC_observed_RGI_n75_order_locked,COD,COD_mg_L,10,S09,8,7795.975882429474,974.4969853036843
optionC_observed_RGI_n75_order_locked,COD,COD_mg_L,10,S10,8,-5550.375329641249,-693.7969162051561
optionC_observed_RGI_n75_order_locked,EC,EC_uS_cm,0,S01,5,615724.0261777766,123144.80523555532
optionC_observed_RGI_n75_order_locked,EC,EC_uS_cm,0,S02,9,-577316.581146667,-64146.28679407411
optionC_observed_RGI_n75_order_locked,EC,EC_uS_cm,0,S03,9,-469434.8755911101,-52159.43062123445
optionC_observed_RGI_n75_order_locked,EC,EC_uS_cm,0,S04,8,2511208.7460177774,313901.09325222217
optionC_observed_RGI_n75_order_locked,EC,EC_uS_cm,0,S05,7,265052.52384888893,37864.64626412699
optionC_observed_RGI_n75_order_locked,EC,EC_uS_cm,0,S06,5,-245163.93848888855,-49032.78769777771
optionC_observed_RGI_n75_order_locked,EC,EC_uS_cm,0,S07,7,1029257.6582933333,147036.80832761904
optionC_observed_RGI_n75_order_locked,EC,EC_uS_cm,0,S08,9,1112104.76752,123567.19639111111
optionC_observed_RGI_n75_order_locked,EC,EC_uS_cm,0,S09,8,565956.9893511111,70744.62366888889
optionC_observed_RGI_n75_order_locked,EC,EC_uS_cm,0,S10,8,1638788.8380177782,204848.60475222228
optionC_observed_RGI_n75_order_locked,EC,EC_uS_cm,1,S01,5,682529.0866039733,136505.81732079465
optionC_observed_RGI_n75_order_locked,EC,EC_uS_cm,1,S02,9,635152.0598352123,70572.45109280136
optionC_observed_RGI_n75_order_locked,EC,EC_uS_cm,1,S03,9,-1316936.7499628097,-146326.3055514233
optionC_observed_RGI_n75_order_locked,EC,EC_uS_cm,1,S04,8,491519.4847093475,61439.935588668435
optionC_observed_RGI_n75_order_locked,EC,EC_uS_cm,1,S05,7,-1338674.2667071114,-191239.18095815877
optionC_observed_RGI_n75_order_locked,EC,EC_uS_cm,1,S06,5,-258788.68724587624,-51757.73744917525
optionC_observed_RGI_n75_order_locked,EC,EC_uS_cm,1,S07,7,190291.98342821663,27184.569061173803
optionC_observed_RGI_n75_order_locked,EC,EC_uS_cm,1,S08,9,579130.0471625694,64347.78301806326
optionC_observed_RGI_n75_order_locked,EC,EC_uS_cm,1,S09,8,275888.8965761855,34486.112072023185
optionC_observed_RGI_n75_order_locked,EC,EC_uS_cm,1,S10,8,70340.63076759325,8792.578845949156
optionC_observed_RGI_n75_order_locked,EC,EC_uS_cm,2,S01,5,652946.6596330149,130589.33192660299
optionC_observed_RGI_n75_order_locked,EC,EC_uS_cm,2,S02,9,440550.9959256721,48950.11065840801
optionC_observed_RGI_n75_order_locked,EC,EC_uS_cm,2,S03,9,-1645533.712416375,-182837.079157375
optionC_observed_RGI_n75_order_locked,EC,EC_uS_cm,2,S04,8,857595.3876006171,107199.42345007714
optionC_observed_RGI_n75_order_locked,EC,EC_uS_cm,2,S05,7,-730959.9466077269,-104422.84951538955
optionC_observed_RGI_n75_order_locked,EC,EC_uS_cm,2,S06,5,-172870.57718889572,-34574.115437779146
optionC_observed_RGI_n75_order_locked,EC,EC_uS_cm,2,S07,7,261787.8485486572,37398.2640783796
optionC_observed_RGI_n75_order_locked,EC,EC_uS_cm,2,S08,9,398983.5337988961,44331.5037554329
optionC_observed_RGI_n75_order_locked,EC,EC_uS_cm,2,S09,8,152366.4786218732,19045.80982773415
optionC_observed_RGI_n75_order_locked,EC,EC_uS_cm,2,S10,8,171608.67933489787,21451.084916862234
optionC_observed_RGI_n75_order_locked,EC,EC_uS_cm,3,S01,5,474565.63212859165,94913.12642571834
optionC_observed_RGI_n75_order_locked,EC,EC_uS_cm,3,S02,9,760157.6135355631,84461.95705950701
optionC_observed_RGI_n75_order_locked,EC,EC_uS_cm,3,S03,9,-1370124.0878410628,-152236.0097601181
optionC_observed_RGI_n75_order_locked,EC,EC_uS_cm,3,S04,8,443397.97759491456,55424.74719936432
optionC_observed_RGI_n75_order_locked,EC,EC_uS_cm,3,S05,7,-857023.8014111922,-122431.97163017032
optionC_observed_RGI_n75_order_locked,EC,EC_uS_cm,3,S06,5,-37265.923171303424,-7453.184634260685
optionC_observed_RGI_n75_order_locked,EC,EC_uS_cm,3,S07,7,250082.99775733874,35726.14253676268
optionC_observed_RGI_n75_order_locked,EC,EC_uS_cm,3,S08,9,243393.16809621092,27043.685344023437
optionC_observed_RGI_n75_order_locked,EC,EC_uS_cm,3,S09,8,250428.65560978762,31303.581951223452
optionC_observed_RGI_n75_order_locked,EC,EC_uS_cm,3,S10,8,278246.54478424654,34780.81809803082
optionC_observed_RGI_n75_order_locked,EC,EC_uS_cm,4,S01,5,180531.53811995836,36106.30762399167
optionC_observed_RGI_n75_order_locked,EC,EC_uS_cm,4,S02,9,563569.6528176261,62618.85031306957
optionC_observed_RGI_n75_order_locked,EC,EC_uS_cm,4,S03,9,-1546826.408005494,-171869.60088949933
optionC_observed_RGI_n75_order_locked,EC,EC_uS_cm,4,S04,8,469614.05623540987,58701.75702942623
optionC_observed_RGI_n75_order_locked,EC,EC_uS_cm,4,S05,7,-587774.8001341134,-83967.82859058763
optionC_observed_RGI_n75_order_locked,EC,EC_uS_cm,4,S06,5,14441.490347830411,2888.298069566082
optionC_observed_RGI_n75_order_locked,EC,EC_uS_cm,4,S07,7,157775.41526581248,22539.345037973213
optionC_observed_RGI_n75_order_locked,EC,EC_uS_cm,4,S08,9,100456.55382671591,11161.839314079545
optionC_observed_RGI_n75_order_locked,EC,EC_uS_cm,4,S09,8,308265.78367799154,38533.22295974894
optionC_observed_RGI_n75_order_locked,EC,EC_uS_cm,4,S10,8,62980.64750602198,7872.580938252748
optionC_observed_RGI_n75_order_locked,EC,EC_uS_cm,5,S01,5,-309841.2069764029,-61968.24139528058
optionC_observed_RGI_n75_order_locked,EC,EC_uS_cm,5,S02,9,923182.5812662649,102575.84236291832
optionC_observed_RGI_n75_order_locked,EC,EC_uS_cm,5,S03,9,-1405105.4528630145,-156122.8280958905
optionC_observed_RGI_n75_order_locked,EC,EC_uS_cm,5,S04,8,526796.3391294837,65849.54239118546
optionC_observed_RGI_n75_order_locked,EC,EC_uS_cm,5,S05,7,-438492.18005572143,-62641.7400079602
optionC_observed_RGI_n75_order_locked,EC,EC_uS_cm,5,S06,5,9840.91480323486,1968.182960646972
optionC_observed_RGI_n75_order_locked,EC,EC_uS_cm,5,S07,7,281079.16062869027,40154.16580409861
optionC_observed_RGI_n75_order_locked,EC,EC_uS_cm,5,S08,9,-24348.03506358272,-2705.337229286969
optionC_observed_RGI_n75_order_locked,EC,EC_uS_cm,5,S09,8,368112.5219627755,46014.06524534694
optionC_observed_RGI_n75_order_locked,EC,EC_uS_cm,5,S10,8,197914.20137294143,24739.27517161768
optionC_observed_RGI_n75_order_locked,EC,EC_uS_cm,6,S01,5,-205812.8248261062,-41162.56496522124
optionC_observed_RGI_n75_order_locked,EC,EC_uS_cm,6,S02,9,745727.5713526733,82858.61903918593
optionC_observed_RGI_n75_order_locked,EC,EC_uS_cm,6,S03,9,-1526386.8150403465,-169598.53500448295
optionC_observed_RGI_n75_order_locked,EC,EC_uS_cm,6,S04,8,958337.8178751483,119792.22723439353
optionC_observed_RGI_n75_order_locked,EC,EC_uS_cm,6,S05,7,-620955.4243054799,-88707.9177579257
optionC_observed_RGI_n75_order_locked,EC,EC_uS_cm,6,S06,5,8735.890033774805,1747.1780067549612
optionC_observed_RGI_n75_order_locked,EC,EC_uS_cm,6,S07,7,341943.02864248434,48849.00409178348
optionC_observed_RGI_n75_order_locked,EC,EC_uS_cm,6,S08,9,57021.553516610526,6335.728168512281
optionC_observed_RGI_n75_order_locked,EC,EC_uS_cm,6,S09,8,241343.99158782413,30167.998948478016
optionC_observed_RGI_n75_order_locked,EC,EC_uS_cm,6,S10,8,197751.91938073738,24718.989922592173
optionC_observed_RGI_n75_order_locked,EC,EC_uS_cm,7,S01,5,-374116.6291161978,-74823.32582323956
optionC_observed_RGI_n75_order_locked,EC,EC_uS_cm,7,S02,9,168330.07167159967,18703.341296844406
optionC_observed_RGI_n75_order_locked,EC,EC_uS_cm,7,S03,9,-1847516.4183829457,-205279.60204254952
optionC_observed_RGI_n75_order_locked,EC,EC_uS_cm,7,S04,8,918849.4838500044,114856.18548125055
optionC_observed_RGI_n75_order_locked,EC,EC_uS_cm,7,S05,7,-406661.5040102475,-58094.500572892495
optionC_observed_RGI_n75_order_locked,EC,EC_uS_cm,7,S06,5,5717.5864475474955,1143.517289509499
optionC_observed_RGI_n75_order_locked,EC,EC_uS_cm,7,S07,7,220218.18175692667,31459.740250989526
optionC_observed_RGI_n75_order_locked,EC,EC_uS_cm,7,S08,9,56788.87437451884,6309.874930502094
optionC_observed_RGI_n75_order_locked,EC,EC_uS_cm,7,S09,8,-165497.7802170722,-20687.222527134025
optionC_observed_RGI_n75_order_locked,EC,EC_uS_cm,7,S10,8,293739.06180606416,36717.38272575802
optionC_observed_RGI_n75_order_locked,EC,EC_uS_cm,8,S01,5,-401409.0716520669,-80281.81433041338
optionC_observed_RGI_n75_order_locked,EC,EC_uS_cm,8,S02,9,197243.970662993,21915.996740332557
optionC_observed_RGI_n75_order_locked,EC,EC_uS_cm,8,S03,9,-1968521.122512213,-218724.56916802365
optionC_observed_RGI_n75_order_locked,EC,EC_uS_cm,8,S04,8,993793.0860413556,124224.13575516945
optionC_observed_RGI_n75_order_locked,EC,EC_uS_cm,8,S05,7,-349620.1460270472,-49945.735146721025
optionC_observed_RGI_n75_order_locked,EC,EC_uS_cm,8,S06,5,-9578.544815716086,-1915.7089631432173
optionC_observed_RGI_n75_order_locked,EC,EC_uS_cm,8,S07,7,213938.9002776293,30562.700039661326
optionC_observed_RGI_n75_order_locked,EC,EC_uS_cm,8,S08,9,69031.07995998503,7670.119995553892
optionC_observed_RGI_n75_order_locked,EC,EC_uS_cm,8,S09,8,-107979.4655772466,-13497.433197155826
optionC_observed_RGI_n75_order_locked,EC,EC_uS_cm,8,S10,8,165352.74897770924,20669.093622213655
optionC_observed_RGI_n75_order_locked,EC,EC_uS_cm,9,S01,5,-324738.30352656916,-64947.66070531383
optionC_observed_RGI_n75_order_locked,EC,EC_uS_cm,9,S02,9,61097.22740738625,6788.580823042917
optionC_observed_RGI_n75_order_locked,EC,EC_uS_cm,9,S03,9,-2248140.479586907,-249793.38662076747
optionC_observed_RGI_n75_order_locked,EC,EC_uS_cm,9,S04,8,1027347.0273576913,128418.37841971141
optionC_observed_RGI_n75_order_locked,EC,EC_uS_cm,9,S05,7,-504617.44657239644,-72088.2066531995
optionC_observed_RGI_n75_order_locked,EC,EC_uS_cm,9,S06,5,-56995.69134387261,-11399.138268774523
optionC_observed_RGI_n75_order_locked,EC,EC_uS_cm,9,S07,7,235460.3395459746,33637.191363710655
optionC_observed_RGI_n75_order_locked,EC,EC_uS_cm,9,S08,9,91594.77359247378,10177.19706583042
optionC_observed_RGI_n75_order_locked,EC,EC_uS_cm,9,S09,8,-121410.45372289422,-15176.306715361778
optionC_observed_RGI_n75_order_locked,EC,EC_uS_cm,9,S10,8,74715.00517832022,9339.375647290028
optionC_observed_RGI_n75_order_locked,EC,EC_uS_cm,10,S01,5,-316955.3861099181,-63391.07722198362
optionC_observed_RGI_n75_order_locked,EC,EC_uS_cm,10,S02,9,9561.944059354471,1062.4382288171635
optionC_observed_RGI_n75_order_locked,EC,EC_uS_cm,10,S03,9,-2147911.092592464,-238656.7880658293
optionC_observed_RGI_n75_order_locked,EC,EC_uS_cm,10,S04,8,1102437.1994278661,137804.64992848327
optionC_observed_RGI_n75_order_locked,EC,EC_uS_cm,10,S05,7,-302373.06007632555,-43196.15143947508
optionC_observed_RGI_n75_order_locked,EC,EC_uS_cm,10,S06,5,-80750.69350534672,-16150.138701069343
optionC_observed_RGI_n75_order_locked,EC,EC_uS_cm,10,S07,7,390722.99347650475,55817.57049664354
optionC_observed_RGI_n75_order_locked,EC,EC_uS_cm,10,S08,9,157090.9271066836,17454.54745629818
optionC_observed_RGI_n75_order_locked,EC,EC_uS_cm,10,S09,8,105700.1233461938,13212.515418274224
optionC_observed_RGI_n75_order_locked,EC,EC_uS_cm,10,S10,8,-88146.59089403527,-11018.323861754408
optionC_observed_RGI_n75_order_locked,NH3-N,NH3N_mg_L,0,S01,5,1523.1543120888894,304.63086241777785
optionC_observed_RGI_n75_order_locked,NH3-N,NH3N_mg_L,0,S02,9,-433.32094681777716,-48.146771868641906
optionC_observed_RGI_n75_order_locked,NH3-N,NH3N_mg_L,0,S03,9,-483.08366570666595,-53.675962856296216
optionC_observed_RGI_n75_order_locked,NH3-N,NH3N_mg_L,0,S04,8,700.6110552977774,87.57638191222217
optionC_observed_RGI_n75_order_locked,NH3-N,NH3N_mg_L,0,S05,7,660.1621327466661,94.30887610666659
optionC_observed_RGI_n75_order_locked,NH3-N,NH3N_mg_L,0,S06,5,305.5630685333332,61.112613706666636
optionC_observed_RGI_n75_order_locked,NH3-N,NH3N_mg_L,0,S07,7,99.30736719111134,14.186766741587334
optionC_observed_RGI_n75_order_locked,NH3-N,NH3N_mg_L,0,S08,9,-172.7864852622222,-19.19849836246913
optionC_observed_RGI_n75_order_locked,NH3-N,NH3N_mg_L,0,S09,8,313.0801641866655,39.13502052333319
optionC_observed_RGI_n75_order_locked,NH3-N,NH3N_mg_L,0,S10,8,384.37355640888853,48.04669455111107
optionC_observed_RGI_n75_order_locked,NH3-N,NH3N_mg_L,1,S01,5,1562.7848747865721,312.5569749573144
optionC_observed_RGI_n75_order_locked,NH3-N,NH3N_mg_L,1,S02,9,740.6696851810459,82.29663168678287
optionC_observed_RGI_n75_order_locked,NH3-N,NH3N_mg_L,1,S03,9,288.27740752731063,32.03082305859007
optionC_observed_RGI_n75_order_locked,NH3-N,NH3N_mg_L,1,S04,8,-52.460133800577694,-6.557516725072212
optionC_observed_RGI_n75_order_locked,NH3-N,NH3N_mg_L,1,S05,7,498.77555492217306,71.25365070316758
optionC_observed_RGI_n75_order_locked,NH3-N,NH3N_mg_L,1,S06,5,-252.4273520895499,-50.48547041790998
optionC_observed_RGI_n75_order_locked,NH3-N,NH3N_mg_L,1,S07,7,368.44492082637055,52.63498868948151
optionC_observed_RGI_n75_order_locked,NH3-N,NH3N_mg_L,1,S08,9,-623.6694950179575,-69.29661055755084
optionC_observed_RGI_n75_order_locked,NH3-N,NH3N_mg_L,1,S09,8,57.04100816416064,7.13012602052008
optionC_observed_RGI_n75_order_locked,NH3-N,NH3N_mg_L,1,S10,8,-210.82301744805577,-26.35287718100697
optionC_observed_RGI_n75_order_locked,NH3-N,NH3N_mg_L,2,S01,5,1782.9887916535017,356.59775833070034
optionC_observed_RGI_n75_order_locked,NH3-N,NH3N_mg_L,2,S02,9,729.8339708132995,81.09266342369995
optionC_observed_RGI_n75_order_locked,NH3-N,NH3N_mg_L,2,S03,9,-24.024435809781977,-2.669381756642442
optionC_observed_RGI_n75_order_locked,NH3-N,NH3N_mg_L,2,S04,8,500.6836406748514,62.585455084356425
optionC_observed_RGI_n75_order_locked,NH3-N,NH3N_mg_L,2,S05,7,727.6211597855965,103.94587996937094
optionC_observed_RGI_n75_order_locked,NH3-N,NH3N_mg_L,2,S06,5,-292.3726537009347,-58.474530740186935
optionC_observed_RGI_n75_order_locked,NH3-N,NH3N_mg_L,2,S07,7,-161.2623188142722,-23.0374741163246
optionC_observed_RGI_n75_order_locked,NH3-N,NH3N_mg_L,2,S08,9,-446.45588545699843,-49.606209495222046
optionC_observed_RGI_n75_order_locked,NH3-N,NH3N_mg_L,2,S09,8,159.97014692867876,19.996268366084845
optionC_observed_RGI_n75_order_locked,NH3-N,NH3N_mg_L,2,S10,8,-66.71169758335503,-8.338962197919379
optionC_observed_RGI_n75_order_locked,NH3-N,NH3N_mg_L,3,S01,5,1160.6741364457107,232.13482728914215
optionC_observed_RGI_n75_order_locked,NH3-N,NH3N_mg_L,3,S02,9,806.4443920698656,89.60493245220728
optionC_observed_RGI_n75_order_locked,NH3-N,NH3N_mg_L,3,S03,9,-95.62650935490552,-10.625167706100614
optionC_observed_RGI_n75_order_locked,NH3-N,NH3N_mg_L,3,S04,8,349.2438393537249,43.655479919215615
optionC_observed_RGI_n75_order_locked,NH3-N,NH3N_mg_L,3,S05,7,653.7151177121086,93.38787395887266
optionC_observed_RGI_n75_order_locked,NH3-N,NH3N_mg_L,3,S06,5,-310.05916624927943,-62.01183324985588
optionC_observed_RGI_n75_order_locked,NH3-N,NH3N_mg_L,3,S07,7,-74.904633460376,-10.700661922910857
optionC_observed_RGI_n75_order_locked,NH3-N,NH3N_mg_L,3,S08,9,-333.79995321914373,-37.08888369101597
optionC_observed_RGI_n75_order_locked,NH3-N,NH3N_mg_L,3,S09,8,192.12479932973304,24.01559991621663
optionC_observed_RGI_n75_order_locked,NH3-N,NH3N_mg_L,3,S10,8,55.00406179631969,6.875507724539961
optionC_observed_RGI_n75_order_locked,NH3-N,NH3N_mg_L,4,S01,5,1037.888147318511,207.5776294637022
optionC_observed_RGI_n75_order_locked,NH3-N,NH3N_mg_L,4,S02,9,607.2422948182,67.4713660909111
optionC_observed_RGI_n75_order_locked,NH3-N,NH3N_mg_L,4,S03,9,-437.3774958095164,-48.597499534390714
optionC_observed_RGI_n75_order_locked,NH3-N,NH3N_mg_L,4,S04,8,231.12992585249867,28.891240731562334
optionC_observed_RGI_n75_order_locked,NH3-N,NH3N_mg_L,4,S05,7,857.307746527787,122.47253521825529
optionC_observed_RGI_n75_order_locked,NH3-N,NH3N_mg_L,4,S06,5,-493.763493184259,-98.7526986368518
optionC_observed_RGI_n75_order_locked,NH3-N,NH3N_mg_L,4,S07,7,-139.74379397827101,-19.963399139753
optionC_observed_RGI_n75_order_locked,NH3-N,NH3N_mg_L,4,S08,9,-380.6930487155313,-42.29922763505903
optionC_observed_RGI_n75_order_locked,NH3-N,NH3N_mg_L,4,S09,8,430.1378644442185,53.76723305552731
optionC_observed_RGI_n75_order_locked,NH3-N,NH3N_mg_L,4,S10,8,17.524549291702385,2.190568661462798
optionC_observed_RGI_n75_order_locked,NH3-N,NH3N_mg_L,5,S01,5,778.8616522675849,155.772330453517
optionC_observed_RGI_n75_order_locked,NH3-N,NH3N_mg_L,5,S02,9,706.3277798611999,78.48086442902222
optionC_observed_RGI_n75_order_locked,NH3-N,NH3N_mg_L,5,S03,9,-592.1067843330753,-65.78964270367504
optionC_observed_RGI_n75_order_locked,NH3-N,NH3N_mg_L,5,S04,8,150.56658618040527,18.82082327255066
optionC_observed_RGI_n75_order_locked,NH3-N,NH3N_mg_L,5,S05,7,840.9648347196861,120.13783353138373
optionC_observed_RGI_n75_order_locked,NH3-N,NH3N_mg_L,5,S06,5,-512.5921833660356,-102.5184366732071
optionC_observed_RGI_n75_order_locked,NH3-N,NH3N_mg_L,5,S07,7,-220.7563425745552,-31.5366203677936
optionC_observed_RGI_n75_order_locked,NH3-N,NH3N_mg_L,5,S08,9,-501.8460396942339,-55.760671077137104
optionC_observed_RGI_n75_order_locked,NH3-N,NH3N_mg_L,5,S09,8,353.33298269582696,44.16662283697837
optionC_observed_RGI_n75_order_locked,NH3-N,NH3N_mg_L,5,S10,8,112.44199936610002,14.055249920762503
optionC_observed_RGI_n75_order_locked,NH3-N,NH3N_mg_L,6,S01,5,655.2145598616829,131.04291197233658
optionC_observed_RGI_n75_order_locked,NH3-N,NH3N_mg_L,6,S02,9,673.5700172672096,74.84111302968995
optionC_observed_RGI_n75_order_locked,NH3-N,NH3N_mg_L,6,S03,9,-740.3622213506127,-82.26246903895697
optionC_observed_RGI_n75_order_locked,NH3-N,NH3N_mg_L,6,S04,8,221.3000471825379,27.662505897817237
optionC_observed_RGI_n75_order_locked,NH3-N,NH3N_mg_L,6,S05,7,755.5299728506612,107.93285326438017
optionC_observed_RGI_n75_order_locked,NH3-N,NH3N_mg_L,6,S06,5,-488.5373052523944,-97.70746105047888
optionC_observed_RGI_n75_order_locked,NH3-N,NH3N_mg_L,6,S07,7,-269.95279457193647,-38.56468493884807
optionC_observed_RGI_n75_order_locked,NH3-N,NH3N_mg_L,6,S08,9,-403.4650799454838,-44.82945332727598
optionC_observed_RGI_n75_order_locked,NH3-N,NH3N_mg_L,6,S09,8,392.6821687312803,49.085271091410036
optionC_observed_RGI_n75_order_locked,NH3-N,NH3N_mg_L,6,S10,8,64.14886735760587,8.018608419700733
optionC_observed_RGI_n75_order_locked,NH3-N,NH3N_mg_L,7,S01,5,707.754761466771,141.55095229335421
optionC_observed_RGI_n75_order_locked,NH3-N,NH3N_mg_L,7,S02,9,300.43598250431415,33.38177583381268
optionC_observed_RGI_n75_order_locked,NH3-N,NH3N_mg_L,7,S03,9,-954.6518278815109,-106.07242532016788
optionC_observed_RGI_n75_order_locked,NH3-N,NH3N_mg_L,7,S04,8,316.6830276373894,39.58537845467367
optionC_observed_RGI_n75_order_locked,NH3-N,NH3N_mg_L,7,S05,7,655.4349145226347,93.63355921751925
optionC_observed_RGI_n75_order_locked,NH3-N,NH3N_mg_L,7,S06,5,-450.6044590950096,-90.12089181900191
optionC_observed_RGI_n75_order_locked,NH3-N,NH3N_mg_L,7,S07,7,-303.4838130814795,-43.35483044021136
optionC_observed_RGI_n75_order_locked,NH3-N,NH3N_mg_L,7,S08,9,-515.7829581141863,-57.30921756824292
optionC_observed_RGI_n75_order_locked,NH3-N,NH3N_mg_L,7,S09,8,548.1275267299977,68.51594084124972
optionC_observed_RGI_n75_order_locked,NH3-N,NH3N_mg_L,7,S10,8,86.01156213280171,10.751445266600214
optionC_observed_RGI_n75_order_locked,NH3-N,NH3N_mg_L,8,S01,5,791.8426905898939,158.36853811797877
optionC_observed_RGI_n75_order_locked,NH3-N,NH3N_mg_L,8,S02,9,211.12341074841677,23.458156749824084
optionC_observed_RGI_n75_order_locked,NH3-N,NH3N_mg_L,8,S03,9,-694.7570100014008,-77.19522333348897
optionC_observed_RGI_n75_order_locked,NH3-N,NH3N_mg_L,8,S04,8,571.4371585966957,71.42964482458696
optionC_observed_RGI_n75_order_locked,NH3-N,NH3N_mg_L,8,S05,7,637.3367263485613,91.0481037640802
optionC_observed_RGI_n75_order_locked,NH3-N,NH3N_mg_L,8,S06,5,-326.82635527931103,-65.36527105586221
optionC_observed_RGI_n75_order_locked,NH3-N,NH3N_mg_L,8,S07,7,-181.7785765874558,-25.968368083922257
optionC_observed_RGI_n75_order_locked,NH3-N,NH3N_mg_L,8,S08,9,-221.4082066197354,-24.600911846637267
optionC_observed_RGI_n75_order_locked,NH3-N,NH3N_mg_L,8,S09,8,285.90683779714425,35.73835472464303
optionC_observed_RGI_n75_order_locked,NH3-N,NH3N_mg_L,8,S10,8,69.63889653890023,8.704862067362528
optionC_observed_RGI_n75_order_locked,NH3-N,NH3N_mg_L,9,S01,5,776.3588785124149,155.27177570248298
optionC_observed_RGI_n75_order_locked,NH3-N,NH3N_mg_L,9,S02,9,163.63496591967126,18.181662879963472
optionC_observed_RGI_n75_order_locked,NH3-N,NH3N_mg_L,9,S03,9,-741.0021596841602,-82.33357329824003
optionC_observed_RGI_n75_order_locked,NH3-N,NH3N_mg_L,9,S04,8,644.1717341732489,80.52146677165611
optionC_observed_RGI_n75_order_locked,NH3-N,NH3N_mg_L,9,S05,7,764.1760581828623,109.16800831183748
optionC_observed_RGI_n75_order_locked,NH3-N,NH3N_mg_L,9,S06,5,-281.1417712666744,-56.228354253334885
optionC_observed_RGI_n75_order_locked,NH3-N,NH3N_mg_L,9,S07,7,-173.2086630769002,-24.744094725271456
optionC_observed_RGI_n75_order_locked,NH3-N,NH3N_mg_L,9,S08,9,-132.02381920845795,-14.669313245384217
optionC_observed_RGI_n75_order_locked,NH3-N,NH3N_mg_L,9,S09,8,199.8103618840113,24.97629523550141
optionC_observed_RGI_n75_order_locked,NH3-N,NH3N_mg_L,9,S10,8,9.482849877531208,1.185356234691401
optionC_observed_RGI_n75_order_locked,NH3-N,NH3N_mg_L,10,S01,5,869.4940660652137,173.89881321304273
optionC_observed_RGI_n75_order_locked,NH3-N,NH3N_mg_L,10,S02,9,64.36729947866513,7.151922164296126
optionC_observed_RGI_n75_order_locked,NH3-N,NH3N_mg_L,10,S03,9,-714.586644753931,-79.3985160837701
optionC_observed_RGI_n75_order_locked,NH3-N,NH3N_mg_L,10,S04,8,663.4979272514277,82.93724090642846
optionC_observed_RGI_n75_order_locked,NH3-N,NH3N_mg_L,10,S05,7,766.3571744960376,109.4795963565768
optionC_observed_RGI_n75_order_locked,NH3-N,NH3N_mg_L,10,S06,5,-222.74944569104076,-44.54988913820815
optionC_observed_RGI_n75_order_locked,NH3-N,NH3N_mg_L,10,S07,7,-151.31974463246206,-21.61710637606601
optionC_observed_RGI_n75_order_locked,NH3-N,NH3N_mg_L,10,S08,9,6.453093740674554,0.7170104156305059
optionC_observed_RGI_n75_order_locked,NH3-N,NH3N_mg_L,10,S09,8,330.1826164570626,41.27282705713282
optionC_observed_RGI_n75_order_locked,NH3-N,NH3N_mg_L,10,S10,8,-45.892165777527,-5.736520722190875
optionC_observed_RGI_n75_order_locked,NO3-N,NO3N_mg_L,0,S01,5,-20689.647510266674,-4137.9295020533345
optionC_observed_RGI_n75_order_locked,NO3-N,NO3N_mg_L,0,S02,9,-9759.933822079998,-1084.437091342222
optionC_observed_RGI_n75_order_locked,NO3-N,NO3N_mg_L,0,S03,9,-7266.515126524445,-807.3905696138272
optionC_observed_RGI_n75_order_locked,NO3-N,NO3N_mg_L,0,S04,8,3665.5435637066666,458.19294546333333
optionC_observed_RGI_n75_order_locked,NO3-N,NO3N_mg_L,0,S05,7,9632.152064160004,1376.0217234514291
optionC_observed_RGI_n75_order_locked,NO3-N,NO3N_mg_L,0,S06,5,-7522.526338266668,-1504.5052676533337
optionC_observed_RGI_n75_order_locked,NO3-N,NO3N_mg_L,0,S07,7,6296.299864604446,899.4714092292066
optionC_observed_RGI_n75_order_locked,NO3-N,NO3N_mg_L,0,S08,9,10380.87720325333,1153.4308003614813
optionC_observed_RGI_n75_order_locked,NO3-N,NO3N_mg_L,0,S09,8,-17002.562349626667,-2125.3202937033334
optionC_observed_RGI_n75_order_locked,NO3-N,NO3N_mg_L,0,S10,8,-4839.261014959999,-604.9076268699998
optionC_observed_RGI_n75_order_locked,NO3-N,NO3N_mg_L,1,S01,5,-13293.093223685395,-2658.618644737079
optionC_observed_RGI_n75_order_locked,NO3-N,NO3N_mg_L,1,S02,9,1068.3328752872808,118.70365280969787
optionC_observed_RGI_n75_order_locked,NO3-N,NO3N_mg_L,1,S03,9,-125.12088267689793,-13.902320297433103
optionC_observed_RGI_n75_order_locked,NO3-N,NO3N_mg_L,1,S04,8,3558.4508438122366,444.8063554765296
optionC_observed_RGI_n75_order_locked,NO3-N,NO3N_mg_L,1,S05,7,-7717.84116520065,-1102.5487378858072
optionC_observed_RGI_n75_order_locked,NO3-N,NO3N_mg_L,1,S06,5,-1860.4920729220107,-372.0984145844021
optionC_observed_RGI_n75_order_locked,NO3-N,NO3N_mg_L,1,S07,7,1059.6349376582643,151.37641966546633
optionC_observed_RGI_n75_order_locked,NO3-N,NO3N_mg_L,1,S08,9,4143.7284723662615,460.4142747073624
optionC_observed_RGI_n75_order_locked,NO3-N,NO3N_mg_L,1,S09,8,1507.1836710385255,188.3979588798157
optionC_observed_RGI_n75_order_locked,NO3-N,NO3N_mg_L,1,S10,8,179.88012086670187,22.485015108337734
optionC_observed_RGI_n75_order_locked,NO3-N,NO3N_mg_L,2,S01,5,-15382.165069390248,-3076.4330138780497
optionC_observed_RGI_n75_order_locked,NO3-N,NO3N_mg_L,2,S02,9,6806.547816810473,756.2830907567192
optionC_observed_RGI_n75_order_locked,NO3-N,NO3N_mg_L,2,S03,9,-8770.384519061654,-974.4871687846282
optionC_observed_RGI_n75_order_locked,NO3-N,NO3N_mg_L,2,S04,8,7099.865383618033,887.4831729522541
optionC_observed_RGI_n75_order_locked,NO3-N,NO3N_mg_L,2,S05,7,-854.982432998082,-122.14034757115458
optionC_observed_RGI_n75_order_locked,NO3-N,NO3N_mg_L,2,S06,5,-2160.8574029575493,-432.17148059150986
optionC_observed_RGI_n75_order_locked,NO3-N,NO3N_mg_L,2,S07,7,3178.616707031291,454.0881010044701
optionC_observed_RGI_n75_order_locked,NO3-N,NO3N_mg_L,2,S08,9,3119.2196394975354,346.5799599441706
optionC_observed_RGI_n75_order_locked,NO3-N,NO3N_mg_L,2,S09,8,-2515.3573406476603,-314.41966758095754
optionC_observed_RGI_n75_order_locked,NO3-N,NO3N_mg_L,2,S10,8,2987.403590017184,373.425448752148
optionC_observed_RGI_n75_order_locked,NO3-N,NO3N_mg_L,3,S01,5,-20911.38235880278,-4182.276471760556
optionC_observed_RGI_n75_order_locked,NO3-N,NO3N_mg_L,3,S02,9,9306.981112514552,1034.109012501617
optionC_observed_RGI_n75_order_locked,NO3-N,NO3N_mg_L,3,S03,9,-7037.666421114742,-781.9629356794158
optionC_observed_RGI_n75_order_locked,NO3-N,NO3N_mg_L,3,S04,8,-2628.495490515007,-328.5619363143759
optionC_observed_RGI_n75_order_locked,NO3-N,NO3N_mg_L,3,S05,7,-10.653545529042503,-1.5219350755775005
optionC_observed_RGI_n75_order_locked,NO3-N,NO3N_mg_L,3,S06,5,-1859.3633875661344,-371.8726775132269
optionC_observed_RGI_n75_order_locked,NO3-N,NO3N_mg_L,3,S07,7,4957.061457190517,708.1516367415024
optionC_observed_RGI_n75_order_locked,NO3-N,NO3N_mg_L,3,S08,9,755.8975382897231,83.9886153655248
optionC_observed_RGI_n75_order_locked,NO3-N,NO3N_mg_L,3,S09,8,106.15111332578499,13.268889165723124
optionC_observed_RGI_n75_order_locked,NO3-N,NO3N_mg_L,3,S10,8,4994.921538555367,624.3651923194209
optionC_observed_RGI_n75_order_locked,NO3-N,NO3N_mg_L,4,S01,5,-22626.387787785512,-4525.277557557102
optionC_observed_RGI_n75_order_locked,NO3-N,NO3N_mg_L,4,S02,9,8610.391369184137,956.7101521315708
optionC_observed_RGI_n75_order_locked,NO3-N,NO3N_mg_L,4,S03,9,-11717.987342179791,-1301.9985935755324
optionC_observed_RGI_n75_order_locked,NO3-N,NO3N_mg_L,4,S04,8,-1923.9749859532249,-240.4968732441531
optionC_observed_RGI_n75_order_locked,NO3-N,NO3N_mg_L,4,S05,7,2665.8032243871917,380.8290320553131
optionC_observed_RGI_n75_order_locked,NO3-N,NO3N_mg_L,4,S06,5,-536.3124215966436,-107.26248431932872
optionC_observed_RGI_n75_order_locked,NO3-N,NO3N_mg_L,4,S07,7,3157.848309943235,451.12118713474786
optionC_observed_RGI_n75_order_locked,NO3-N,NO3N_mg_L,4,S08,9,-674.5319869501939,-74.94799855002154
optionC_observed_RGI_n75_order_locked,NO3-N,NO3N_mg_L,4,S09,8,-3880.3031745607104,-485.0378968200888
optionC_observed_RGI_n75_order_locked,NO3-N,NO3N_mg_L,4,S10,8,4465.133910955599,558.1417388694499
optionC_observed_RGI_n75_order_locked,NO3-N,NO3N_mg_L,5,S01,5,-24412.98512635396,-4882.597025270792
optionC_observed_RGI_n75_order_locked,NO3-N,NO3N_mg_L,5,S02,9,11720.988359839592,1302.3320399821769
optionC_observed_RGI_n75_order_locked,NO3-N,NO3N_mg_L,5,S03,9,-9836.169317922026,-1092.9077019913361
optionC_observed_RGI_n75_order_locked,NO3-N,NO3N_mg_L,5,S04,8,771.8587182871079,96.48233978588848
optionC_observed_RGI_n75_order_locked,NO3-N,NO3N_mg_L,5,S05,7,3007.774375594132,429.68205365630456
optionC_observed_RGI_n75_order_locked,NO3-N,NO3N_mg_L,5,S06,5,32.43442037129239,6.486884074258478
optionC_observed_RGI_n75_order_locked,NO3-N,NO3N_mg_L,5,S07,7,5256.798604953448,750.971229279064
optionC_observed_RGI_n75_order_locked,NO3-N,NO3N_mg_L,5,S08,9,-1946.918030700996,-216.324225633444
optionC_observed_RGI_n75_order_locked,NO3-N,NO3N_mg_L,5,S09,8,-2856.3118690291385,-357.0389836286423
optionC_observed_RGI_n75_order_locked,NO3-N,NO3N_mg_L,5,S10,8,4829.568816018122,603.6961020022652
optionC_observed_RGI_n75_order_locked,NO3-N,NO3N_mg_L,6,S01,5,-20099.01875081126,-4019.803750162252
optionC_observed_RGI_n75_order_locked,NO3-N,NO3N_mg_L,6,S02,9,15744.042866533779,1749.3380962815309
optionC_observed_RGI_n75_order_locked,NO3-N,NO3N_mg_L,6,S03,9,-11383.482491958746,-1264.8313879954162
optionC_observed_RGI_n75_order_locked,NO3-N,NO3N_mg_L,6,S04,8,1421.6254000359922,177.70317500449903
optionC_observed_RGI_n75_order_locked,NO3-N,NO3N_mg_L,6,S05,7,5280.760425064644,754.3943464378062
optionC_observed_RGI_n75_order_locked,NO3-N,NO3N_mg_L,6,S06,5,1390.9483076857832,278.18966153715667
optionC_observed_RGI_n75_order_locked,NO3-N,NO3N_mg_L,6,S07,7,4706.052719991271,672.2932457130388
optionC_observed_RGI_n75_order_locked,NO3-N,NO3N_mg_L,6,S08,9,3831.521726411813,425.7246362679792
optionC_observed_RGI_n75_order_locked,NO3-N,NO3N_mg_L,6,S09,8,-4219.386787373772,-527.4233484217215
optionC_observed_RGI_n75_order_locked,NO3-N,NO3N_mg_L,6,S10,8,4344.778659444455,543.0973324305569
optionC_observed_RGI_n75_order_locked,NO3-N,NO3N_mg_L,7,S01,5,-24160.14613043586,-4832.029226087172
optionC_observed_RGI_n75_order_locked,NO3-N,NO3N_mg_L,7,S02,9,6652.2324162971245,739.1369351441249
optionC_observed_RGI_n75_order_locked,NO3-N,NO3N_mg_L,7,S03,9,-11099.49355425609,-1233.27706158401
optionC_observed_RGI_n75_order_locked,NO3-N,NO3N_mg_L,7,S04,8,-601.3366465452837,-75.16708081816046
optionC_observed_RGI_n75_order_locked,NO3-N,NO3N_mg_L,7,S05,7,3370.1424426572794,481.44892037961137
optionC_observed_RGI_n75_order_locked,NO3-N,NO3N_mg_L,7,S06,5,1315.494602958216,263.0989205916432
optionC_observed_RGI_n75_order_locked,NO3-N,NO3N_mg_L,7,S07,7,5154.896621159501,736.4138030227858
optionC_observed_RGI_n75_order_locked,NO3-N,NO3N_mg_L,7,S08,9,3756.378411238824,417.375379026536
optionC_observed_RGI_n75_order_locked,NO3-N,NO3N_mg_L,7,S09,8,-9718.719972857973,-1214.8399966072466
optionC_observed_RGI_n75_order_locked,NO3-N,NO3N_mg_L,7,S10,8,3509.5223779208177,438.6902972401022
optionC_observed_RGI_n75_order_locked,NO3-N,NO3N_mg_L,8,S01,5,-24167.426282735534,-4833.4852565471065
optionC_observed_RGI_n75_order_locked,NO3-N,NO3N_mg_L,8,S02,9,7573.336931329818,841.4818812588687
optionC_observed_RGI_n75_order_locked,NO3-N,NO3N_mg_L,8,S03,9,-12004.279066396808,-1333.808785155201
optionC_observed_RGI_n75_order_locked,NO3-N,NO3N_mg_L,8,S04,8,-1596.4477155736258,-199.55596444670323
optionC_observed_RGI_n75_order_locked,NO3-N,NO3N_mg_L,8,S05,7,4627.929373964924,661.1327677092748
optionC_observed_RGI_n75_order_locked,NO3-N,NO3N_mg_L,8,S06,5,652.689290580809,130.5378581161618
optionC_observed_RGI_n75_order_locked,NO3-N,NO3N_mg_L,8,S07,7,4555.463866960991,650.7805524229988
optionC_observed_RGI_n75_order_locked,NO3-N,NO3N_mg_L,8,S08,9,3010.9112409638265,334.54569344042517
optionC_observed_RGI_n75_order_locked,NO3-N,NO3N_mg_L,8,S09,8,-8562.261443108786,-1070.2826803885982
optionC_observed_RGI_n75_order_locked,NO3-N,NO3N_mg_L,8,S10,8,2714.0039030326316,339.25048787907895
optionC_observed_RGI_n75_order_locked,NO3-N,NO3N_mg_L,9,S01,5,-17570.456965874007,-3514.0913931748014
optionC_observed_RGI_n75_order_locked,NO3-N,NO3N_mg_L,9,S02,9,6875.542591226452,763.9491768029391
optionC_observed_RGI_n75_order_locked,NO3-N,NO3N_mg_L,9,S03,9,-21140.942520425833,-2348.993613380648
optionC_observed_RGI_n75_order_locked,NO3-N,NO3N_mg_L,9,S04,8,-1605.262717965677,-200.65783974570962
optionC_observed_RGI_n75_order_locked,NO3-N,NO3N_mg_L,9,S05,7,3949.509188341609,564.2155983345156
optionC_observed_RGI_n75_order_locked,NO3-N,NO3N_mg_L,9,S06,5,71.81433258138294,14.362866516276588
optionC_observed_RGI_n75_order_locked,NO3-N,NO3N_mg_L,9,S07,7,4082.7981497298288,583.2568785328327
optionC_observed_RGI_n75_order_locked,NO3-N,NO3N_mg_L,9,S08,9,2840.7162906067706,315.63514340075227
optionC_observed_RGI_n75_order_locked,NO3-N,NO3N_mg_L,9,S09,8,-11030.723585887117,-1378.8404482358897
optionC_observed_RGI_n75_order_locked,NO3-N,NO3N_mg_L,9,S10,8,522.3820583587757,65.29775729484696
optionC_observed_RGI_n75_order_locked,NO3-N,NO3N_mg_L,10,S01,5,-15929.851706641286,-3185.9703413282573
optionC_observed_RGI_n75_order_locked,NO3-N,NO3N_mg_L,10,S02,9,4839.002538558945,537.6669487287717
optionC_observed_RGI_n75_order_locked,NO3-N,NO3N_mg_L,10,S03,9,-19779.028488435757,-2197.6698320484174
optionC_observed_RGI_n75_order_locked,NO3-N,NO3N_mg_L,10,S04,8,-2081.8060335718274,-260.2257541964784
optionC_observed_RGI_n75_order_locked,NO3-N,NO3N_mg_L,10,S05,7,2593.1264725145893,370.44663893065564
optionC_observed_RGI_n75_order_locked,NO3-N,NO3N_mg_L,10,S06,5,121.46361689092544,24.292723378185087
optionC_observed_RGI_n75_order_locked,NO3-N,NO3N_mg_L,10,S07,7,5097.386976473417,728.1981394962024
optionC_observed_RGI_n75_order_locked,NO3-N,NO3N_mg_L,10,S08,9,1557.152927696958,173.01699196632865
optionC_observed_RGI_n75_order_locked,NO3-N,NO3N_mg_L,10,S09,8,-9804.735573791755,-1225.5919467239694
optionC_observed_RGI_n75_order_locked,NO3-N,NO3N_mg_L,10,S10,8,-331.8587980466798,-41.482349755834974
optionC_observed_RGI_n75_order_locked,TOC,TOC_mg_L,0,S01,5,10748.514305185168,2149.7028610370335
optionC_observed_RGI_n75_order_locked,TOC,TOC_mg_L,0,S02,9,-12587.928975111123,-1398.658775012347
optionC_observed_RGI_n75_order_locked,TOC,TOC_mg_L,0,S03,9,-29097.573530666643,-3233.063725629627
optionC_observed_RGI_n75_order_locked,TOC,TOC_mg_L,0,S04,8,-10662.34369392593,-1332.7929617407412
optionC_observed_RGI_n75_order_locked,TOC,TOC_mg_L,0,S05,7,-5670.5511682962915,-810.0787383280416
optionC_observed_RGI_n75_order_locked,TOC,TOC_mg_L,0,S06,5,790.5440829629717,158.10881659259434
optionC_observed_RGI_n75_order_locked,TOC,TOC_mg_L,0,S07,7,-4809.078434962964,-687.0112049947091
optionC_observed_RGI_n75_order_locked,TOC,TOC_mg_L,0,S08,9,-30246.46815288889,-3360.718683654321
optionC_observed_RGI_n75_order_locked,TOC,TOC_mg_L,0,S09,8,9112.198528296289,1139.024816037036
optionC_observed_RGI_n75_order_locked,TOC,TOC_mg_L,0,S10,8,11937.88979496297,1492.2362243703712
optionC_observed_RGI_n75_order_locked,TOC,TOC_mg_L,1,S01,5,14818.019028960072,2963.6038057920146
optionC_observed_RGI_n75_order_locked,TOC,TOC_mg_L,1,S02,9,-744.1261640175184,-82.68068489083538
optionC_observed_RGI_n75_order_locked,TOC,TOC_mg_L,1,S03,9,-60040.30701872753,-6671.145224303059
optionC_observed_RGI_n75_order_locked,TOC,TOC_mg_L,1,S04,8,-16101.350743571755,-2012.6688429464693
optionC_observed_RGI_n75_order_locked,TOC,TOC_mg_L,1,S05,7,2833.2038637924734,404.7434091132105
optionC_observed_RGI_n75_order_locked,TOC,TOC_mg_L,1,S06,5,-3817.787782571813,-763.5575565143625
optionC_observed_RGI_n75_order_locked,TOC,TOC_mg_L,1,S07,7,-556.7732077863475,-79.53902968376393
optionC_observed_RGI_n75_order_locked,TOC,TOC_mg_L,1,S08,9,-22208.891440811676,-2467.654604534631
optionC_observed_RGI_n75_order_locked,TOC,TOC_mg_L,1,S09,8,14.911438995156459,1.8639298743945574
optionC_observed_RGI_n75_order_locked,TOC,TOC_mg_L,1,S10,8,-8318.982649140811,-1039.8728311426014
optionC_observed_RGI_n75_order_locked,TOC,TOC_mg_L,2,S01,5,26768.041855078132,5353.608371015626
optionC_observed_RGI_n75_order_locked,TOC,TOC_mg_L,2,S02,9,-15392.123992224258,-1710.2359991360288
optionC_observed_RGI_n75_order_locked,TOC,TOC_mg_L,2,S03,9,-43428.57872675613,-4825.397636306237
optionC_observed_RGI_n75_order_locked,TOC,TOC_mg_L,2,S04,8,-19471.929449735708,-2433.9911812169635
optionC_observed_RGI_n75_order_locked,TOC,TOC_mg_L,2,S05,7,13248.826277054326,1892.689468150618
optionC_observed_RGI_n75_order_locked,TOC,TOC_mg_L,2,S06,5,-703.1166110671356,-140.62332221342712
optionC_observed_RGI_n75_order_locked,TOC,TOC_mg_L,2,S07,7,3924.9035890698437,560.7005127242634
optionC_observed_RGI_n75_order_locked,TOC,TOC_mg_L,2,S08,9,-14547.152648159057,-1616.3502942398952
optionC_observed_RGI_n75_order_locked,TOC,TOC_mg_L,2,S09,8,-2587.8309282056507,-323.47886602570634
optionC_observed_RGI_n75_order_locked,TOC,TOC_mg_L,2,S10,8,-8565.662386986047,-1070.7077983732559
optionC_observed_RGI_n75_order_locked,TOC,TOC_mg_L,3,S01,5,21187.260016999873,4237.452003399974
optionC_observed_RGI_n75_order_locked,TOC,TOC_mg_L,3,S02,9,-8646.572331434578,-960.7302590482864
optionC_observed_RGI_n75_order_locked,TOC,TOC_mg_L,3,S03,9,-36502.14870283574,-4055.7943003150817
optionC_observed_RGI_n75_order_locked,TOC,TOC_mg_L,3,S04,8,-3676.242354947677,-459.53029436845964
optionC_observed_RGI_n75_order_locked,TOC,TOC_mg_L,3,S05,7,9282.781316435236,1326.111616633605
optionC_observed_RGI_n75_order_locked,TOC,TOC_mg_L,3,S06,5,929.9352339242389,185.9870467848478
optionC_observed_RGI_n75_order_locked,TOC,TOC_mg_L,3,S07,7,8678.19070487873,1239.7415292683902
optionC_observed_RGI_n75_order_locked,TOC,TOC_mg_L,3,S08,9,-14405.43707615813,-1600.6041195731257
optionC_observed_RGI_n75_order_locked,TOC,TOC_mg_L,3,S09,8,-3417.424427661498,-427.17805345768727
optionC_observed_RGI_n75_order_locked,TOC,TOC_mg_L,3,S10,8,-15047.600113570259,-1880.9500141962824
optionC_observed_RGI_n75_order_locked,TOC,TOC_mg_L,4,S01,5,10388.946857842053,2077.7893715684104
optionC_observed_RGI_n75_order_locked,TOC,TOC_mg_L,4,S02,9,-17691.656711093554,-1965.7396345659504
optionC_observed_RGI_n75_order_locked,TOC,TOC_mg_L,4,S03,9,-40272.001143497175,-4474.666793721908
optionC_observed_RGI_n75_order_locked,TOC,TOC_mg_L,4,S04,8,-1925.9501351096706,-240.74376688870882
optionC_observed_RGI_n75_order_locked,TOC,TOC_mg_L,4,S05,7,6023.828415320989,860.546916474427
optionC_observed_RGI_n75_order_locked,TOC,TOC_mg_L,4,S06,5,25.334250002806186,5.066850000561237
optionC_observed_RGI_n75_order_locked,TOC,TOC_mg_L,4,S07,7,8619.527787567396,1231.3611125096281
optionC_observed_RGI_n75_order_locked,TOC,TOC_mg_L,4,S08,9,-15052.493888562192,-1672.4993209513548
optionC_observed_RGI_n75_order_locked,TOC,TOC_mg_L,4,S09,8,-4334.4422845152985,-541.8052855644123
optionC_observed_RGI_n75_order_locked,TOC,TOC_mg_L,4,S10,8,-13016.782396793424,-1627.097799599178
optionC_observed_RGI_n75_order_locked,TOC,TOC_mg_L,5,S01,5,7029.428968612284,1405.8857937224568
optionC_observed_RGI_n75_order_locked,TOC,TOC_mg_L,5,S02,9,-15136.934963361628,-1681.8816625957363
optionC_observed_RGI_n75_order_locked,TOC,TOC_mg_L,5,S03,9,-39290.385482484584,-4365.598386942732
optionC_observed_RGI_n75_order_locked,TOC,TOC_mg_L,5,S04,8,-3669.9151615654837,-458.73939519568546
optionC_observed_RGI_n75_order_locked,TOC,TOC_mg_L,5,S05,7,6025.73959737825,860.8199424826072
optionC_observed_RGI_n75_order_locked,TOC,TOC_mg_L,5,S06,5,-2987.991512456085,-597.5983024912169
optionC_observed_RGI_n75_order_locked,TOC,TOC_mg_L,5,S07,7,10614.8724693201,1516.4103527600143
optionC_observed_RGI_n75_order_locked,TOC,TOC_mg_L,5,S08,9,-17291.437736010128,-1921.270859556681
optionC_observed_RGI_n75_order_locked,TOC,TOC_mg_L,5,S09,8,-5198.283820104257,-649.7854775130321
optionC_observed_RGI_n75_order_locked,TOC,TOC_mg_L,5,S10,8,-12688.07603688279,-1586.0095046103488
optionC_observed_RGI_n75_order_locked,TOC,TOC_mg_L,6,S01,5,-1570.6535887718132,-314.13071775436265
optionC_observed_RGI_n75_order_locked,TOC,TOC_mg_L,6,S02,9,-17990.98914058405,-1998.9987933982277
optionC_observed_RGI_n75_order_locked,TOC,TOC_mg_L,6,S03,9,-40859.534570732205,-4539.948285636911
optionC_observed_RGI_n75_order_locked,TOC,TOC_mg_L,6,S04,8,-7233.911516587692,-904.2389395734615
optionC_observed_RGI_n75_order_locked,TOC,TOC_mg_L,6,S05,7,-513.299612133243,-73.32851601903472
optionC_observed_RGI_n75_order_locked,TOC,TOC_mg_L,6,S06,5,-4512.5394180422845,-902.507883608457
optionC_observed_RGI_n75_order_locked,TOC,TOC_mg_L,6,S07,7,13726.43943294076,1960.9199189915373
optionC_observed_RGI_n75_order_locked,TOC,TOC_mg_L,6,S08,9,-20912.514466080902,-2323.6127184534334
optionC_observed_RGI_n75_order_locked,TOC,TOC_mg_L,6,S09,8,-4838.824119276445,-604.8530149095557
optionC_observed_RGI_n75_order_locked,TOC,TOC_mg_L,6,S10,8,-12898.981068882225,-1612.3726336102782
optionC_observed_RGI_n75_order_locked,TOC,TOC_mg_L,7,S01,5,-1995.8961060686029,-399.17922121372055
optionC_observed_RGI_n75_order_locked,TOC,TOC_mg_L,7,S02,9,-14458.429212090265,-1606.492134676696
optionC_observed_RGI_n75_order_locked,TOC,TOC_mg_L,7,S03,9,-40410.45965290576,-4490.051072545084
optionC_observed_RGI_n75_order_locked,TOC,TOC_mg_L,7,S04,8,-6236.497503566415,-779.5621879458018
optionC_observed_RGI_n75_order_locked,TOC,TOC_mg_L,7,S05,7,-2116.626688902324,-302.37524127176056
optionC_observed_RGI_n75_order_locked,TOC,TOC_mg_L,7,S06,5,-3812.7063580348276,-762.5412716069656
optionC_observed_RGI_n75_order_locked,TOC,TOC_mg_L,7,S07,7,9938.490248534914,1419.7843212192734
optionC_observed_RGI_n75_order_locked,TOC,TOC_mg_L,7,S08,9,-26397.578766367267,-2933.0643073741408
optionC_observed_RGI_n75_order_locked,TOC,TOC_mg_L,7,S09,8,-8597.430488284544,-1074.678811035568
optionC_observed_RGI_n75_order_locked,TOC,TOC_mg_L,7,S10,8,-9615.339322344833,-1201.917415293104
optionC_observed_RGI_n75_order_locked,TOC,TOC_mg_L,8,S01,5,374.5601698099754,74.91203396199508
optionC_observed_RGI_n75_order_locked,TOC,TOC_mg_L,8,S02,9,-15826.708325591733,-1758.5231472879705
optionC_observed_RGI_n75_order_locked,TOC,TOC_mg_L,8,S03,9,-38394.5860890295,-4266.065121003277
optionC_observed_RGI_n75_order_locked,TOC,TOC_mg_L,8,S04,8,-2166.4431104481146,-270.8053888060143
optionC_observed_RGI_n75_order_locked,TOC,TOC_mg_L,8,S05,7,-2132.616724713381,-304.65953210191157
optionC_observed_RGI_n75_order_locked,TOC,TOC_mg_L,8,S06,5,-2236.082676236627,-447.2165352473254
optionC_observed_RGI_n75_order_locked,TOC,TOC_mg_L,8,S07,7,10137.604232642829,1448.2291760918326
optionC_observed_RGI_n75_order_locked,TOC,TOC_mg_L,8,S08,9,-22262.881838979854,-2473.6535376644283
optionC_observed_RGI_n75_order_locked,TOC,TOC_mg_L,8,S09,8,-10653.855105022281,-1331.7318881277852
optionC_observed_RGI_n75_order_locked,TOC,TOC_mg_L,8,S10,8,-8116.142575606047,-1014.5178219507559
optionC_observed_RGI_n75_order_locked,TOC,TOC_mg_L,9,S01,5,-9130.484926062183,-1826.0969852124367
optionC_observed_RGI_n75_order_locked,TOC,TOC_mg_L,9,S02,9,-15231.871727306798,-1692.4301919229774
optionC_observed_RGI_n75_order_locked,TOC,TOC_mg_L,9,S03,9,-30202.422207146952,-3355.8246896829946
optionC_observed_RGI_n75_order_locked,TOC,TOC_mg_L,9,S04,8,3866.5787452422146,483.3223431552768
optionC_observed_RGI_n75_order_locked,TOC,TOC_mg_L,9,S05,7,1322.7240960213521,188.96058514590746
optionC_observed_RGI_n75_order_locked,TOC,TOC_mg_L,9,S06,5,-600.9349390621461,-120.18698781242922
optionC_observed_RGI_n75_order_locked,TOC,TOC_mg_L,9,S07,7,11413.657103578866,1630.5224433684093
optionC_observed_RGI_n75_order_locked,TOC,TOC_mg_L,9,S08,9,-19190.056867549323,-2132.228540838814
optionC_observed_RGI_n75_order_locked,TOC,TOC_mg_L,9,S09,8,-11047.471598307351,-1380.9339497884189
optionC_observed_RGI_n75_order_locked,TOC,TOC_mg_L,9,S10,8,-5964.454610207756,-745.5568262759695
optionC_observed_RGI_n75_order_locked,TOC,TOC_mg_L,10,S01,5,-7943.476731562178,-1588.6953463124357
optionC_observed_RGI_n75_order_locked,TOC,TOC_mg_L,10,S02,9,-13443.955030473699,-1493.7727811637442
optionC_observed_RGI_n75_order_locked,TOC,TOC_mg_L,10,S03,9,-29471.985542506733,-3274.6650602785257
optionC_observed_RGI_n75_order_locked,TOC,TOC_mg_L,10,S04,8,2965.0293039235085,370.62866299043856
optionC_observed_RGI_n75_order_locked,TOC,TOC_mg_L,10,S05,7,5873.984047874452,839.1405782677788
optionC_observed_RGI_n75_order_locked,TOC,TOC_mg_L,10,S06,5,-521.3817078966557,-104.27634157933115
optionC_observed_RGI_n75_order_locked,TOC,TOC_mg_L,10,S07,7,9423.961110762863,1346.280158680409
optionC_observed_RGI_n75_order_locked,TOC,TOC_mg_L,10,S08,9,-18921.141089069104,-2102.349009896567
optionC_observed_RGI_n75_order_locked,TOC,TOC_mg_L,10,S09,8,-11978.261108043653,-1497.2826385054566
optionC_observed_RGI_n75_order_locked,TOC,TOC_mg_L,10,S10,8,-3943.489082525306,-492.93613531566325
optionC_observed_RGI_n75_order_locked,SS,SS_mg_L,0,S01,5,230908.6732237037,46181.73464474074
optionC_observed_RGI_n75_order_locked,SS,SS_mg_L,0,S02,9,-62142.63749955554,-6904.7374999506155
optionC_observed_RGI_n75_order_locked,SS,SS_mg_L,0,S03,9,59553.27616711111,6617.0306852345675
optionC_observed_RGI_n75_order_locked,SS,SS_mg_L,0,S04,8,-39749.55691318518,-4968.694614148148
optionC_observed_RGI_n75_order_locked,SS,SS_mg_L,0,S05,7,-45832.12610459258,-6547.446586370368
optionC_observed_RGI_n75_order_locked,SS,SS_mg_L,0,S06,5,13974.948912592594,2794.989782518519
optionC_observed_RGI_n75_order_locked,SS,SS_mg_L,0,S07,7,-35884.41701570369,-5126.345287957671
optionC_observed_RGI_n75_order_locked,SS,SS_mg_L,0,S08,9,-68541.11878844445,-7615.679865382717
optionC_observed_RGI_n75_order_locked,SS,SS_mg_L,0,S09,8,-2131.0958020740654,-266.3869752592582
optionC_observed_RGI_n75_order_locked,SS,SS_mg_L,0,S10,8,-107383.2522020741,-13422.906525259263
optionC_observed_RGI_n75_order_locked,SS,SS_mg_L,1,S01,5,185217.1801679137,37043.43603358274
optionC_observed_RGI_n75_order_locked,SS,SS_mg_L,1,S02,9,64041.999687401345,7115.777743044594
optionC_observed_RGI_n75_order_locked,SS,SS_mg_L,1,S03,9,50385.68923353867,5598.40991483763
optionC_observed_RGI_n75_order_locked,SS,SS_mg_L,1,S04,8,-15178.73999312663,-1897.3424991408287
optionC_observed_RGI_n75_order_locked,SS,SS_mg_L,1,S05,7,41831.84761651465,5975.978230930664
optionC_observed_RGI_n75_order_locked,SS,SS_mg_L,1,S06,5,-18703.945557818348,-3740.7891115636694
optionC_observed_RGI_n75_order_locked,SS,SS_mg_L,1,S07,7,31727.993955120975,4532.570565017282
optionC_observed_RGI_n75_order_locked,SS,SS_mg_L,1,S08,9,-40441.45078202442,-4493.494531336047
optionC_observed_RGI_n75_order_locked,SS,SS_mg_L,1,S09,8,2937.726983343782,367.2158729179728
optionC_observed_RGI_n75_order_locked,SS,SS_mg_L,1,S10,8,-78371.62933342022,-9796.453666677528
optionC_observed_RGI_n75_order_locked,SS,SS_mg_L,2,S01,5,249307.22642836382,49861.445285672766
optionC_observed_RGI_n75_order_locked,SS,SS_mg_L,2,S02,9,53459.11280133381,5939.9014223704235
optionC_observed_RGI_n75_order_locked,SS,SS_mg_L,2,S03,9,53592.30214168863,5954.700237965404
optionC_observed_RGI_n75_order_locked,SS,SS_mg_L,2,S04,8,-21365.568514084327,-2670.696064260541
optionC_observed_RGI_n75_order_locked,SS,SS_mg_L,2,S05,7,18756.997702501743,2679.571100357392
optionC_observed_RGI_n75_order_locked,SS,SS_mg_L,2,S06,5,-3603.4010471007905,-720.6802094201581
optionC_observed_RGI_n75_order_locked,SS,SS_mg_L,2,S07,7,13675.037432934634,1953.5767761335192
optionC_observed_RGI_n75_order_locked,SS,SS_mg_L,2,S08,9,-9096.364026088915,-1010.7071140098794
optionC_observed_RGI_n75_order_locked,SS,SS_mg_L,2,S09,8,-10830.256787807972,-1353.7820984759965
optionC_observed_RGI_n75_order_locked,SS,SS_mg_L,2,S10,8,-93277.66122969508,-11659.707653711885
optionC_observed_RGI_n75_order_locked,SS,SS_mg_L,3,S01,5,211196.05615240664,42239.21123048133
optionC_observed_RGI_n75_order_locked,SS,SS_mg_L,3,S02,9,69110.08069839844,7678.897855377604
optionC_observed_RGI_n75_order_locked,SS,SS_mg_L,3,S03,9,48514.49637523097,5390.4995972478855
optionC_observed_RGI_n75_order_locked,SS,SS_mg_L,3,S04,8,9691.150256297704,1211.393782037213
optionC_observed_RGI_n75_order_locked,SS,SS_mg_L,3,S05,7,3259.803662152548,465.686237450364
optionC_observed_RGI_n75_order_locked,SS,SS_mg_L,3,S06,5,1868.2081525741967,373.64163051483933
optionC_observed_RGI_n75_order_locked,SS,SS_mg_L,3,S07,7,18664.469788038405,2666.352826862629
optionC_observed_RGI_n75_order_locked,SS,SS_mg_L,3,S08,9,-25155.34690587954,-2795.038545097727
optionC_observed_RGI_n75_order_locked,SS,SS_mg_L,3,S09,8,-23907.62145211191,-2988.452681513989
optionC_observed_RGI_n75_order_locked,SS,SS_mg_L,3,S10,8,-107727.32359098535,-13465.91544887317
optionC_observed_RGI_n75_order_locked,SS,SS_mg_L,4,S01,5,189754.07948505337,37950.815897010674
optionC_observed_RGI_n75_order_locked,SS,SS_mg_L,4,S02,9,62585.93190617907,6953.992434019896
optionC_observed_RGI_n75_order_locked,SS,SS_mg_L,4,S03,9,56802.05432192895,6311.339369103216
optionC_observed_RGI_n75_order_locked,SS,SS_mg_L,4,S04,8,15783.849761749654,1972.9812202187068
optionC_observed_RGI_n75_order_locked,SS,SS_mg_L,4,S05,7,-4091.410515290402,-584.4872164700574
optionC_observed_RGI_n75_order_locked,SS,SS_mg_L,4,S06,5,-5821.085378525733,-1164.2170757051467
optionC_observed_RGI_n75_order_locked,SS,SS_mg_L,4,S07,7,23381.84402628525,3340.263432326464
optionC_observed_RGI_n75_order_locked,SS,SS_mg_L,4,S08,9,-29087.23969880087,-3231.9155220889857
optionC_observed_RGI_n75_order_locked,SS,SS_mg_L,4,S09,8,-22541.999308376307,-2817.7499135470384
optionC_observed_RGI_n75_order_locked,SS,SS_mg_L,4,S10,8,-76419.68830744471,-9552.461038430589
optionC_observed_RGI_n75_order_locked,SS,SS_mg_L,5,S01,5,194393.52154503245,38878.70430900649
optionC_observed_RGI_n75_order_locked,SS,SS_mg_L,5,S02,9,70751.67171642337,7861.296857380375
optionC_observed_RGI_n75_order_locked,SS,SS_mg_L,5,S03,9,54110.21240212988,6012.245822458875
optionC_observed_RGI_n75_order_locked,SS,SS_mg_L,5,S04,8,19902.9536886051,2487.8692110756374
optionC_observed_RGI_n75_order_locked,SS,SS_mg_L,5,S05,7,7625.04765119954,1089.2925215999344
optionC_observed_RGI_n75_order_locked,SS,SS_mg_L,5,S06,5,-15539.973749017108,-3107.9947498034217
optionC_observed_RGI_n75_order_locked,SS,SS_mg_L,5,S07,7,19364.161484106768,2766.308783443824
optionC_observed_RGI_n75_order_locked,SS,SS_mg_L,5,S08,9,-16860.074232659583,-1873.3415814066202
optionC_observed_RGI_n75_order_locked,SS,SS_mg_L,5,S09,8,-33217.09504073863,-4152.136880092329
optionC_observed_RGI_n75_order_locked,SS,SS_mg_L,5,S10,8,-82607.00494271405,-10325.875617839256
optionC_observed_RGI_n75_order_locked,SS,SS_mg_L,6,S01,5,174054.35619856295,34810.87123971259
optionC_observed_RGI_n75_order_locked,SS,SS_mg_L,6,S02,9,67490.88229883117,7498.986922092353
optionC_observed_RGI_n75_order_locked,SS,SS_mg_L,6,S03,9,46651.27851364982,5183.475390405536
optionC_observed_RGI_n75_order_locked,SS,SS_mg_L,6,S04,8,11140.387451290631,1392.548431411329
optionC_observed_RGI_n75_order_locked,SS,SS_mg_L,6,S05,7,43759.48775020412,6251.355392886303
optionC_observed_RGI_n75_order_locked,SS,SS_mg_L,6,S06,5,-27109.167186878643,-5421.833437375729
optionC_observed_RGI_n75_order_locked,SS,SS_mg_L,6,S07,7,24128.729716426536,3446.9613880609336
optionC_observed_RGI_n75_order_locked,SS,SS_mg_L,6,S08,9,-12572.337098550908,-1396.9263442834342
optionC_observed_RGI_n75_order_locked,SS,SS_mg_L,6,S09,8,-14461.24251030001,-1807.6553137875012
optionC_observed_RGI_n75_order_locked,SS,SS_mg_L,6,S10,8,-92791.13243474983,-11598.891554343729
optionC_observed_RGI_n75_order_locked,SS,SS_mg_L,7,S01,5,150705.6076255829,30141.121525116578
optionC_observed_RGI_n75_order_locked,SS,SS_mg_L,7,S02,9,49787.385043884045,5531.931671542672
optionC_observed_RGI_n75_order_locked,SS,SS_mg_L,7,S03,9,40066.608250563746,4451.84536117375
optionC_observed_RGI_n75_order_locked,SS,SS_mg_L,7,S04,8,-830.8779591379425,-103.85974489224282
optionC_observed_RGI_n75_order_locked,SS,SS_mg_L,7,S05,7,20648.08338287326,2949.726197553323
optionC_observed_RGI_n75_order_locked,SS,SS_mg_L,7,S06,5,-27941.87049560719,-5588.374099121438
optionC_observed_RGI_n75_order_locked,SS,SS_mg_L,7,S07,7,10323.933309913542,1474.8476157019345
optionC_observed_RGI_n75_order_locked,SS,SS_mg_L,7,S08,9,-25448.363856917455,-2827.5959841019394
optionC_observed_RGI_n75_order_locked,SS,SS_mg_L,7,S09,8,-8923.476590526501,-1115.4345738158127
optionC_observed_RGI_n75_order_locked,SS,SS_mg_L,7,S10,8,-61361.32753123837,-7670.165941404796
optionC_observed_RGI_n75_order_locked,SS,SS_mg_L,8,S01,5,143794.0451151374,28758.809023027483
optionC_observed_RGI_n75_order_locked,SS,SS_mg_L,8,S02,9,42511.416903575184,4723.4907670639095
optionC_observed_RGI_n75_order_locked,SS,SS_mg_L,8,S03,9,41922.350395602974,4658.0389328447745
optionC_observed_RGI_n75_order_locked,SS,SS_mg_L,8,S04,8,-2286.6255382254803,-285.82819227818504
optionC_observed_RGI_n75_order_locked,SS,SS_mg_L,8,S05,7,34830.770834454335,4975.8244049220475
optionC_observed_RGI_n75_order_locked,SS,SS_mg_L,8,S06,5,-22968.756624329835,-4593.751324865967
optionC_observed_RGI_n75_order_locked,SS,SS_mg_L,8,S07,7,8251.966382354665,1178.8523403363808
optionC_observed_RGI_n75_order_locked,SS,SS_mg_L,8,S08,9,-20609.12795261734,-2289.903105846371
optionC_observed_RGI_n75_order_locked,SS,SS_mg_L,8,S09,8,-17557.365493028163,-2194.6706866285203
optionC_observed_RGI_n75_order_locked,SS,SS_mg_L,8,S10,8,-52993.585851452284,-6624.1982314315355
optionC_observed_RGI_n75_order_locked,SS,SS_mg_L,9,S01,5,134655.6903784266,26931.13807568532
optionC_observed_RGI_n75_order_locked,SS,SS_mg_L,9,S02,9,42598.34058723693,4733.148954137437
optionC_observed_RGI_n75_order_locked,SS,SS_mg_L,9,S03,9,62610.420159395944,6956.7133510439935
optionC_observed_RGI_n75_order_locked,SS,SS_mg_L,9,S04,8,4644.860526108767,580.6075657635959
optionC_observed_RGI_n75_order_locked,SS,SS_mg_L,9,S05,7,51163.21199537164,7309.030285053092
optionC_observed_RGI_n75_order_locked,SS,SS_mg_L,9,S06,5,-19207.439780437584,-3841.487956087517
optionC_observed_RGI_n75_order_locked,SS,SS_mg_L,9,S07,7,7983.489010544031,1140.4984300777187
optionC_observed_RGI_n75_order_locked,SS,SS_mg_L,9,S08,9,-19063.16115030483,-2118.129016700537
optionC_observed_RGI_n75_order_locked,SS,SS_mg_L,9,S09,8,-9303.935358867144,-1162.991919858393
optionC_observed_RGI_n75_order_locked,SS,SS_mg_L,9,S10,8,-49791.411165896716,-6223.9263957370895
optionC_observed_RGI_n75_order_locked,SS,SS_mg_L,10,S01,5,133002.18476877225,26600.436953754448
optionC_observed_RGI_n75_order_locked,SS,SS_mg_L,10,S02,9,25297.909943851846,2810.878882650205
optionC_observed_RGI_n75_order_locked,SS,SS_mg_L,10,S03,9,64617.16103044258,7179.684558938065
optionC_observed_RGI_n75_order_locked,SS,SS_mg_L,10,S04,8,5418.325242323318,677.2906552904147
optionC_observed_RGI_n75_order_locked,SS,SS_mg_L,10,S05,7,39159.42391786642,5594.203416838061
optionC_observed_RGI_n75_order_locked,SS,SS_mg_L,10,S06,5,-14577.3754003657,-2915.47508007314
optionC_observed_RGI_n75_order_locked,SS,SS_mg_L,10,S07,7,2570.5589411500296,367.22270587857565
optionC_observed_RGI_n75_order_locked,SS,SS_mg_L,10,S08,9,-19964.589559184,-2218.2877287982224
optionC_observed_RGI_n75_order_locked,SS,SS_mg_L,10,S09,8,-4551.758839843686,-568.9698549804607
optionC_observed_RGI_n75_order_locked,SS,SS_mg_L,10,S10,8,-42843.79422538247,-5355.474278172809
optionC_observed_RGI_n75_order_locked,Air temperature,air_temp_avg_C,0,S01,5,260165.6420362391,52033.128407247816
optionC_observed_RGI_n75_order_locked,Air temperature,air_temp_avg_C,0,S02,9,6925.466491213612,769.4962768015125
optionC_observed_RGI_n75_order_locked,Air temperature,air_temp_avg_C,0,S03,9,-106985.02966263238,-11887.225518070265
optionC_observed_RGI_n75_order_locked,Air temperature,air_temp_avg_C,0,S04,8,-126837.0026456068,-15854.62533070085
optionC_observed_RGI_n75_order_locked,Air temperature,air_temp_avg_C,0,S05,7,3494.4867611623995,499.21239445177133
optionC_observed_RGI_n75_order_locked,Air temperature,air_temp_avg_C,0,S06,5,92357.54296957266,18471.508593914532
optionC_observed_RGI_n75_order_locked,Air temperature,air_temp_avg_C,0,S07,7,-8983.93687644443,-1283.4195537777757
optionC_observed_RGI_n75_order_locked,Air temperature,air_temp_avg_C,0,S08,9,-37614.258431863185,-4179.362047984799
optionC_observed_RGI_n75_order_locked,Air temperature,air_temp_avg_C,0,S09,8,139914.33905353848,17489.29238169231
optionC_observed_RGI_n75_order_locked,Air temperature,air_temp_avg_C,0,S10,8,17507.784274051308,2188.4730342564135
optionC_observed_RGI_n75_order_locked,Air temperature,air_temp_avg_C,1,S01,5,224622.67280909538,44924.53456181908
optionC_observed_RGI_n75_order_locked,Air temperature,air_temp_avg_C,1,S02,9,-14856.143971200843,-1650.6826634667605
optionC_observed_RGI_n75_order_locked,Air temperature,air_temp_avg_C,1,S03,9,-146387.7598114598,-16265.306645717756
optionC_observed_RGI_n75_order_locked,Air temperature,air_temp_avg_C,1,S04,8,-125463.75202808852,-15682.969003511065
optionC_observed_RGI_n75_order_locked,Air temperature,air_temp_avg_C,1,S05,7,159507.5604890847,22786.794355583526
optionC_observed_RGI_n75_order_locked,Air temperature,air_temp_avg_C,1,S06,5,20238.91007304165,4047.78201460833
optionC_observed_RGI_n75_order_locked,Air temperature,air_temp_avg_C,1,S07,7,-1971.8293737907443,-281.6899105415349
optionC_observed_RGI_n75_order_locked,Air temperature,air_temp_avg_C,1,S08,9,-75000.35501761391,-8333.372779734878
optionC_observed_RGI_n75_order_locked,Air temperature,air_temp_avg_C,1,S09,8,1485.2391319983835,185.65489149979794
optionC_observed_RGI_n75_order_locked,Air temperature,air_temp_avg_C,1,S10,8,-3754.0424718234117,-469.25530897792646
optionC_observed_RGI_n75_order_locked,Air temperature,air_temp_avg_C,2,S01,5,268140.86342080985,53628.17268416197
optionC_observed_RGI_n75_order_locked,Air temperature,air_temp_avg_C,2,S02,9,-56628.18710023295,-6292.020788914772
optionC_observed_RGI_n75_order_locked,Air temperature,air_temp_avg_C,2,S03,9,-81133.28940651927,-9014.809934057696
optionC_observed_RGI_n75_order_locked,Air temperature,air_temp_avg_C,2,S04,8,-132008.75901705126,-16501.094877131407
optionC_observed_RGI_n75_order_locked,Air temperature,air_temp_avg_C,2,S05,7,84582.00280652859,12083.143258075512
optionC_observed_RGI_n75_order_locked,Air temperature,air_temp_avg_C,2,S06,5,20707.42422541185,4141.48484508237
optionC_observed_RGI_n75_order_locked,Air temperature,air_temp_avg_C,2,S07,7,-17797.164090047696,-2542.4520128639565
optionC_observed_RGI_n75_order_locked,Air temperature,air_temp_avg_C,2,S08,9,-49639.49243471534,-5515.499159412816
optionC_observed_RGI_n75_order_locked,Air temperature,air_temp_avg_C,2,S09,8,22338.562066449063,2792.320258306133
optionC_observed_RGI_n75_order_locked,Air temperature,air_temp_avg_C,2,S10,8,3247.6649466533054,405.9581183316632
optionC_observed_RGI_n75_order_locked,Air temperature,air_temp_avg_C,3,S01,5,282692.58526635,56538.51705327
optionC_observed_RGI_n75_order_locked,Air temperature,air_temp_avg_C,3,S02,9,-57798.12903733462,-6422.014337481624
optionC_observed_RGI_n75_order_locked,Air temperature,air_temp_avg_C,3,S03,9,-77197.42740218516,-8577.49193357613
optionC_observed_RGI_n75_order_locked,Air temperature,air_temp_avg_C,3,S04,8,-17538.376116669533,-2192.2970145836916
optionC_observed_RGI_n75_order_locked,Air temperature,air_temp_avg_C,3,S05,7,92137.19881505665,13162.456973579521
optionC_observed_RGI_n75_order_locked,Air temperature,air_temp_avg_C,3,S06,5,17348.239278276593,3469.6478556553184
optionC_observed_RGI_n75_order_locked,Air temperature,air_temp_avg_C,3,S07,7,-3344.5624037478774,-477.79462910683964
optionC_observed_RGI_n75_order_locked,Air temperature,air_temp_avg_C,3,S08,9,-20253.431160245487,-2250.3812400272764
optionC_observed_RGI_n75_order_locked,Air temperature,air_temp_avg_C,3,S09,8,-19111.3902031099,-2388.9237753887373
optionC_observed_RGI_n75_order_locked,Air temperature,air_temp_avg_C,3,S10,8,-39651.62396682495,-4956.452995853118
optionC_observed_RGI_n75_order_locked,Air temperature,air_temp_avg_C,4,S01,5,261723.68679598504,52344.73735919701
optionC_observed_RGI_n75_order_locked,Air temperature,air_temp_avg_C,4,S02,9,-67669.5415826924,-7518.837953632489
optionC_observed_RGI_n75_order_locked,Air temperature,air_temp_avg_C,4,S03,9,-59630.12931990153,-6625.569924433503
optionC_observed_RGI_n75_order_locked,Air temperature,air_temp_avg_C,4,S04,8,-35848.4415635005,-4481.055195437562
optionC_observed_RGI_n75_order_locked,Air temperature,air_temp_avg_C,4,S05,7,66452.06596064348,9493.152280091925
optionC_observed_RGI_n75_order_locked,Air temperature,air_temp_avg_C,4,S06,5,-6794.223534942641,-1358.8447069885283
optionC_observed_RGI_n75_order_locked,Air temperature,air_temp_avg_C,4,S07,7,1273.9248703332923,181.98926719047034
optionC_observed_RGI_n75_order_locked,Air temperature,air_temp_avg_C,4,S08,9,-25747.072695375242,-2860.7858550416936
optionC_observed_RGI_n75_order_locked,Air temperature,air_temp_avg_C,4,S09,8,-121.54980924261145,-15.19372615532643
optionC_observed_RGI_n75_order_locked,Air temperature,air_temp_avg_C,4,S10,8,-31907.906903003,-3988.488362875375
optionC_observed_RGI_n75_order_locked,Air temperature,air_temp_avg_C,5,S01,5,262492.69543226884,52498.53908645377
optionC_observed_RGI_n75_order_locked,Air temperature,air_temp_avg_C,5,S02,9,-94000.53597675989,-10444.503997417765
optionC_observed_RGI_n75_order_locked,Air temperature,air_temp_avg_C,5,S03,9,-63215.75702146874,-7023.973002385415
optionC_observed_RGI_n75_order_locked,Air temperature,air_temp_avg_C,5,S04,8,-55730.92849906259,-6966.366062382824
optionC_observed_RGI_n75_order_locked,Air temperature,air_temp_avg_C,5,S05,7,60531.909937030585,8647.415705290083
optionC_observed_RGI_n75_order_locked,Air temperature,air_temp_avg_C,5,S06,5,-7701.676532320802,-1540.3353064641603
optionC_observed_RGI_n75_order_locked,Air temperature,air_temp_avg_C,5,S07,7,-20151.90427513496,-2878.843467876423
optionC_observed_RGI_n75_order_locked,Air temperature,air_temp_avg_C,5,S08,9,-17781.266439699397,-1975.6962710777107
optionC_observed_RGI_n75_order_locked,Air temperature,air_temp_avg_C,5,S09,8,-9530.489739480929,-1191.311217435116
optionC_observed_RGI_n75_order_locked,Air temperature,air_temp_avg_C,5,S10,8,-36209.693198575325,-4526.211649821916
optionC_observed_RGI_n75_order_locked,Air temperature,air_temp_avg_C,6,S01,5,184348.25952676235,36869.65190535247
optionC_observed_RGI_n75_order_locked,Air temperature,air_temp_avg_C,6,S02,9,-131330.61031794097,-14592.290035326774
optionC_observed_RGI_n75_order_locked,Air temperature,air_temp_avg_C,6,S03,9,-60365.66902146672,-6707.296557940746
optionC_observed_RGI_n75_order_locked,Air temperature,air_temp_avg_C,6,S04,8,-86671.4141327174,-10833.926766589675
optionC_observed_RGI_n75_order_locked,Air temperature,air_temp_avg_C,6,S05,7,52893.62527481391,7556.232182116272
optionC_observed_RGI_n75_order_locked,Air temperature,air_temp_avg_C,6,S06,5,-22201.246552147386,-4440.249310429477
optionC_observed_RGI_n75_order_locked,Air temperature,air_temp_avg_C,6,S07,7,-20520.611370016475,-2931.5159100023534
optionC_observed_RGI_n75_order_locked,Air temperature,air_temp_avg_C,6,S08,9,-37041.61931690116,-4115.735479655685
optionC_observed_RGI_n75_order_locked,Air temperature,air_temp_avg_C,6,S09,8,4882.956419735041,610.3695524668801
optionC_observed_RGI_n75_order_locked,Air temperature,air_temp_avg_C,6,S10,8,-37643.83621021366,-4705.4795262767075
optionC_observed_RGI_n75_order_locked,Air temperature,air_temp_avg_C,7,S01,5,194843.2543327136,38968.650866542725
optionC_observed_RGI_n75_order_locked,Air temperature,air_temp_avg_C,7,S02,9,-93995.65211079225,-10443.961345643584
optionC_observed_RGI_n75_order_locked,Air temperature,air_temp_avg_C,7,S03,9,-61818.93255812266,-6868.770284235851
optionC_observed_RGI_n75_order_locked,Air temperature,air_temp_avg_C,7,S04,8,-66038.98790481534,-8254.873488101917
optionC_observed_RGI_n75_order_locked,Air temperature,air_temp_avg_C,7,S05,7,44192.64366405249,6313.234809150356
optionC_observed_RGI_n75_order_locked,Air temperature,air_temp_avg_C,7,S06,5,-15665.218370896446,-3133.043674179289
optionC_observed_RGI_n75_order_locked,Air temperature,air_temp_avg_C,7,S07,7,-22316.0593605944,-3188.0084800849145
optionC_observed_RGI_n75_order_locked,Air temperature,air_temp_avg_C,7,S08,9,-36120.49025266823,-4013.3878058520254
optionC_observed_RGI_n75_order_locked,Air temperature,air_temp_avg_C,7,S09,8,64029.45046266397,8003.681307832996
optionC_observed_RGI_n75_order_locked,Air temperature,air_temp_avg_C,7,S10,8,-29115.991218761847,-3639.498902345231
optionC_observed_RGI_n75_order_locked,Air temperature,air_temp_avg_C,8,S01,5,201730.18825051136,40346.03765010227
optionC_observed_RGI_n75_order_locked,Air temperature,air_temp_avg_C,8,S02,9,-102546.109567924,-11394.012174213778
optionC_observed_RGI_n75_order_locked,Air temperature,air_temp_avg_C,8,S03,9,-53688.71960190364,-5965.413289100405
optionC_observed_RGI_n75_order_locked,Air temperature,air_temp_avg_C,8,S04,8,-52831.92494573539,-6603.990618216923
optionC_observed_RGI_n75_order_locked,Air temperature,air_temp_avg_C,8,S05,7,47513.254810023136,6787.607830003305
optionC_observed_RGI_n75_order_locked,Air temperature,air_temp_avg_C,8,S06,5,-8589.019670206953,-1717.8039340413907
optionC_observed_RGI_n75_order_locked,Air temperature,air_temp_avg_C,8,S07,7,-15227.560750889024,-2175.3658215555747
optionC_observed_RGI_n75_order_locked,Air temperature,air_temp_avg_C,8,S08,9,-28590.38149837481,-3176.7090553749786
optionC_observed_RGI_n75_order_locked,Air temperature,air_temp_avg_C,8,S09,8,64965.43843973875,8120.679804967343
optionC_observed_RGI_n75_order_locked,Air temperature,air_temp_avg_C,8,S10,8,-20077.960802517282,-2509.7451003146602
optionC_observed_RGI_n75_order_locked,Air temperature,air_temp_avg_C,9,S01,5,168432.9575987258,33686.59151974516
optionC_observed_RGI_n75_order_locked,Air temperature,air_temp_avg_C,9,S02,9,-97476.68906518524,-10830.743229465028
optionC_observed_RGI_n75_order_locked,Air temperature,air_temp_avg_C,9,S03,9,9051.899799047736,1005.7666443386374
optionC_observed_RGI_n75_order_locked,Air temperature,air_temp_avg_C,9,S04,8,-27130.409397140018,-3391.3011746425022
optionC_observed_RGI_n75_order_locked,Air temperature,air_temp_avg_C,9,S05,7,79093.72178282289,11299.10311183184
optionC_observed_RGI_n75_order_locked,Air temperature,air_temp_avg_C,9,S06,5,3050.4268185931296,610.0853637186259
optionC_observed_RGI_n75_order_locked,Air temperature,air_temp_avg_C,9,S07,7,-7614.448108857482,-1087.7783012653547
optionC_observed_RGI_n75_order_locked,Air temperature,air_temp_avg_C,9,S08,9,-25357.848166908698,-2817.5386852120773
optionC_observed_RGI_n75_order_locked,Air temperature,air_temp_avg_C,9,S09,8,68682.25957458882,8585.282446823603
optionC_observed_RGI_n75_order_locked,Air temperature,air_temp_avg_C,9,S10,8,432.40932547342527,54.05116568417816
optionC_observed_RGI_n75_order_locked,Air temperature,air_temp_avg_C,10,S01,5,158246.41386088234,31649.28277217647
optionC_observed_RGI_n75_order_locked,Air temperature,air_temp_avg_C,10,S02,9,-86226.62644593,-9580.73627177
optionC_observed_RGI_n75_order_locked,Air temperature,air_temp_avg_C,10,S03,9,3527.555470242733,391.95060780474813
optionC_observed_RGI_n75_order_locked,Air temperature,air_temp_avg_C,10,S04,8,-24264.661305238864,-3033.082663154858
optionC_observed_RGI_n75_order_locked,Air temperature,air_temp_avg_C,10,S05,7,75458.5765835681,10779.796654795442
optionC_observed_RGI_n75_order_locked,Air temperature,air_temp_avg_C,10,S06,5,6455.05337840691,1291.010675681382
optionC_observed_RGI_n75_order_locked,Air temperature,air_temp_avg_C,10,S07,7,-18241.30101078954,-2605.9001443985057
optionC_observed_RGI_n75_order_locked,Air temperature,air_temp_avg_C,10,S08,9,-20900.246749233855,-2322.2496388037616
optionC_observed_RGI_n75_order_locked,Air temperature,air_temp_avg_C,10,S09,8,66941.72729486512,8367.71591185814
optionC_observed_RGI_n75_order_locked,Air temperature,air_temp_avg_C,10,S10,8,4604.126385934524,575.5157982418154
optionC_observed_RGI_n75_order_locked,Humidity,humidity_avg_pct,0,S01,5,119755.04650940129,23951.009301880258
optionC_observed_RGI_n75_order_locked,Humidity,humidity_avg_pct,0,S02,9,-93108.68659692336,-10345.409621880373
optionC_observed_RGI_n75_order_locked,Humidity,humidity_avg_pct,0,S03,9,-75820.65557128176,-8424.517285697973
optionC_observed_RGI_n75_order_locked,Humidity,humidity_avg_pct,0,S04,8,-275854.26588102576,-34481.78323512822
optionC_observed_RGI_n75_order_locked,Humidity,humidity_avg_pct,0,S05,7,-37662.18172923084,-5380.3116756044055
optionC_observed_RGI_n75_order_locked,Humidity,humidity_avg_pct,0,S06,5,138090.69448205145,27618.138896410288
optionC_observed_RGI_n75_order_locked,Humidity,humidity_avg_pct,0,S07,7,-47243.864748034204,-6749.123535433458
optionC_observed_RGI_n75_order_locked,Humidity,humidity_avg_pct,0,S08,9,-185184.75549948716,-20576.08394438746
optionC_observed_RGI_n75_order_locked,Humidity,humidity_avg_pct,0,S09,8,276062.7980164103,34507.84975205129
optionC_observed_RGI_n75_order_locked,Humidity,humidity_avg_pct,0,S10,8,8305.847274529966,1038.2309093162457
optionC_observed_RGI_n75_order_locked,Humidity,humidity_avg_pct,1,S01,5,193444.1659914554,38688.83319829108
optionC_observed_RGI_n75_order_locked,Humidity,humidity_avg_pct,1,S02,9,120102.04709767696,13344.671899741885
optionC_observed_RGI_n75_order_locked,Humidity,humidity_avg_pct,1,S03,9,-119667.35454398533,-13296.372727109481
optionC_observed_RGI_n75_order_locked,Humidity,humidity_avg_pct,1,S04,8,-96871.35872146525,-12108.919840183156
optionC_observed_RGI_n75_order_locked,Humidity,humidity_avg_pct,1,S05,7,230276.5607240919,32896.65153201313
optionC_observed_RGI_n75_order_locked,Humidity,humidity_avg_pct,1,S06,5,61402.056033316294,12280.411206663259
optionC_observed_RGI_n75_order_locked,Humidity,humidity_avg_pct,1,S07,7,116206.71476603931,16600.95925229133
optionC_observed_RGI_n75_order_locked,Humidity,humidity_avg_pct,1,S08,9,-162945.7277685326,-18105.08086317029
optionC_observed_RGI_n75_order_locked,Humidity,humidity_avg_pct,1,S09,8,70488.22521483625,8811.02815185453
optionC_observed_RGI_n75_order_locked,Humidity,humidity_avg_pct,1,S10,8,-73172.02681760199,-9146.503352200249
optionC_observed_RGI_n75_order_locked,Humidity,humidity_avg_pct,2,S01,5,321937.546683328,64387.5093366656
optionC_observed_RGI_n75_order_locked,Humidity,humidity_avg_pct,2,S02,9,86116.64345445645,9568.515939384051
optionC_observed_RGI_n75_order_locked,Humidity,humidity_avg_pct,2,S03,9,-6291.870244589605,-699.0966938432895
optionC_observed_RGI_n75_order_locked,Humidity,humidity_avg_pct,2,S04,8,-108275.44351716217,-13534.430439645272
optionC_observed_RGI_n75_order_locked,Humidity,humidity_avg_pct,2,S05,7,32204.392629678372,4600.627518525482
optionC_observed_RGI_n75_order_locked,Humidity,humidity_avg_pct,2,S06,5,34380.66481778777,6876.132963557555
optionC_observed_RGI_n75_order_locked,Humidity,humidity_avg_pct,2,S07,7,89814.27940966422,12830.611344237745
optionC_observed_RGI_n75_order_locked,Humidity,humidity_avg_pct,2,S08,9,-128740.43811544242,-14304.493123938046
optionC_observed_RGI_n75_order_locked,Humidity,humidity_avg_pct,2,S09,8,41300.49986318161,5162.562482897702
optionC_observed_RGI_n75_order_locked,Humidity,humidity_avg_pct,2,S10,8,-67624.76262444793,-8453.095328055992
optionC_observed_RGI_n75_order_locked,Humidity,humidity_avg_pct,3,S01,5,278483.96672335535,55696.79334467107
optionC_observed_RGI_n75_order_locked,Humidity,humidity_avg_pct,3,S02,9,96952.85089225648,10772.538988028498
optionC_observed_RGI_n75_order_locked,Humidity,humidity_avg_pct,3,S03,9,-10368.836353657847,-1152.0929281842052
optionC_observed_RGI_n75_order_locked,Humidity,humidity_avg_pct,3,S04,8,1358.9119850281058,169.86399812851323
optionC_observed_RGI_n75_order_locked,Humidity,humidity_avg_pct,3,S05,7,61762.476945696646,8823.210992242379
optionC_observed_RGI_n75_order_locked,Humidity,humidity_avg_pct,3,S06,5,12457.39877372118,2491.479754744236
optionC_observed_RGI_n75_order_locked,Humidity,humidity_avg_pct,3,S07,7,96386.36461070844,13769.480658672634
optionC_observed_RGI_n75_order_locked,Humidity,humidity_avg_pct,3,S08,9,-137420.84479388682,-15268.982754876313
optionC_observed_RGI_n75_order_locked,Humidity,humidity_avg_pct,3,S09,8,10357.900253007367,1294.7375316259208
optionC_observed_RGI_n75_order_locked,Humidity,humidity_avg_pct,3,S10,8,-117797.3441112579,-14724.668013907238
optionC_observed_RGI_n75_order_locked,Humidity,humidity_avg_pct,4,S01,5,216955.48284675332,43391.096569350666
optionC_observed_RGI_n75_order_locked,Humidity,humidity_avg_pct,4,S02,9,37997.187994199965,4221.909777133329
optionC_observed_RGI_n75_order_locked,Humidity,humidity_avg_pct,4,S03,9,42320.94945675568,4702.327717417298
optionC_observed_RGI_n75_order_locked,Humidity,humidity_avg_pct,4,S04,8,-7058.192286844234,-882.2740358555293
optionC_observed_RGI_n75_order_locked,Humidity,humidity_avg_pct,4,S05,7,27696.894730374108,3956.6992471963013
optionC_observed_RGI_n75_order_locked,Humidity,humidity_avg_pct,4,S06,5,-1495.3050011386708,-299.06100022773416
optionC_observed_RGI_n75_order_locked,Humidity,humidity_avg_pct,4,S07,7,89359.70248979519,12765.671784256456
optionC_observed_RGI_n75_order_locked,Humidity,humidity_avg_pct,4,S08,9,-150582.6332301972,-16731.403692244134
optionC_observed_RGI_n75_order_locked,Humidity,humidity_avg_pct,4,S09,8,14541.950356923167,1817.743794615396
optionC_observed_RGI_n75_order_locked,Humidity,humidity_avg_pct,4,S10,8,-105278.88770973092,-13159.860963716364
optionC_observed_RGI_n75_order_locked,Humidity,humidity_avg_pct,5,S01,5,252631.46020498627,50526.29204099726
optionC_observed_RGI_n75_order_locked,Humidity,humidity_avg_pct,5,S02,9,17800.941780375997,1977.8824200417776
optionC_observed_RGI_n75_order_locked,Humidity,humidity_avg_pct,5,S03,9,3862.954648182762,429.217183131418
optionC_observed_RGI_n75_order_locked,Humidity,humidity_avg_pct,5,S04,8,-62080.46643778957,-7760.058304723696
optionC_observed_RGI_n75_order_locked,Humidity,humidity_avg_pct,5,S05,7,19396.350008737485,2770.907144105355
optionC_observed_RGI_n75_order_locked,Humidity,humidity_avg_pct,5,S06,5,-12591.829102444179,-2518.3658204888357
optionC_observed_RGI_n75_order_locked,Humidity,humidity_avg_pct,5,S07,7,58666.42030691616,8380.917186702309
optionC_observed_RGI_n75_order_locked,Humidity,humidity_avg_pct,5,S08,9,-153051.1242327916,-17005.680470310177
optionC_observed_RGI_n75_order_locked,Humidity,humidity_avg_pct,5,S09,8,-1601.7673184444739,-200.22091480555923
optionC_observed_RGI_n75_order_locked,Humidity,humidity_avg_pct,5,S10,8,-121136.60171462105,-15142.075214327631
optionC_observed_RGI_n75_order_locked,Humidity,humidity_avg_pct,6,S01,5,163767.9235100507,32753.58470201014
optionC_observed_RGI_n75_order_locked,Humidity,humidity_avg_pct,6,S02,9,-14287.28158057082,-1587.4757311745354
optionC_observed_RGI_n75_order_locked,Humidity,humidity_avg_pct,6,S03,9,4450.140174541604,494.4600193935116
optionC_observed_RGI_n75_order_locked,Humidity,humidity_avg_pct,6,S04,8,-91022.87838619502,-11377.859798274378
optionC_observed_RGI_n75_order_locked,Humidity,humidity_avg_pct,6,S05,7,6127.389591680887,875.3413702401267
optionC_observed_RGI_n75_order_locked,Humidity,humidity_avg_pct,6,S06,5,-12622.954751011699,-2524.5909502023396
optionC_observed_RGI_n75_order_locked,Humidity,humidity_avg_pct,6,S07,7,58206.888161298164,8315.26973732831
optionC_observed_RGI_n75_order_locked,Humidity,humidity_avg_pct,6,S08,9,-178984.9144613519,-19887.21271792799
optionC_observed_RGI_n75_order_locked,Humidity,humidity_avg_pct,6,S09,8,1059.3166709532488,132.4145838691561
optionC_observed_RGI_n75_order_locked,Humidity,humidity_avg_pct,6,S10,8,-136712.80790460831,-17089.10098807604
optionC_observed_RGI_n75_order_locked,Humidity,humidity_avg_pct,7,S01,5,150895.9363109752,30179.18726219504
optionC_observed_RGI_n75_order_locked,Humidity,humidity_avg_pct,7,S02,9,-16134.36062009571,-1792.70673556619
optionC_observed_RGI_n75_order_locked,Humidity,humidity_avg_pct,7,S03,9,1165.5395704189978,129.50439671322198
optionC_observed_RGI_n75_order_locked,Humidity,humidity_avg_pct,7,S04,8,-89493.89547853703,-11186.736934817129
optionC_observed_RGI_n75_order_locked,Humidity,humidity_avg_pct,7,S05,7,-6368.926945796735,-909.8467065423907
optionC_observed_RGI_n75_order_locked,Humidity,humidity_avg_pct,7,S06,5,-10722.20451679549,-2144.440903359098
optionC_observed_RGI_n75_order_locked,Humidity,humidity_avg_pct,7,S07,7,45165.77457176994,6452.253510252849
optionC_observed_RGI_n75_order_locked,Humidity,humidity_avg_pct,7,S08,9,-171182.89866657005,-19020.32207406334
optionC_observed_RGI_n75_order_locked,Humidity,humidity_avg_pct,7,S09,8,53166.91569799556,6645.864462249445
optionC_observed_RGI_n75_order_locked,Humidity,humidity_avg_pct,7,S10,8,-86860.02849078705,-10857.503561348381
optionC_observed_RGI_n75_order_locked,Humidity,humidity_avg_pct,8,S01,5,138658.0471084545,27731.609421690904
optionC_observed_RGI_n75_order_locked,Humidity,humidity_avg_pct,8,S02,9,-60112.4405346873,-6679.1600594097
optionC_observed_RGI_n75_order_locked,Humidity,humidity_avg_pct,8,S03,9,32176.447748607414,3575.160860956379
optionC_observed_RGI_n75_order_locked,Humidity,humidity_avg_pct,8,S04,8,-57803.00321888285,-7225.375402360356
optionC_observed_RGI_n75_order_locked,Humidity,humidity_avg_pct,8,S05,7,-17546.711848308027,-2506.673121186861
optionC_observed_RGI_n75_order_locked,Humidity,humidity_avg_pct,8,S06,5,9033.624348840285,1806.724869768057
optionC_observed_RGI_n75_order_locked,Humidity,humidity_avg_pct,8,S07,7,25496.583378960837,3642.3690541372625
optionC_observed_RGI_n75_order_locked,Humidity,humidity_avg_pct,8,S08,9,-154357.96870244376,-17150.88541138264
optionC_observed_RGI_n75_order_locked,Humidity,humidity_avg_pct,8,S09,8,64966.37847602859,8120.797309503574
optionC_observed_RGI_n75_order_locked,Humidity,humidity_avg_pct,8,S10,8,-62721.9381354331,-7840.242266929137
optionC_observed_RGI_n75_order_locked,Humidity,humidity_avg_pct,9,S01,5,53645.69539519161,10729.139079038321
optionC_observed_RGI_n75_order_locked,Humidity,humidity_avg_pct,9,S02,9,-53232.5619159478,-5914.729101771978
optionC_observed_RGI_n75_order_locked,Humidity,humidity_avg_pct,9,S03,9,69715.4777252525,7746.164191694722
optionC_observed_RGI_n75_order_locked,Humidity,humidity_avg_pct,9,S04,8,-38797.02130823344,-4849.62766352918
optionC_observed_RGI_n75_order_locked,Humidity,humidity_avg_pct,9,S05,7,1859.7885541417345,265.6840791631049
optionC_observed_RGI_n75_order_locked,Humidity,humidity_avg_pct,9,S06,5,12311.070217362336,2462.214043472467
optionC_observed_RGI_n75_order_locked,Humidity,humidity_avg_pct,9,S07,7,42004.041302100544,6000.577328871506
optionC_observed_RGI_n75_order_locked,Humidity,humidity_avg_pct,9,S08,9,-133930.0347454453,-14881.114971716144
optionC_observed_RGI_n75_order_locked,Humidity,humidity_avg_pct,9,S09,8,91953.45513135093,11494.181891418866
optionC_observed_RGI_n75_order_locked,Humidity,humidity_avg_pct,9,S10,8,-32336.74656935749,-4042.093321169686
optionC_observed_RGI_n75_order_locked,Humidity,humidity_avg_pct,10,S01,5,88918.59831125956,17783.71966225191
optionC_observed_RGI_n75_order_locked,Humidity,humidity_avg_pct,10,S02,9,-38062.896693672476,-4229.210743741386
optionC_observed_RGI_n75_order_locked,Humidity,humidity_avg_pct,10,S03,9,73789.48232798075,8198.831369775638
optionC_observed_RGI_n75_order_locked,Humidity,humidity_avg_pct,10,S04,8,-30567.87791992672,-3820.98473999084
optionC_observed_RGI_n75_order_locked,Humidity,humidity_avg_pct,10,S05,7,-12605.720801484054,-1800.817257354865
optionC_observed_RGI_n75_order_locked,Humidity,humidity_avg_pct,10,S06,5,18381.493103318146,3676.298620663629
optionC_observed_RGI_n75_order_locked,Humidity,humidity_avg_pct,10,S07,7,34640.87232562489,4948.696046517842
optionC_observed_RGI_n75_order_locked,Humidity,humidity_avg_pct,10,S08,9,-135579.84559453832,-15064.427288282035
optionC_observed_RGI_n75_order_locked,Humidity,humidity_avg_pct,10,S09,8,97068.90520094897,12133.613150118621
optionC_observed_RGI_n75_order_locked,Humidity,humidity_avg_pct,10,S10,8,-26511.065112913584,-3313.883139114198
optionC_observed_RGI_n75_order_locked,Precipitation,precip_sum_mm,0,S01,5,321491.6057777776,64298.321155555524
optionC_observed_RGI_n75_order_locked,Precipitation,precip_sum_mm,0,S02,9,-721349.4317333334,-80149.93685925927
optionC_observed_RGI_n75_order_locked,Precipitation,precip_sum_mm,0,S03,9,56127.03493333378,6236.337214814865
optionC_observed_RGI_n75_order_locked,Precipitation,precip_sum_mm,0,S04,8,-582059.0243555559,-72757.37804444449
optionC_observed_RGI_n75_order_locked,Precipitation,precip_sum_mm,0,S05,7,375410.2616888887,53630.03738412696
optionC_observed_RGI_n75_order_locked,Precipitation,precip_sum_mm,0,S06,5,775401.237777778,155080.2475555556
optionC_observed_RGI_n75_order_locked,Precipitation,precip_sum_mm,0,S07,7,-382149.0516444446,-54592.721663492084
optionC_observed_RGI_n75_order_locked,Precipitation,precip_sum_mm,0,S08,9,-1228410.0623999997,-136490.0069333333
optionC_observed_RGI_n75_order_locked,Precipitation,precip_sum_mm,0,S09,8,654150.0289777776,81768.7536222222
optionC_observed_RGI_n75_order_locked,Precipitation,precip_sum_mm,0,S10,8,219977.25431111117,27497.156788888897
optionC_observed_RGI_n75_order_locked,Precipitation,precip_sum_mm,1,S01,5,254679.9802290078,50935.99604580156
optionC_observed_RGI_n75_order_locked,Precipitation,precip_sum_mm,1,S02,9,613629.550809122,68181.06120101357
optionC_observed_RGI_n75_order_locked,Precipitation,precip_sum_mm,1,S03,9,312275.88704300363,34697.32078255596
optionC_observed_RGI_n75_order_locked,Precipitation,precip_sum_mm,1,S04,8,-811730.1560810814,-101466.26951013517
optionC_observed_RGI_n75_order_locked,Precipitation,precip_sum_mm,1,S05,7,828409.7915834334,118344.25594049049
optionC_observed_RGI_n75_order_locked,Precipitation,precip_sum_mm,1,S06,5,68770.86847072892,13754.173694145784
optionC_observed_RGI_n75_order_locked,Precipitation,precip_sum_mm,1,S07,7,-1166427.3120688808,-166632.47315269726
optionC_observed_RGI_n75_order_locked,Precipitation,precip_sum_mm,1,S08,9,-973678.1795150359,-108186.46439055954
optionC_observed_RGI_n75_order_locked,Precipitation,precip_sum_mm,1,S09,8,170197.70426604964,21274.713033256205
optionC_observed_RGI_n75_order_locked,Precipitation,precip_sum_mm,1,S10,8,-241570.4941462059,-30196.311768275737
optionC_observed_RGI_n75_order_locked,Precipitation,precip_sum_mm,2,S01,5,881619.6608175884,176323.9321635177
optionC_observed_RGI_n75_order_locked,Precipitation,precip_sum_mm,2,S02,9,-315665.67354330455,-35073.96372703384
optionC_observed_RGI_n75_order_locked,Precipitation,precip_sum_mm,2,S03,9,329576.7601511912,36619.64001679902
optionC_observed_RGI_n75_order_locked,Precipitation,precip_sum_mm,2,S04,8,-484009.17864684487,-60501.14733085561
optionC_observed_RGI_n75_order_locked,Precipitation,precip_sum_mm,2,S05,7,624753.26403639,89250.46629091285
optionC_observed_RGI_n75_order_locked,Precipitation,precip_sum_mm,2,S06,5,290010.5617801361,58002.11235602722
optionC_observed_RGI_n75_order_locked,Precipitation,precip_sum_mm,2,S07,7,-566963.7658640314,-80994.82369486162
optionC_observed_RGI_n75_order_locked,Precipitation,precip_sum_mm,2,S08,9,-992226.8693353145,-110247.42992614605
optionC_observed_RGI_n75_order_locked,Precipitation,precip_sum_mm,2,S09,8,85692.31908601889,10711.539885752361
optionC_observed_RGI_n75_order_locked,Precipitation,precip_sum_mm,2,S10,8,76764.31759188068,9595.539698985085
optionC_observed_RGI_n75_order_locked,Precipitation,precip_sum_mm,3,S01,5,679617.0135798113,135923.40271596226
optionC_observed_RGI_n75_order_locked,Precipitation,precip_sum_mm,3,S02,9,-113373.96480719352,-12597.10720079928
optionC_observed_RGI_n75_order_locked,Precipitation,precip_sum_mm,3,S03,9,43615.0581978148,4846.1175775349775
optionC_observed_RGI_n75_order_locked,Precipitation,precip_sum_mm,3,S04,8,-112901.12821471888,-14112.64102683986
optionC_observed_RGI_n75_order_locked,Precipitation,precip_sum_mm,3,S05,7,164083.85521568035,23440.550745097193
optionC_observed_RGI_n75_order_locked,Precipitation,precip_sum_mm,3,S06,5,169583.37591283303,33916.67518256661
optionC_observed_RGI_n75_order_locked,Precipitation,precip_sum_mm,3,S07,7,-416319.33809751197,-59474.19115678743
optionC_observed_RGI_n75_order_locked,Precipitation,precip_sum_mm,3,S08,9,-782301.7357496447,-86922.41508329386
optionC_observed_RGI_n75_order_locked,Precipitation,precip_sum_mm,3,S09,8,-171998.5792423156,-21499.82240528945
optionC_observed_RGI_n75_order_locked,Precipitation,precip_sum_mm,3,S10,8,-179140.89612864214,-22392.612016080267
optionC_observed_RGI_n75_order_locked,Precipitation,precip_sum_mm,4,S01,5,372427.29314956255,74485.45862991251
optionC_observed_RGI_n75_order_locked,Precipitation,precip_sum_mm,4,S02,9,-173281.09792031714,-19253.455324479684
optionC_observed_RGI_n75_order_locked,Precipitation,precip_sum_mm,4,S03,9,154475.2401296688,17163.9155699632
optionC_observed_RGI_n75_order_locked,Precipitation,precip_sum_mm,4,S04,8,-193158.9585511225,-24144.86981889031
optionC_observed_RGI_n75_order_locked,Precipitation,precip_sum_mm,4,S05,7,24733.74170484132,3533.3916721201886
optionC_observed_RGI_n75_order_locked,Precipitation,precip_sum_mm,4,S06,5,145498.52431434984,29099.704862869967
optionC_observed_RGI_n75_order_locked,Precipitation,precip_sum_mm,4,S07,7,-461721.3587616451,-65960.19410880645
optionC_observed_RGI_n75_order_locked,Precipitation,precip_sum_mm,4,S08,9,-841100.9007650997,-93455.65564056663
optionC_observed_RGI_n75_order_locked,Precipitation,precip_sum_mm,4,S09,8,-291507.2110029318,-36438.40137536648
optionC_observed_RGI_n75_order_locked,Precipitation,precip_sum_mm,4,S10,8,54536.31072810917,6817.038841013647
optionC_observed_RGI_n75_order_locked,Precipitation,precip_sum_mm,5,S01,5,417795.5351921981,83559.10703843963
optionC_observed_RGI_n75_order_locked,Precipitation,precip_sum_mm,5,S02,9,-27880.678987152976,-3097.853220794775
optionC_observed_RGI_n75_order_locked,Precipitation,precip_sum_mm,5,S03,9,64265.023786337486,7140.558198481943
optionC_observed_RGI_n75_order_locked,Precipitation,precip_sum_mm,5,S04,8,-117944.36388402042,-14743.045485502553
optionC_observed_RGI_n75_order_locked,Precipitation,precip_sum_mm,5,S05,7,124651.94929699876,17807.421328142682
optionC_observed_RGI_n75_order_locked,Precipitation,precip_sum_mm,5,S06,5,87098.78071006584,17419.756142013168
optionC_observed_RGI_n75_order_locked,Precipitation,precip_sum_mm,5,S07,7,-656297.8081289222,-93756.82973270318
optionC_observed_RGI_n75_order_locked,Precipitation,precip_sum_mm,5,S08,9,-759021.3614743336,-84335.7068304815
optionC_observed_RGI_n75_order_locked,Precipitation,precip_sum_mm,5,S09,8,-391666.7633086918,-48958.345413586474
optionC_observed_RGI_n75_order_locked,Precipitation,precip_sum_mm,5,S10,8,-135850.51625761983,-16981.31453220248
optionC_observed_RGI_n75_order_locked,Precipitation,precip_sum_mm,6,S01,5,80946.74498210399,16189.348996420798
optionC_observed_RGI_n75_order_locked,Precipitation,precip_sum_mm,6,S02,9,-124425.4118077848,-13825.045756420534
optionC_observed_RGI_n75_order_locked,Precipitation,precip_sum_mm,6,S03,9,178563.91875369093,19840.43541707677
optionC_observed_RGI_n75_order_locked,Precipitation,precip_sum_mm,6,S04,8,-362295.35869803646,-45286.91983725456
optionC_observed_RGI_n75_order_locked,Precipitation,precip_sum_mm,6,S05,7,306428.04690717394,43775.43527245342
optionC_observed_RGI_n75_order_locked,Precipitation,precip_sum_mm,6,S06,5,93325.18338135621,18665.036676271244
optionC_observed_RGI_n75_order_locked,Precipitation,precip_sum_mm,6,S07,7,-709958.9337763841,-101422.70482519772
optionC_observed_RGI_n75_order_locked,Precipitation,precip_sum_mm,6,S08,9,-872565.7225858299,-96951.7469539811
optionC_observed_RGI_n75_order_locked,Precipitation,precip_sum_mm,6,S09,8,-421055.60393323994,-52631.95049165499
optionC_observed_RGI_n75_order_locked,Precipitation,precip_sum_mm,6,S10,8,-215774.5013691252,-26971.81267114065
optionC_observed_RGI_n75_order_locked,Precipitation,precip_sum_mm,7,S01,5,359049.7178801808,71809.94357603617
optionC_observed_RGI_n75_order_locked,Precipitation,precip_sum_mm,7,S02,9,-85769.06094636029,-9529.8956607067
optionC_observed_RGI_n75_order_locked,Precipitation,precip_sum_mm,7,S03,9,232331.8626147668,25814.651401640756
optionC_observed_RGI_n75_order_locked,Precipitation,precip_sum_mm,7,S04,8,-252359.3047462583,-31544.913093282288
optionC_observed_RGI_n75_order_locked,Precipitation,precip_sum_mm,7,S05,7,260632.2382578925,37233.176893984644
optionC_observed_RGI_n75_order_locked,Precipitation,precip_sum_mm,7,S06,5,118831.817618422,23766.363523684402
optionC_observed_RGI_n75_order_locked,Precipitation,precip_sum_mm,7,S07,7,-678834.3735109768,-96976.33907299668
optionC_observed_RGI_n75_order_locked,Precipitation,precip_sum_mm,7,S08,9,-862320.5704426836,-95813.39671585374
optionC_observed_RGI_n75_order_locked,Precipitation,precip_sum_mm,7,S09,8,-520913.954101013,-65114.24426262663
optionC_observed_RGI_n75_order_locked,Precipitation,precip_sum_mm,7,S10,8,-95460.79013481636,-11932.598766852045
optionC_observed_RGI_n75_order_locked,Precipitation,precip_sum_mm,8,S01,5,182520.0704745616,36504.014094912316
optionC_observed_RGI_n75_order_locked,Precipitation,precip_sum_mm,8,S02,9,-147787.10838848626,-16420.78982094292
optionC_observed_RGI_n75_order_locked,Precipitation,precip_sum_mm,8,S03,9,194953.27342258673,21661.47482473186
optionC_observed_RGI_n75_order_locked,Precipitation,precip_sum_mm,8,S04,8,-237463.34110558452,-29682.917638198065
optionC_observed_RGI_n75_order_locked,Precipitation,precip_sum_mm,8,S05,7,219823.15312048796,31403.307588641135
optionC_observed_RGI_n75_order_locked,Precipitation,precip_sum_mm,8,S06,5,119773.14352937171,23954.62870587434
optionC_observed_RGI_n75_order_locked,Precipitation,precip_sum_mm,8,S07,7,-678409.5283996299,-96915.64691423284
optionC_observed_RGI_n75_order_locked,Precipitation,precip_sum_mm,8,S08,9,-922075.8415801001,-102452.8712866778
optionC_observed_RGI_n75_order_locked,Precipitation,precip_sum_mm,8,S09,8,-390977.2702022844,-48872.15877528555
optionC_observed_RGI_n75_order_locked,Precipitation,precip_sum_mm,8,S10,8,-105745.21243855004,-13218.151554818754
optionC_observed_RGI_n75_order_locked,Precipitation,precip_sum_mm,9,S01,5,190857.3984512477,38171.479690249536
optionC_observed_RGI_n75_order_locked,Precipitation,precip_sum_mm,9,S02,9,-155632.15047268177,-17292.461163631306
optionC_observed_RGI_n75_order_locked,Precipitation,precip_sum_mm,9,S03,9,210222.20064441953,23358.022293824393
optionC_observed_RGI_n75_order_locked,Precipitation,precip_sum_mm,9,S04,8,-174795.78031340192,-21849.47253917524
optionC_observed_RGI_n75_order_locked,Precipitation,precip_sum_mm,9,S05,7,286053.17926017765,40864.7398943111
optionC_observed_RGI_n75_order_locked,Precipitation,precip_sum_mm,9,S06,5,128997.67771090832,25799.535542181664
optionC_observed_RGI_n75_order_locked,Precipitation,precip_sum_mm,9,S07,7,-666368.3287742636,-95195.47553918052
optionC_observed_RGI_n75_order_locked,Precipitation,precip_sum_mm,9,S08,9,-975121.8012577085,-108346.86680641206
optionC_observed_RGI_n75_order_locked,Precipitation,precip_sum_mm,9,S09,8,-322969.25706625805,-40371.15713328226
optionC_observed_RGI_n75_order_locked,Precipitation,precip_sum_mm,9,S10,8,-59051.09085880572,-7381.386357350715
optionC_observed_RGI_n75_order_locked,Precipitation,precip_sum_mm,10,S01,5,230287.1734571797,46057.43469143594
optionC_observed_RGI_n75_order_locked,Precipitation,precip_sum_mm,10,S02,9,-119346.96716326143,-13260.774129251271
optionC_observed_RGI_n75_order_locked,Precipitation,precip_sum_mm,10,S03,9,217009.1595687542,24112.128840972688
optionC_observed_RGI_n75_order_locked,Precipitation,precip_sum_mm,10,S04,8,-165067.0934430671,-20633.386680383388
optionC_observed_RGI_n75_order_locked,Precipitation,precip_sum_mm,10,S05,7,88416.17240221275,12630.881771744678
optionC_observed_RGI_n75_order_locked,Precipitation,precip_sum_mm,10,S06,5,139381.87189357818,27876.374378715635
optionC_observed_RGI_n75_order_locked,Precipitation,precip_sum_mm,10,S07,7,-709243.6594323227,-101320.5227760461
optionC_observed_RGI_n75_order_locked,Precipitation,precip_sum_mm,10,S08,9,-985862.149464592,-109540.23882939911
optionC_observed_RGI_n75_order_locked,Precipitation,precip_sum_mm,10,S09,8,-321908.06899484387,-40238.50862435548
optionC_observed_RGI_n75_order_locked,Precipitation,precip_sum_mm,10,S10,8,-101707.39508541614,-12713.424385677017
optionC_observed_RGI_n75_order_locked,Wind speed,wind_speed_avg_ms,0,S01,5,7524.610402279201,1504.9220804558402
optionC_observed_RGI_n75_order_locked,Wind speed,wind_speed_avg_ms,0,S02,9,6438.165969230768,715.3517743589741
optionC_observed_RGI_n75_order_locked,Wind speed,wind_speed_avg_ms,0,S03,9,-6883.149842735041,-764.79442697056
optionC_observed_RGI_n75_order_locked,Wind speed,wind_speed_avg_ms,0,S04,8,1229.795325356116,153.7244156695145
optionC_observed_RGI_n75_order_locked,Wind speed,wind_speed_avg_ms,0,S05,7,1362.6620626780648,194.66600895400924
optionC_observed_RGI_n75_order_locked,Wind speed,wind_speed_avg_ms,0,S06,5,4519.973386894593,903.9946773789186
optionC_observed_RGI_n75_order_locked,Wind speed,wind_speed_avg_ms,0,S07,7,1957.5458404558447,279.6494057794064
optionC_observed_RGI_n75_order_locked,Wind speed,wind_speed_avg_ms,0,S08,9,5507.052000000009,611.8946666666676
optionC_observed_RGI_n75_order_locked,Wind speed,wind_speed_avg_ms,0,S09,8,5704.597465527069,713.0746831908837
optionC_observed_RGI_n75_order_locked,Wind speed,wind_speed_avg_ms,0,S10,8,-5114.344490028492,-639.2930612535615
optionC_observed_RGI_n75_order_locked,Wind speed,wind_speed_avg_ms,1,S01,5,-1036.8092311802593,-207.36184623605186
optionC_observed_RGI_n75_order_locked,Wind speed,wind_speed_avg_ms,1,S02,9,-327.7683478228839,-36.41870531365377
optionC_observed_RGI_n75_order_locked,Wind speed,wind_speed_avg_ms,1,S03,9,-14192.702098024762,-1576.966899780529
optionC_observed_RGI_n75_order_locked,Wind speed,wind_speed_avg_ms,1,S04,8,-7414.42649953964,-926.803312442455
optionC_observed_RGI_n75_order_locked,Wind speed,wind_speed_avg_ms,1,S05,7,11279.28484749476,1611.3264067849657
optionC_observed_RGI_n75_order_locked,Wind speed,wind_speed_avg_ms,1,S06,5,-2454.397892362183,-490.8795784724366
optionC_observed_RGI_n75_order_locked,Wind speed,wind_speed_avg_ms,1,S07,7,21889.065726602978,3127.009389514711
optionC_observed_RGI_n75_order_locked,Wind speed,wind_speed_avg_ms,1,S08,9,-3518.446738424548,-390.93852649161647
optionC_observed_RGI_n75_order_locked,Wind speed,wind_speed_avg_ms,1,S09,8,-641.3732011721531,-80.17165014651914
optionC_observed_RGI_n75_order_locked,Wind speed,wind_speed_avg_ms,1,S10,8,-15653.311830070517,-1956.6639787588147
optionC_observed_RGI_n75_order_locked,Wind speed,wind_speed_avg_ms,2,S01,5,-72.73812341940925,-14.54762468388185
optionC_observed_RGI_n75_order_locked,Wind speed,wind_speed_avg_ms,2,S02,9,-709.9740612884145,-78.88600680982384
optionC_observed_RGI_n75_order_locked,Wind speed,wind_speed_avg_ms,2,S03,9,-17083.148261817078,-1898.127584646342
optionC_observed_RGI_n75_order_locked,Wind speed,wind_speed_avg_ms,2,S04,8,-8251.619281906605,-1031.4524102383257
optionC_observed_RGI_n75_order_locked,Wind speed,wind_speed_avg_ms,2,S05,7,1142.7809775202732,163.25442536003902
optionC_observed_RGI_n75_order_locked,Wind speed,wind_speed_avg_ms,2,S06,5,-1511.7955850612268,-302.35911701224535
optionC_observed_RGI_n75_order_locked,Wind speed,wind_speed_avg_ms,2,S07,7,19434.222137541976,2776.317448220282
optionC_observed_RGI_n75_order_locked,Wind speed,wind_speed_avg_ms,2,S08,9,2489.877035260451,276.6530039178279
optionC_observed_RGI_n75_order_locked,Wind speed,wind_speed_avg_ms,2,S09,8,-4241.493447254396,-530.1866809067996
optionC_observed_RGI_n75_order_locked,Wind speed,wind_speed_avg_ms,2,S10,8,-20785.98091044904,-2598.24761380613
optionC_observed_RGI_n75_order_locked,Wind speed,wind_speed_avg_ms,3,S01,5,-4894.827937631739,-978.9655875263477
optionC_observed_RGI_n75_order_locked,Wind speed,wind_speed_avg_ms,3,S02,9,-4581.999672544363,-509.1110747271515
optionC_observed_RGI_n75_order_locked,Wind speed,wind_speed_avg_ms,3,S03,9,-18793.833622882292,-2088.2037358758103
optionC_observed_RGI_n75_order_locked,Wind speed,wind_speed_avg_ms,3,S04,8,-6276.238192137894,-784.5297740172367
optionC_observed_RGI_n75_order_locked,Wind speed,wind_speed_avg_ms,3,S05,7,5085.027028092577,726.4324325846538
optionC_observed_RGI_n75_order_locked,Wind speed,wind_speed_avg_ms,3,S06,5,-937.6695967576421,-187.53391935152843
optionC_observed_RGI_n75_order_locked,Wind speed,wind_speed_avg_ms,3,S07,7,15521.153636489209,2217.307662355601
optionC_observed_RGI_n75_order_locked,Wind speed,wind_speed_avg_ms,3,S08,9,1002.7820572154551,111.42022857949502
optionC_observed_RGI_n75_order_locked,Wind speed,wind_speed_avg_ms,3,S09,8,-5198.729181851122,-649.8411477313903
optionC_observed_RGI_n75_order_locked,Wind speed,wind_speed_avg_ms,3,S10,8,-22017.017665783627,-2752.1272082229534
optionC_observed_RGI_n75_order_locked,Wind speed,wind_speed_avg_ms,4,S01,5,1201.697121154249,240.33942423084983
optionC_observed_RGI_n75_order_locked,Wind speed,wind_speed_avg_ms,4,S02,9,-4941.939159199659,-549.1043510221843
optionC_observed_RGI_n75_order_locked,Wind speed,wind_speed_avg_ms,4,S03,9,-19600.983849133063,-2177.887094348118
optionC_observed_RGI_n75_order_locked,Wind speed,wind_speed_avg_ms,4,S04,8,-6691.375022857821,-836.4218778572276
optionC_observed_RGI_n75_order_locked,Wind speed,wind_speed_avg_ms,4,S05,7,6558.476609994616,936.925229999231
optionC_observed_RGI_n75_order_locked,Wind speed,wind_speed_avg_ms,4,S06,5,-1333.2924211724653,-266.6584842344931
optionC_observed_RGI_n75_order_locked,Wind speed,wind_speed_avg_ms,4,S07,7,14297.352157605827,2042.4788796579753
optionC_observed_RGI_n75_order_locked,Wind speed,wind_speed_avg_ms,4,S08,9,2667.243238293198,296.3603598103553
optionC_observed_RGI_n75_order_locked,Wind speed,wind_speed_avg_ms,4,S09,8,-8307.340488411803,-1038.4175610514753
optionC_observed_RGI_n75_order_locked,Wind speed,wind_speed_avg_ms,4,S10,8,-20722.81052402839,-2590.351315503549
optionC_observed_RGI_n75_order_locked,Wind speed,wind_speed_avg_ms,5,S01,5,462.41596576300844,92.48319315260169
optionC_observed_RGI_n75_order_locked,Wind speed,wind_speed_avg_ms,5,S02,9,-1318.8019795871594,-146.53355328746215
optionC_observed_RGI_n75_order_locked,Wind speed,wind_speed_avg_ms,5,S03,9,-17734.452193358073,-1970.494688150897
optionC_observed_RGI_n75_order_locked,Wind speed,wind_speed_avg_ms,5,S04,8,-7184.110014629586,-898.0137518286982
optionC_observed_RGI_n75_order_locked,Wind speed,wind_speed_avg_ms,5,S05,7,5006.069886102027,715.1528408717182
optionC_observed_RGI_n75_order_locked,Wind speed,wind_speed_avg_ms,5,S06,5,-3392.2049452732504,-678.4409890546501
optionC_observed_RGI_n75_order_locked,Wind speed,wind_speed_avg_ms,5,S07,7,14520.970298774899,2074.4243283964142
optionC_observed_RGI_n75_order_locked,Wind speed,wind_speed_avg_ms,5,S08,9,-3060.4355130671265,-340.04839034079185
optionC_observed_RGI_n75_order_locked,Wind speed,wind_speed_avg_ms,5,S09,8,-6249.0147697583225,-781.1268462197903
optionC_observed_RGI_n75_order_locked,Wind speed,wind_speed_avg_ms,5,S10,8,-15931.050560639102,-1991.3813200798877
optionC_observed_RGI_n75_order_locked,Wind speed,wind_speed_avg_ms,6,S01,5,-4690.001284028491,-938.0002568056982
optionC_observed_RGI_n75_order_locked,Wind speed,wind_speed_avg_ms,6,S02,9,-1524.0459732079646,-169.33844146755163
optionC_observed_RGI_n75_order_locked,Wind speed,wind_speed_avg_ms,6,S03,9,-17731.21912766738,-1970.1354586297089
optionC_observed_RGI_n75_order_locked,Wind speed,wind_speed_avg_ms,6,S04,8,-8364.650544595244,-1045.5813180744055
optionC_observed_RGI_n75_order_locked,Wind speed,wind_speed_avg_ms,6,S05,7,3911.6052431447065,558.8007490206724
optionC_observed_RGI_n75_order_locked,Wind speed,wind_speed_avg_ms,6,S06,5,-3139.021381338973,-627.8042762677945
optionC_observed_RGI_n75_order_locked,Wind speed,wind_speed_avg_ms,6,S07,7,14166.507472453237,2023.7867817790338
optionC_observed_RGI_n75_order_locked,Wind speed,wind_speed_avg_ms,6,S08,9,-3630.949689481212,-403.4388543868013
optionC_observed_RGI_n75_order_locked,Wind speed,wind_speed_avg_ms,6,S09,8,-7441.545741860087,-930.1932177325109
optionC_observed_RGI_n75_order_locked,Wind speed,wind_speed_avg_ms,6,S10,8,-17768.82054755508,-2221.102568444385
optionC_observed_RGI_n75_order_locked,Wind speed,wind_speed_avg_ms,7,S01,5,-2558.568452443095,-511.71369048861897
optionC_observed_RGI_n75_order_locked,Wind speed,wind_speed_avg_ms,7,S02,9,-372.6522048540473,-41.405800539338586
optionC_observed_RGI_n75_order_locked,Wind speed,wind_speed_avg_ms,7,S03,9,-17596.742135578374,-1955.1935706198192
optionC_observed_RGI_n75_order_locked,Wind speed,wind_speed_avg_ms,7,S04,8,-5487.200589174598,-685.9000736468247
optionC_observed_RGI_n75_order_locked,Wind speed,wind_speed_avg_ms,7,S05,7,772.5776298674073,110.36823283820104
optionC_observed_RGI_n75_order_locked,Wind speed,wind_speed_avg_ms,7,S06,5,-2628.176392939224,-525.6352785878448
optionC_observed_RGI_n75_order_locked,Wind speed,wind_speed_avg_ms,7,S07,7,10547.516923275494,1506.7881318964992
optionC_observed_RGI_n75_order_locked,Wind speed,wind_speed_avg_ms,7,S08,9,-2131.1174304962033,-236.79082561068924
optionC_observed_RGI_n75_order_locked,Wind speed,wind_speed_avg_ms,7,S09,8,-5283.6679459208535,-660.4584932401067
optionC_observed_RGI_n75_order_locked,Wind speed,wind_speed_avg_ms,7,S10,8,-11497.149134593932,-1437.1436418242415
optionC_observed_RGI_n75_order_locked,Wind speed,wind_speed_avg_ms,8,S01,5,-4226.669045984325,-845.333809196865
optionC_observed_RGI_n75_order_locked,Wind speed,wind_speed_avg_ms,8,S02,9,-742.4150458181841,-82.4905606464649
optionC_observed_RGI_n75_order_locked,Wind speed,wind_speed_avg_ms,8,S03,9,-14968.19407568511,-1663.1326750761234
optionC_observed_RGI_n75_order_locked,Wind speed,wind_speed_avg_ms,8,S04,8,-4630.769086860446,-578.8461358575557
optionC_observed_RGI_n75_order_locked,Wind speed,wind_speed_avg_ms,8,S05,7,2328.522328460674,332.6460469229534
optionC_observed_RGI_n75_order_locked,Wind speed,wind_speed_avg_ms,8,S06,5,-2202.06856192275,-440.41371238455
optionC_observed_RGI_n75_order_locked,Wind speed,wind_speed_avg_ms,8,S07,7,9027.506456701913,1289.6437795288446
optionC_observed_RGI_n75_order_locked,Wind speed,wind_speed_avg_ms,8,S08,9,-2032.039256378765,-225.78213959764057
optionC_observed_RGI_n75_order_locked,Wind speed,wind_speed_avg_ms,8,S09,8,-1018.4895240111982,-127.31119050139978
optionC_observed_RGI_n75_order_locked,Wind speed,wind_speed_avg_ms,8,S10,8,-9731.411753766308,-1216.4264692207885
optionC_observed_RGI_n75_order_locked,Wind speed,wind_speed_avg_ms,9,S01,5,-3393.7003922541826,-678.7400784508366
optionC_observed_RGI_n75_order_locked,Wind speed,wind_speed_avg_ms,9,S02,9,-483.99524241292806,-53.777249156992006
optionC_observed_RGI_n75_order_locked,Wind speed,wind_speed_avg_ms,9,S03,9,-12955.103541832144,-1439.4559490924605
optionC_observed_RGI_n75_order_locked,Wind speed,wind_speed_avg_ms,9,S04,8,-4587.462656227233,-573.4328320284042
optionC_observed_RGI_n75_order_locked,Wind speed,wind_speed_avg_ms,9,S05,7,3579.960935292547,511.42299075607815
optionC_observed_RGI_n75_order_locked,Wind speed,wind_speed_avg_ms,9,S06,5,-2132.3269722957093,-426.46539445914186
optionC_observed_RGI_n75_order_locked,Wind speed,wind_speed_avg_ms,9,S07,7,8531.693001124739,1218.8132858749627
optionC_observed_RGI_n75_order_locked,Wind speed,wind_speed_avg_ms,9,S08,9,-1602.1577790489296,-178.0175310054366
optionC_observed_RGI_n75_order_locked,Wind speed,wind_speed_avg_ms,9,S09,8,976.6372648120414,122.07965810150517
optionC_observed_RGI_n75_order_locked,Wind speed,wind_speed_avg_ms,9,S10,8,-9606.47938994936,-1200.80992374367
optionC_observed_RGI_n75_order_locked,Wind speed,wind_speed_avg_ms,10,S01,5,184.12976490716528,36.825952981433055
optionC_observed_RGI_n75_order_locked,Wind speed,wind_speed_avg_ms,10,S02,9,620.8338246756539,68.98153607507265
optionC_observed_RGI_n75_order_locked,Wind speed,wind_speed_avg_ms,10,S03,9,-13391.519300157179,-1487.946588906353
optionC_observed_RGI_n75_order_locked,Wind speed,wind_speed_avg_ms,10,S04,8,-3399.0768517846436,-424.88460647308045
optionC_observed_RGI_n75_order_locked,Wind speed,wind_speed_avg_ms,10,S05,7,3395.286344155834,485.0409063079763
optionC_observed_RGI_n75_order_locked,Wind speed,wind_speed_avg_ms,10,S06,5,-1765.9446119815507,-353.18892239631015
optionC_observed_RGI_n75_order_locked,Wind speed,wind_speed_avg_ms,10,S07,7,7437.629171001747,1062.5184530002496
optionC_observed_RGI_n75_order_locked,Wind speed,wind_speed_avg_ms,10,S08,9,-4658.260208215015,-517.5844675794461
optionC_observed_RGI_n75_order_locked,Wind speed,wind_speed_avg_ms,10,S09,8,2874.638480464304,359.329810058038
optionC_observed_RGI_n75_order_locked,Wind speed,wind_speed_avg_ms,10,S10,8,-8748.805012209035,-1093.6006265261294
optionC_observed_RGI_n75_order_locked,Sunshine,sunshine_avg_hr,0,S01,5,346.60838645834156,69.32167729166831
optionC_observed_RGI_n75_order_locked,Sunshine,sunshine_avg_hr,0,S02,9,17948.66706400706,1994.2963404452287
optionC_observed_RGI_n75_order_locked,Sunshine,sunshine_avg_hr,0,S03,9,-6166.7202068446595,-685.191134093851
optionC_observed_RGI_n75_order_locked,Sunshine,sunshine_avg_hr,0,S04,8,30516.68102217662,3814.5851277720776
optionC_observed_RGI_n75_order_locked,Sunshine,sunshine_avg_hr,0,S05,7,1504.1680273252914,214.8811467607559
optionC_observed_RGI_n75_order_locked,Sunshine,sunshine_avg_hr,0,S06,5,542.3989702485677,108.47979404971355
optionC_observed_RGI_n75_order_locked,Sunshine,sunshine_avg_hr,0,S07,7,-314.0579986104508,-44.86542837292154
optionC_observed_RGI_n75_order_locked,Sunshine,sunshine_avg_hr,0,S08,9,43747.226094010024,4860.802899334447
optionC_observed_RGI_n75_order_locked,Sunshine,sunshine_avg_hr,0,S09,8,19969.763570246192,2496.220446280774
optionC_observed_RGI_n75_order_locked,Sunshine,sunshine_avg_hr,0,S10,8,24028.863472161916,3003.6079340202396
optionC_observed_RGI_n75_order_locked,Sunshine,sunshine_avg_hr,1,S01,5,-9593.767977847852,-1918.7535955695705
optionC_observed_RGI_n75_order_locked,Sunshine,sunshine_avg_hr,1,S02,9,-13479.664228176898,-1497.7404697974332
optionC_observed_RGI_n75_order_locked,Sunshine,sunshine_avg_hr,1,S03,9,731.8874972684662,81.32083302982957
optionC_observed_RGI_n75_order_locked,Sunshine,sunshine_avg_hr,1,S04,8,9505.919267558866,1188.2399084448582
optionC_observed_RGI_n75_order_locked,Sunshine,sunshine_avg_hr,1,S05,7,-15036.387398485167,-2148.055342640738
optionC_observed_RGI_n75_order_locked,Sunshine,sunshine_avg_hr,1,S06,5,-716.2199049924989,-143.24398099849978
optionC_observed_RGI_n75_order_locked,Sunshine,sunshine_avg_hr,1,S07,7,1264.9180133487826,180.70257333554036
optionC_observed_RGI_n75_order_locked,Sunshine,sunshine_avg_hr,1,S08,9,20485.305175806916,2276.1450195341017
optionC_observed_RGI_n75_order_locked,Sunshine,sunshine_avg_hr,1,S09,8,-1239.1332691290318,-154.89165864112897
optionC_observed_RGI_n75_order_locked,Sunshine,sunshine_avg_hr,1,S10,8,10432.888175145978,1304.1110218932472
optionC_observed_RGI_n75_order_locked,Sunshine,sunshine_avg_hr,2,S01,5,-19474.177308603572,-3894.835461720714
optionC_observed_RGI_n75_order_locked,Sunshine,sunshine_avg_hr,2,S02,9,-14194.61798715424,-1577.1797763504712
optionC_observed_RGI_n75_order_locked,Sunshine,sunshine_avg_hr,2,S03,9,4884.066513212288,542.6740570235875
optionC_observed_RGI_n75_order_locked,Sunshine,sunshine_avg_hr,2,S04,8,780.8449822551106,97.60562278188883
optionC_observed_RGI_n75_order_locked,Sunshine,sunshine_avg_hr,2,S05,7,-12780.20139487408,-1825.743056410583
optionC_observed_RGI_n75_order_locked,Sunshine,sunshine_avg_hr,2,S06,5,-1317.1044389174847,-263.42088778349694
optionC_observed_RGI_n75_order_locked,Sunshine,sunshine_avg_hr,2,S07,7,-2374.663490874084,-339.23764155344054
optionC_observed_RGI_n75_order_locked,Sunshine,sunshine_avg_hr,2,S08,9,21362.541997769495,2373.615777529944
optionC_observed_RGI_n75_order_locked,Sunshine,sunshine_avg_hr,2,S09,8,2816.4148198412086,352.05185248015107
optionC_observed_RGI_n75_order_locked,Sunshine,sunshine_avg_hr,2,S10,8,6152.714973594407,769.0893716993008
optionC_observed_RGI_n75_order_locked,Sunshine,sunshine_avg_hr,3,S01,5,-19281.955560707265,-3856.391112141453
optionC_observed_RGI_n75_order_locked,Sunshine,sunshine_avg_hr,3,S02,9,-17103.382080830932,-1900.3757867589925
optionC_observed_RGI_n75_order_locked,Sunshine,sunshine_avg_hr,3,S03,9,2586.5249270031977,287.39165855591085
optionC_observed_RGI_n75_order_locked,Sunshine,sunshine_avg_hr,3,S04,8,694.5661745811428,86.82077182264285
optionC_observed_RGI_n75_order_locked,Sunshine,sunshine_avg_hr,3,S05,7,-5372.997190925289,-767.5710272750413
optionC_observed_RGI_n75_order_locked,Sunshine,sunshine_avg_hr,3,S06,5,1535.8348649893821,307.1669729978764
optionC_observed_RGI_n75_order_locked,Sunshine,sunshine_avg_hr,3,S07,7,-5295.293035653505,-756.4704336647865
optionC_observed_RGI_n75_order_locked,Sunshine,sunshine_avg_hr,3,S08,9,22215.12206423,2468.3468960255555
optionC_observed_RGI_n75_order_locked,Sunshine,sunshine_avg_hr,3,S09,8,2466.819407640744,308.352425955093
optionC_observed_RGI_n75_order_locked,Sunshine,sunshine_avg_hr,3,S10,8,9843.464068767655,1230.4330085959568
optionC_observed_RGI_n75_order_locked,Sunshine,sunshine_avg_hr,4,S01,5,-3005.5973003306835,-601.1194600661368
optionC_observed_RGI_n75_order_locked,Sunshine,sunshine_avg_hr,4,S02,9,-12922.130481070766,-1435.7922756745295
optionC_observed_RGI_n75_order_locked,Sunshine,sunshine_avg_hr,4,S03,9,-2094.5832130574295,-232.73146811749217
optionC_observed_RGI_n75_order_locked,Sunshine,sunshine_avg_hr,4,S04,8,3529.0720962166365,441.13401202707956
optionC_observed_RGI_n75_order_locked,Sunshine,sunshine_avg_hr,4,S05,7,-4073.4471776593327,-581.9210253799047
optionC_observed_RGI_n75_order_locked,Sunshine,sunshine_avg_hr,4,S06,5,2233.0910883151364,446.6182176630273
optionC_observed_RGI_n75_order_locked,Sunshine,sunshine_avg_hr,4,S07,7,-4826.138248370335,-689.4483211957621
optionC_observed_RGI_n75_order_locked,Sunshine,sunshine_avg_hr,4,S08,9,22736.525223445038,2526.280580382782
optionC_observed_RGI_n75_order_locked,Sunshine,sunshine_avg_hr,4,S09,8,4875.090923300831,609.3863654126038
optionC_observed_RGI_n75_order_locked,Sunshine,sunshine_avg_hr,4,S10,8,6081.6979511833015,760.2122438979127
optionC_observed_RGI_n75_order_locked,Sunshine,sunshine_avg_hr,5,S01,5,-3003.5992926813883,-600.7198585362777
optionC_observed_RGI_n75_order_locked,Sunshine,sunshine_avg_hr,5,S02,9,-12909.406161508716,-1434.3784623898573
optionC_observed_RGI_n75_order_locked,Sunshine,sunshine_avg_hr,5,S03,9,-764.3335458539862,-84.9259495393318
optionC_observed_RGI_n75_order_locked,Sunshine,sunshine_avg_hr,5,S04,8,5524.005934491935,690.5007418114918
optionC_observed_RGI_n75_order_locked,Sunshine,sunshine_avg_hr,5,S05,7,-4982.995511117277,-711.8565015881824
optionC_observed_RGI_n75_order_locked,Sunshine,sunshine_avg_hr,5,S06,5,2756.3026960391144,551.2605392078228
optionC_observed_RGI_n75_order_locked,Sunshine,sunshine_avg_hr,5,S07,7,-3952.6920085162687,-564.6702869308955
optionC_observed_RGI_n75_order_locked,Sunshine,sunshine_avg_hr,5,S08,9,21956.968944423956,2439.6632160471063
optionC_observed_RGI_n75_order_locked,Sunshine,sunshine_avg_hr,5,S09,8,5935.194766147644,741.8993457684555
optionC_observed_RGI_n75_order_locked,Sunshine,sunshine_avg_hr,5,S10,8,6749.264789075126,843.6580986343907
optionC_observed_RGI_n75_order_locked,Sunshine,sunshine_avg_hr,6,S01,5,-2287.371225584557,-457.47424511691145
optionC_observed_RGI_n75_order_locked,Sunshine,sunshine_avg_hr,6,S02,9,-11777.204966058012,-1308.5783295620013
optionC_observed_RGI_n75_order_locked,Sunshine,sunshine_avg_hr,6,S03,9,-914.8641616481411,-101.65157351646013
optionC_observed_RGI_n75_order_locked,Sunshine,sunshine_avg_hr,6,S04,8,7570.745155385746,946.3431444232183
optionC_observed_RGI_n75_order_locked,Sunshine,sunshine_avg_hr,6,S05,7,-4511.639195262407,-644.5198850374867
optionC_observed_RGI_n75_order_locked,Sunshine,sunshine_avg_hr,6,S06,5,3081.9189721845014,616.3837944369003
optionC_observed_RGI_n75_order_locked,Sunshine,sunshine_avg_hr,6,S07,7,-3929.6408343516932,-561.3772620502419
optionC_observed_RGI_n75_order_locked,Sunshine,sunshine_avg_hr,6,S08,9,22346.44860470617,2482.938733856241
optionC_observed_RGI_n75_order_locked,Sunshine,sunshine_avg_hr,6,S09,8,6377.109357801518,797.1386697251897
optionC_observed_RGI_n75_order_locked,Sunshine,sunshine_avg_hr,6,S10,8,9381.325866326835,1172.6657332908544
optionC_observed_RGI_n75_order_locked,Sunshine,sunshine_avg_hr,7,S01,5,-2612.9254070146817,-522.5850814029363
optionC_observed_RGI_n75_order_locked,Sunshine,sunshine_avg_hr,7,S02,9,-7395.966796531996,-821.774088503555
optionC_observed_RGI_n75_order_locked,Sunshine,sunshine_avg_hr,7,S03,9,-506.5645208603951,-56.28494676226612
optionC_observed_RGI_n75_order_locked,Sunshine,sunshine_avg_hr,7,S04,8,6606.885308391423,825.8606635489278
optionC_observed_RGI_n75_order_locked,Sunshine,sunshine_avg_hr,7,S05,7,-3514.3944827789333,-502.05635468270475
optionC_observed_RGI_n75_order_locked,Sunshine,sunshine_avg_hr,7,S06,5,3962.7220471467017,792.5444094293404
optionC_observed_RGI_n75_order_locked,Sunshine,sunshine_avg_hr,7,S07,7,-2698.2386662992017,-385.46266661417167
optionC_observed_RGI_n75_order_locked,Sunshine,sunshine_avg_hr,7,S08,9,25494.05182878655,2832.6724254207274
optionC_observed_RGI_n75_order_locked,Sunshine,sunshine_avg_hr,7,S09,8,7298.077940390886,912.2597425488608
optionC_observed_RGI_n75_order_locked,Sunshine,sunshine_avg_hr,7,S10,8,5839.532978155208,729.941622269401
optionC_observed_RGI_n75_order_locked,Sunshine,sunshine_avg_hr,8,S01,5,-3285.883045267742,-657.1766090535484
optionC_observed_RGI_n75_order_locked,Sunshine,sunshine_avg_hr,8,S02,9,-6982.422776113771,-775.8247529015301
optionC_observed_RGI_n75_order_locked,Sunshine,sunshine_avg_hr,8,S03,9,-1566.4928308444948,-174.05475898272164
optionC_observed_RGI_n75_order_locked,Sunshine,sunshine_avg_hr,8,S04,8,3914.3612991137556,489.29516238921946
optionC_observed_RGI_n75_order_locked,Sunshine,sunshine_avg_hr,8,S05,7,-3131.1492744796046,-447.3070392113721
optionC_observed_RGI_n75_order_locked,Sunshine,sunshine_avg_hr,8,S06,5,3749.1384292172506,749.8276858434501
optionC_observed_RGI_n75_order_locked,Sunshine,sunshine_avg_hr,8,S07,7,-2595.7059566495805,-370.8151366642258
optionC_observed_RGI_n75_order_locked,Sunshine,sunshine_avg_hr,8,S08,9,26147.58087180015,2905.28676353335
optionC_observed_RGI_n75_order_locked,Sunshine,sunshine_avg_hr,8,S09,8,5143.705411788781,642.9631764735976
optionC_observed_RGI_n75_order_locked,Sunshine,sunshine_avg_hr,8,S10,8,5472.038413396277,684.0048016745346
optionC_observed_RGI_n75_order_locked,Sunshine,sunshine_avg_hr,9,S01,5,275.3645371881994,55.07290743763988
optionC_observed_RGI_n75_order_locked,Sunshine,sunshine_avg_hr,9,S02,9,-2754.620926044432,-306.06899178271465
optionC_observed_RGI_n75_order_locked,Sunshine,sunshine_avg_hr,9,S03,9,-5018.288198814485,-557.5875776460539
optionC_observed_RGI_n75_order_locked,Sunshine,sunshine_avg_hr,9,S04,8,3600.1152708838986,450.0144088604873
optionC_observed_RGI_n75_order_locked,Sunshine,sunshine_avg_hr,9,S05,7,-6190.977763454625,-884.4253947792322
optionC_observed_RGI_n75_order_locked,Sunshine,sunshine_avg_hr,9,S06,5,2241.0869131753825,448.2173826350765
optionC_observed_RGI_n75_order_locked,Sunshine,sunshine_avg_hr,9,S07,7,-3438.870058379559,-491.26715119707984
optionC_observed_RGI_n75_order_locked,Sunshine,sunshine_avg_hr,9,S08,9,23399.396850365592,2599.932983373955
optionC_observed_RGI_n75_order_locked,Sunshine,sunshine_avg_hr,9,S09,8,5678.940896460435,709.8676120575544
optionC_observed_RGI_n75_order_locked,Sunshine,sunshine_avg_hr,9,S10,8,6855.004095723719,856.8755119654649
optionC_observed_RGI_n75_order_locked,Sunshine,sunshine_avg_hr,10,S01,5,-2209.6980341378967,-441.9396068275793
optionC_observed_RGI_n75_order_locked,Sunshine,sunshine_avg_hr,10,S02,9,-3035.5728742162505,-337.2858749129167
optionC_observed_RGI_n75_order_locked,Sunshine,sunshine_avg_hr,10,S03,9,-5325.309528396681,-591.7010587107424
optionC_observed_RGI_n75_order_locked,Sunshine,sunshine_avg_hr,10,S04,8,2056.171259414744,257.021407426843
optionC_observed_RGI_n75_order_locked,Sunshine,sunshine_avg_hr,10,S05,7,-4755.52144897734,-679.3602069967628
optionC_observed_RGI_n75_order_locked,Sunshine,sunshine_avg_hr,10,S06,5,1221.1196648111936,244.22393296223873
optionC_observed_RGI_n75_order_locked,Sunshine,sunshine_avg_hr,10,S07,7,-2726.969183435991,-389.5670262051416
optionC_observed_RGI_n75_order_locked,Sunshine,sunshine_avg_hr,10,S08,9,23816.339978197102,2646.2599975774556
optionC_observed_RGI_n75_order_locked,Sunshine,sunshine_avg_hr,10,S09,8,6116.726584283492,764.5908230354365
optionC_observed_RGI_n75_order_locked,Sunshine,sunshine_avg_hr,10,S10,8,6145.163563151969,768.1454453939962
optionC_observed_RGI_n75_order_locked,Pressure,pressure_avg_hPa,0,S01,5,-272992.48698233726,-54598.49739646745
optionC_observed_RGI_n75_order_locked,Pressure,pressure_avg_hPa,0,S02,9,-42666.058320682685,-4740.673146742521
optionC_observed_RGI_n75_order_locked,Pressure,pressure_avg_hPa,0,S03,9,65816.50894427313,7312.945438252569
optionC_observed_RGI_n75_order_locked,Pressure,pressure_avg_hPa,0,S04,8,11763.374130144777,1470.4217662680971
optionC_observed_RGI_n75_order_locked,Pressure,pressure_avg_hPa,0,S05,7,3323.5686527646412,474.7955218235202
optionC_observed_RGI_n75_order_locked,Pressure,pressure_avg_hPa,0,S06,5,-92643.85993960212,-18528.771987920423
optionC_observed_RGI_n75_order_locked,Pressure,pressure_avg_hPa,0,S07,7,-62315.59544296215,-8902.227920423164
optionC_observed_RGI_n75_order_locked,Pressure,pressure_avg_hPa,0,S08,9,22140.700998974913,2460.0778887749902
optionC_observed_RGI_n75_order_locked,Pressure,pressure_avg_hPa,0,S09,8,-159310.29652968823,-19913.78706621103
optionC_observed_RGI_n75_order_locked,Pressure,pressure_avg_hPa,0,S10,8,-68923.74990404656,-8615.46873800582
optionC_observed_RGI_n75_order_locked,Pressure,pressure_avg_hPa,1,S01,5,-187989.38159274578,-37597.876318549155
optionC_observed_RGI_n75_order_locked,Pressure,pressure_avg_hPa,1,S02,9,-28376.39046352358,-3152.932273724842
optionC_observed_RGI_n75_order_locked,Pressure,pressure_avg_hPa,1,S03,9,107053.64365297079,11894.849294774533
optionC_observed_RGI_n75_order_locked,Pressure,pressure_avg_hPa,1,S04,8,48971.54227768812,6121.442784711015
optionC_observed_RGI_n75_order_locked,Pressure,pressure_avg_hPa,1,S05,7,-123999.75736285636,-17714.25105183662
optionC_observed_RGI_n75_order_locked,Pressure,pressure_avg_hPa,1,S06,5,-16053.478582700707,-3210.6957165401413
optionC_observed_RGI_n75_order_locked,Pressure,pressure_avg_hPa,1,S07,7,-30562.776604480783,-4366.110943497255
optionC_observed_RGI_n75_order_locked,Pressure,pressure_avg_hPa,1,S08,9,72684.01955446463,8076.002172718292
optionC_observed_RGI_n75_order_locked,Pressure,pressure_avg_hPa,1,S09,8,-10117.297002686464,-1264.662125335808
optionC_observed_RGI_n75_order_locked,Pressure,pressure_avg_hPa,1,S10,8,5448.624197849609,681.0780247312011
optionC_observed_RGI_n75_order_locked,Pressure,pressure_avg_hPa,2,S01,5,-235785.1759852927,-47157.03519705854
optionC_observed_RGI_n75_order_locked,Pressure,pressure_avg_hPa,2,S02,9,-14794.407595500368,-1643.8230661667076
optionC_observed_RGI_n75_order_locked,Pressure,pressure_avg_hPa,2,S03,9,61354.19536796095,6817.132818662328
optionC_observed_RGI_n75_order_locked,Pressure,pressure_avg_hPa,2,S04,8,40591.52214601675,5073.940268252094
optionC_observed_RGI_n75_order_locked,Pressure,pressure_avg_hPa,2,S05,7,-80060.1762774688,-11437.1680396384
optionC_observed_RGI_n75_order_locked,Pressure,pressure_avg_hPa,2,S06,5,-13348.713779650205,-2669.742755930041
optionC_observed_RGI_n75_order_locked,Pressure,pressure_avg_hPa,2,S07,7,-5802.465727117102,-828.9236753024431
optionC_observed_RGI_n75_order_locked,Pressure,pressure_avg_hPa,2,S08,9,55991.11588354053,6221.23509817117
optionC_observed_RGI_n75_order_locked,Pressure,pressure_avg_hPa,2,S09,8,-19518.66985330905,-2439.833731663631
optionC_observed_RGI_n75_order_locked,Pressure,pressure_avg_hPa,2,S10,8,2457.8768089419646,307.23460111774557
optionC_observed_RGI_n75_order_locked,Pressure,pressure_avg_hPa,3,S01,5,-258788.5540409471,-51757.710808189426
optionC_observed_RGI_n75_order_locked,Pressure,pressure_avg_hPa,3,S02,9,-117.31823950422904,-13.035359944914338
optionC_observed_RGI_n75_order_locked,Pressure,pressure_avg_hPa,3,S03,9,83186.97976917235,9242.99775213026
optionC_observed_RGI_n75_order_locked,Pressure,pressure_avg_hPa,3,S04,8,-15284.58839194812,-1910.573548993515
optionC_observed_RGI_n75_order_locked,Pressure,pressure_avg_hPa,3,S05,7,-65003.71751925382,-9286.245359893403
optionC_observed_RGI_n75_order_locked,Pressure,pressure_avg_hPa,3,S06,5,-18552.718976928834,-3710.5437953857668
optionC_observed_RGI_n75_order_locked,Pressure,pressure_avg_hPa,3,S07,7,-501.2933545149681,-71.61333635928115
optionC_observed_RGI_n75_order_locked,Pressure,pressure_avg_hPa,3,S08,9,46316.85343792988,5146.317048658875
optionC_observed_RGI_n75_order_locked,Pressure,pressure_avg_hPa,3,S09,8,4081.002642760342,510.12533034504276
optionC_observed_RGI_n75_order_locked,Pressure,pressure_avg_hPa,3,S10,8,46875.740845791406,5859.467605723926
optionC_observed_RGI_n75_order_locked,Pressure,pressure_avg_hPa,4,S01,5,-204595.2519353453,-40919.05038706906
optionC_observed_RGI_n75_order_locked,Pressure,pressure_avg_hPa,4,S02,9,29782.408941595193,3309.1565490661324
optionC_observed_RGI_n75_order_locked,Pressure,pressure_avg_hPa,4,S03,9,43370.069599104594,4818.896622122733
optionC_observed_RGI_n75_order_locked,Pressure,pressure_avg_hPa,4,S04,8,17998.422429182636,2249.8028036478295
optionC_observed_RGI_n75_order_locked,Pressure,pressure_avg_hPa,4,S05,7,-36004.99167310425,-5143.570239014893
optionC_observed_RGI_n75_order_locked,Pressure,pressure_avg_hPa,4,S06,5,11801.252319446337,2360.2504638892674
optionC_observed_RGI_n75_order_locked,Pressure,pressure_avg_hPa,4,S07,7,-4746.323502668554,-678.0462146669363
optionC_observed_RGI_n75_order_locked,Pressure,pressure_avg_hPa,4,S08,9,40574.90416003843,4508.322684448714
optionC_observed_RGI_n75_order_locked,Pressure,pressure_avg_hPa,4,S09,8,-18166.3620420788,-2270.79525525985
optionC_observed_RGI_n75_order_locked,Pressure,pressure_avg_hPa,4,S10,8,36464.793139888956,4558.0991424861195
optionC_observed_RGI_n75_order_locked,Pressure,pressure_avg_hPa,5,S01,5,-205450.6155461033,-41090.12310922066
optionC_observed_RGI_n75_order_locked,Pressure,pressure_avg_hPa,5,S02,9,36902.40881131967,4100.267645702185
optionC_observed_RGI_n75_order_locked,Pressure,pressure_avg_hPa,5,S03,9,46941.97878526686,5215.775420585207
optionC_observed_RGI_n75_order_locked,Pressure,pressure_avg_hPa,5,S04,8,30318.766739175204,3789.8458423969005
optionC_observed_RGI_n75_order_locked,Pressure,pressure_avg_hPa,5,S05,7,-34170.48585430158,-4881.49797918594
optionC_observed_RGI_n75_order_locked,Pressure,pressure_avg_hPa,5,S06,5,13998.578776783459,2799.7157553566917
optionC_observed_RGI_n75_order_locked,Pressure,pressure_avg_hPa,5,S07,7,-168.86795787443407,-24.12399398206201
optionC_observed_RGI_n75_order_locked,Pressure,pressure_avg_hPa,5,S08,9,40026.955560760405,4447.439506751156
optionC_observed_RGI_n75_order_locked,Pressure,pressure_avg_hPa,5,S09,8,-5839.4622393147165,-729.9327799143396
optionC_observed_RGI_n75_order_locked,Pressure,pressure_avg_hPa,5,S10,8,43082.211156707446,5385.276394588431
optionC_observed_RGI_n75_order_locked,Pressure,pressure_avg_hPa,6,S01,5,-152961.87810976407,-30592.375621952815
optionC_observed_RGI_n75_order_locked,Pressure,pressure_avg_hPa,6,S02,9,73447.7370931808,8160.859677020088
optionC_observed_RGI_n75_order_locked,Pressure,pressure_avg_hPa,6,S03,9,48074.55844753682,5341.617605281869
optionC_observed_RGI_n75_order_locked,Pressure,pressure_avg_hPa,6,S04,8,49151.56957232359,6143.946196540449
optionC_observed_RGI_n75_order_locked,Pressure,pressure_avg_hPa,6,S05,7,-21903.034481654187,-3129.004925950598
optionC_observed_RGI_n75_order_locked,Pressure,pressure_avg_hPa,6,S06,5,23956.415263017396,4791.2830526034795
optionC_observed_RGI_n75_order_locked,Pressure,pressure_avg_hPa,6,S07,7,-5683.342706358908,-811.9061009084154
optionC_observed_RGI_n75_order_locked,Pressure,pressure_avg_hPa,6,S08,9,45330.75243535211,5036.750270594679
optionC_observed_RGI_n75_order_locked,Pressure,pressure_avg_hPa,6,S09,8,-11832.565182594513,-1479.0706478243142
optionC_observed_RGI_n75_order_locked,Pressure,pressure_avg_hPa,6,S10,8,47659.84891313159,5957.481114141448
optionC_observed_RGI_n75_order_locked,Pressure,pressure_avg_hPa,7,S01,5,-175082.8389835569,-35016.56779671138
optionC_observed_RGI_n75_order_locked,Pressure,pressure_avg_hPa,7,S02,9,57254.0223179505,6361.558035327833
optionC_observed_RGI_n75_order_locked,Pressure,pressure_avg_hPa,7,S03,9,53764.96112731138,5973.884569701264
optionC_observed_RGI_n75_order_locked,Pressure,pressure_avg_hPa,7,S04,8,32715.474815791185,4089.434351973898
optionC_observed_RGI_n75_order_locked,Pressure,pressure_avg_hPa,7,S05,7,-21853.120561822387,-3121.8743659746265
optionC_observed_RGI_n75_order_locked,Pressure,pressure_avg_hPa,7,S06,5,19981.302731450476,3996.260546290095
optionC_observed_RGI_n75_order_locked,Pressure,pressure_avg_hPa,7,S07,7,2337.468440634393,333.92406294777044
optionC_observed_RGI_n75_order_locked,Pressure,pressure_avg_hPa,7,S08,9,56546.46033342952,6282.940037047724
optionC_observed_RGI_n75_order_locked,Pressure,pressure_avg_hPa,7,S09,8,-60878.43330704046,-7609.804163380058
optionC_observed_RGI_n75_order_locked,Pressure,pressure_avg_hPa,7,S10,8,35267.976177860655,4408.497022232582
optionC_observed_RGI_n75_order_locked,Pressure,pressure_avg_hPa,8,S01,5,-172168.09643627238,-34433.61928725448
optionC_observed_RGI_n75_order_locked,Pressure,pressure_avg_hPa,8,S02,9,63274.319105086164,7030.479900565129
optionC_observed_RGI_n75_order_locked,Pressure,pressure_avg_hPa,8,S03,9,50673.40755042147,5630.378616713497
optionC_observed_RGI_n75_order_locked,Pressure,pressure_avg_hPa,8,S04,8,16086.248743867614,2010.7810929834518
optionC_observed_RGI_n75_order_locked,Pressure,pressure_avg_hPa,8,S05,7,-20430.877801089766,-2918.6968287271093
optionC_observed_RGI_n75_order_locked,Pressure,pressure_avg_hPa,8,S06,5,13455.258727421977,2691.0517454843953
optionC_observed_RGI_n75_order_locked,Pressure,pressure_avg_hPa,8,S07,7,-859.2647697189714,-122.75210995985306
optionC_observed_RGI_n75_order_locked,Pressure,pressure_avg_hPa,8,S08,9,54325.04880658342,6036.116534064825
optionC_observed_RGI_n75_order_locked,Pressure,pressure_avg_hPa,8,S09,8,-68462.31842058267,-8557.789802572834
optionC_observed_RGI_n75_order_locked,Pressure,pressure_avg_hPa,8,S10,8,29071.358808624245,3633.9198510780307
optionC_observed_RGI_n75_order_locked,Pressure,pressure_avg_hPa,9,S01,5,-82273.30239525736,-16454.660479051472
optionC_observed_RGI_n75_order_locked,Pressure,pressure_avg_hPa,9,S02,9,42662.65347082969,4740.294830092188
optionC_observed_RGI_n75_order_locked,Pressure,pressure_avg_hPa,9,S03,9,-34444.62549335632,-3827.180610372924
optionC_observed_RGI_n75_order_locked,Pressure,pressure_avg_hPa,9,S04,8,-19681.11694566877,-2460.1396182085964
optionC_observed_RGI_n75_order_locked,Pressure,pressure_avg_hPa,9,S05,7,-43842.332727728295,-6263.190389675471
optionC_observed_RGI_n75_order_locked,Pressure,pressure_avg_hPa,9,S06,5,904.5123102956533,180.90246205913064
optionC_observed_RGI_n75_order_locked,Pressure,pressure_avg_hPa,9,S07,7,-16381.155931324709,-2340.165133046387
optionC_observed_RGI_n75_order_locked,Pressure,pressure_avg_hPa,9,S08,9,41397.42534514759,4599.713927238621
optionC_observed_RGI_n75_order_locked,Pressure,pressure_avg_hPa,9,S09,8,-62226.27491789856,-7778.28436473732
optionC_observed_RGI_n75_order_locked,Pressure,pressure_avg_hPa,9,S10,8,3530.168710770313,441.2710888462891
optionC_observed_RGI_n75_order_locked,Pressure,pressure_avg_hPa,10,S01,5,-86185.22906430086,-17237.04581286017
optionC_observed_RGI_n75_order_locked,Pressure,pressure_avg_hPa,10,S02,9,28733.95624372585,3192.661804858428
optionC_observed_RGI_n75_order_locked,Pressure,pressure_avg_hPa,10,S03,9,-31087.5343562561,-3454.1704840284556
optionC_observed_RGI_n75_order_locked,Pressure,pressure_avg_hPa,10,S04,8,-21007.4791020969,-2625.9348877621123
optionC_observed_RGI_n75_order_locked,Pressure,pressure_avg_hPa,10,S05,7,-49043.99931622631,-7006.285616603759
optionC_observed_RGI_n75_order_locked,Pressure,pressure_avg_hPa,10,S06,5,-2126.049854276025,-425.20997085520503
optionC_observed_RGI_n75_order_locked,Pressure,pressure_avg_hPa,10,S07,7,-13497.749793209525,-1928.2499704585036
optionC_observed_RGI_n75_order_locked,Pressure,pressure_avg_hPa,10,S08,9,41551.54164628528,4616.837960698364
optionC_observed_RGI_n75_order_locked,Pressure,pressure_avg_hPa,10,S09,8,-55796.86657768627,-6974.608322210784
optionC_observed_RGI_n75_order_locked,Pressure,pressure_avg_hPa,10,S10,8,638.0236043866826,79.75295054833532
optionC_observed_RGI_n75_order_locked,Discharge,discharge_mean_m3s,0,S01,5,-1783384.3363000609,-356676.8672600122
optionC_observed_RGI_n75_order_locked,Discharge,discharge_mean_m3s,0,S02,9,-1533784.5602737144,-170420.50669707937
optionC_observed_RGI_n75_order_locked,Discharge,discharge_mean_m3s,0,S03,9,280003.6481686332,31111.51646318147
optionC_observed_RGI_n75_order_locked,Discharge,discharge_mean_m3s,0,S04,8,-2452885.215188659,-306610.65189858235
optionC_observed_RGI_n75_order_locked,Discharge,discharge_mean_m3s,0,S05,7,381044.14112912735,54434.87730416105
optionC_observed_RGI_n75_order_locked,Discharge,discharge_mean_m3s,0,S06,5,476781.9988137353,95356.39976274707
optionC_observed_RGI_n75_order_locked,Discharge,discharge_mean_m3s,0,S07,7,-184306.32058632618,-26329.47436947517
optionC_observed_RGI_n75_order_locked,Discharge,discharge_mean_m3s,0,S08,9,-1799643.7210333704,-199960.41344815225
optionC_observed_RGI_n75_order_locked,Discharge,discharge_mean_m3s,0,S09,8,-3221494.676238908,-402686.8345298635
optionC_observed_RGI_n75_order_locked,Discharge,discharge_mean_m3s,0,S10,8,-4267327.316132767,-533415.9145165959
optionC_observed_RGI_n75_order_locked,Discharge,discharge_mean_m3s,1,S01,5,-493416.60009519116,-98683.32001903823
optionC_observed_RGI_n75_order_locked,Discharge,discharge_mean_m3s,1,S02,9,-480629.16422458255,-53403.240469398064
optionC_observed_RGI_n75_order_locked,Discharge,discharge_mean_m3s,1,S03,9,-134931.4980791742,-14992.3886754638
optionC_observed_RGI_n75_order_locked,Discharge,discharge_mean_m3s,1,S04,8,-714414.0774569949,-89301.75968212436
optionC_observed_RGI_n75_order_locked,Discharge,discharge_mean_m3s,1,S05,7,630172.7201815759,90024.6743116537
optionC_observed_RGI_n75_order_locked,Discharge,discharge_mean_m3s,1,S06,5,116024.94835923874,23204.989671847747
optionC_observed_RGI_n75_order_locked,Discharge,discharge_mean_m3s,1,S07,7,-31459.743714179087,-4494.249102025584
optionC_observed_RGI_n75_order_locked,Discharge,discharge_mean_m3s,1,S08,9,-311407.88740838214,-34600.87637870913
optionC_observed_RGI_n75_order_locked,Discharge,discharge_mean_m3s,1,S09,8,-327734.06209718087,-40966.75776214761
optionC_observed_RGI_n75_order_locked,Discharge,discharge_mean_m3s,1,S10,8,-992168.8577069393,-124021.10721336742
optionC_observed_RGI_n75_order_locked,Discharge,discharge_mean_m3s,2,S01,5,-284510.95000147814,-56902.190000295624
optionC_observed_RGI_n75_order_locked,Discharge,discharge_mean_m3s,2,S02,9,-1017933.451993722,-113103.71688819134
optionC_observed_RGI_n75_order_locked,Discharge,discharge_mean_m3s,2,S03,9,219187.9938668108,24354.221540756756
optionC_observed_RGI_n75_order_locked,Discharge,discharge_mean_m3s,2,S04,8,-715832.0151534945,-89479.00189418682
optionC_observed_RGI_n75_order_locked,Discharge,discharge_mean_m3s,2,S05,7,1041144.7343324488,148734.96204749268
optionC_observed_RGI_n75_order_locked,Discharge,discharge_mean_m3s,2,S06,5,213995.95099665306,42799.19019933061
optionC_observed_RGI_n75_order_locked,Discharge,discharge_mean_m3s,2,S07,7,246811.18674462003,35258.74096351715
optionC_observed_RGI_n75_order_locked,Discharge,discharge_mean_m3s,2,S08,9,-176709.3531901743,-19634.372576686033
optionC_observed_RGI_n75_order_locked,Discharge,discharge_mean_m3s,2,S09,8,-777775.676864695,-97221.95960808688
optionC_observed_RGI_n75_order_locked,Discharge,discharge_mean_m3s,2,S10,8,-1029275.25672368,-128659.40709046
optionC_observed_RGI_n75_order_locked,Discharge,discharge_mean_m3s,3,S01,5,-238610.5931281194,-47722.11862562388
optionC_observed_RGI_n75_order_locked,Discharge,discharge_mean_m3s,3,S02,9,-969915.8570920449,-107768.42856578277
optionC_observed_RGI_n75_order_locked,Discharge,discharge_mean_m3s,3,S03,9,-2264.3170629024826,-251.5907847669425
optionC_observed_RGI_n75_order_locked,Discharge,discharge_mean_m3s,3,S04,8,-326248.40649355936,-40781.05081169492
optionC_observed_RGI_n75_order_locked,Discharge,discharge_mean_m3s,3,S05,7,1240555.2416799502,177222.17738285003
optionC_observed_RGI_n75_order_locked,Discharge,discharge_mean_m3s,3,S06,5,60790.07035842679,12158.014071685358
optionC_observed_RGI_n75_order_locked,Discharge,discharge_mean_m3s,3,S07,7,437840.70497353,62548.672139075716
optionC_observed_RGI_n75_order_locked,Discharge,discharge_mean_m3s,3,S08,9,-173170.25900916132,-19241.139889906815
optionC_observed_RGI_n75_order_locked,Discharge,discharge_mean_m3s,3,S09,8,-1079618.5437996949,-134952.31797496186
optionC_observed_RGI_n75_order_locked,Discharge,discharge_mean_m3s,3,S10,8,-1152594.4013258978,-144074.30016573722
optionC_observed_RGI_n75_order_locked,Discharge,discharge_mean_m3s,4,S01,5,-415886.9519456462,-83177.39038912924
optionC_observed_RGI_n75_order_locked,Discharge,discharge_mean_m3s,4,S02,9,-1484261.0568013466,-164917.89520014962
optionC_observed_RGI_n75_order_locked,Discharge,discharge_mean_m3s,4,S03,9,-74524.5361699356,-8280.504018881733
optionC_observed_RGI_n75_order_locked,Discharge,discharge_mean_m3s,4,S04,8,-283448.4842409481,-35431.06053011851
optionC_observed_RGI_n75_order_locked,Discharge,discharge_mean_m3s,4,S05,7,970557.816840862,138651.11669155172
optionC_observed_RGI_n75_order_locked,Discharge,discharge_mean_m3s,4,S06,5,-42825.33701289229,-8565.067402578457
optionC_observed_RGI_n75_order_locked,Discharge,discharge_mean_m3s,4,S07,7,479164.5347103623,68452.07638719461
optionC_observed_RGI_n75_order_locked,Discharge,discharge_mean_m3s,4,S08,9,-581065.0061672428,-64562.778463026974
optionC_observed_RGI_n75_order_locked,Discharge,discharge_mean_m3s,4,S09,8,-1966518.1678705192,-245814.7709838149
optionC_observed_RGI_n75_order_locked,Discharge,discharge_mean_m3s,4,S10,8,-737281.0702521405,-92160.13378151756
optionC_observed_RGI_n75_order_locked,Discharge,discharge_mean_m3s,5,S01,5,-513424.2351457755,-102684.84702915509
optionC_observed_RGI_n75_order_locked,Discharge,discharge_mean_m3s,5,S02,9,-1151038.124857732,-127893.12498419246
optionC_observed_RGI_n75_order_locked,Discharge,discharge_mean_m3s,5,S03,9,16767.408318174403,1863.0453686860446
optionC_observed_RGI_n75_order_locked,Discharge,discharge_mean_m3s,5,S04,8,-197550.6564052424,-24693.8320506553
optionC_observed_RGI_n75_order_locked,Discharge,discharge_mean_m3s,5,S05,7,984850.0576567575,140692.8653795368
optionC_observed_RGI_n75_order_locked,Discharge,discharge_mean_m3s,5,S06,5,-34990.48073375093,-6998.096146750186
optionC_observed_RGI_n75_order_locked,Discharge,discharge_mean_m3s,5,S07,7,366486.36840612243,52355.19548658892
optionC_observed_RGI_n75_order_locked,Discharge,discharge_mean_m3s,5,S08,9,-396671.52465068403,-44074.613850076006
optionC_observed_RGI_n75_order_locked,Discharge,discharge_mean_m3s,5,S09,8,-1745976.1480437592,-218247.0185054699
optionC_observed_RGI_n75_order_locked,Discharge,discharge_mean_m3s,5,S10,8,-770269.359151373,-96283.66989392163
optionC_observed_RGI_n75_order_locked,Discharge,discharge_mean_m3s,6,S01,5,-1167947.261842106,-233589.4523684212
optionC_observed_RGI_n75_order_locked,Discharge,discharge_mean_m3s,6,S02,9,-866087.0675525803,-96231.89639473114
optionC_observed_RGI_n75_order_locked,Discharge,discharge_mean_m3s,6,S03,9,202027.56344929629,22447.50704992181
optionC_observed_RGI_n75_order_locked,Discharge,discharge_mean_m3s,6,S04,8,-460837.6915069128,-57604.7114383641
optionC_observed_RGI_n75_order_locked,Discharge,discharge_mean_m3s,6,S05,7,829883.4219887254,118554.77456981792
optionC_observed_RGI_n75_order_locked,Discharge,discharge_mean_m3s,6,S06,5,-23217.984065610275,-4643.596813122055
optionC_observed_RGI_n75_order_locked,Discharge,discharge_mean_m3s,6,S07,7,318669.5711404242,45524.22444863203
optionC_observed_RGI_n75_order_locked,Discharge,discharge_mean_m3s,6,S08,9,-459725.3061736012,-51080.58957484458
optionC_observed_RGI_n75_order_locked,Discharge,discharge_mean_m3s,6,S09,8,-1768527.0966511136,-221065.8870813892
optionC_observed_RGI_n75_order_locked,Discharge,discharge_mean_m3s,6,S10,8,-929079.6711931813,-116134.95889914766
optionC_observed_RGI_n75_order_locked,Discharge,discharge_mean_m3s,7,S01,5,-815063.6739820008,-163012.73479640015
optionC_observed_RGI_n75_order_locked,Discharge,discharge_mean_m3s,7,S02,9,-915412.0490135239,-101712.44989039154
optionC_observed_RGI_n75_order_locked,Discharge,discharge_mean_m3s,7,S03,9,208646.28417954105,23182.92046439345
optionC_observed_RGI_n75_order_locked,Discharge,discharge_mean_m3s,7,S04,8,-518343.19034376217,-64792.89879297027
optionC_observed_RGI_n75_order_locked,Discharge,discharge_mean_m3s,7,S05,7,747879.3922459179,106839.91317798827
optionC_observed_RGI_n75_order_locked,Discharge,discharge_mean_m3s,7,S06,5,-24939.3622599019,-4987.87245198038
optionC_observed_RGI_n75_order_locked,Discharge,discharge_mean_m3s,7,S07,7,351412.069308871,50201.72418698157
optionC_observed_RGI_n75_order_locked,Discharge,discharge_mean_m3s,7,S08,9,-524388.4303972935,-58265.381155254836
optionC_observed_RGI_n75_order_locked,Discharge,discharge_mean_m3s,7,S09,8,-1748628.5741276576,-218578.5717659572
optionC_observed_RGI_n75_order_locked,Discharge,discharge_mean_m3s,7,S10,8,-943709.3719251202,-117963.67149064003
optionC_observed_RGI_n75_order_locked,Discharge,discharge_mean_m3s,8,S01,5,-829432.5668494009,-165886.51336988018
optionC_observed_RGI_n75_order_locked,Discharge,discharge_mean_m3s,8,S02,9,-945623.3354864147,-105069.25949849053
optionC_observed_RGI_n75_order_locked,Discharge,discharge_mean_m3s,8,S03,9,337770.8493909263,37530.094376769586
optionC_observed_RGI_n75_order_locked,Discharge,discharge_mean_m3s,8,S04,8,-488853.4457417283,-61106.68071771604
optionC_observed_RGI_n75_order_locked,Discharge,discharge_mean_m3s,8,S05,7,731797.4596347451,104542.49423353502
optionC_observed_RGI_n75_order_locked,Discharge,discharge_mean_m3s,8,S06,5,-11498.031830793072,-2299.6063661586145
optionC_observed_RGI_n75_order_locked,Discharge,discharge_mean_m3s,8,S07,7,312762.63029790163,44680.37575684309
optionC_observed_RGI_n75_order_locked,Discharge,discharge_mean_m3s,8,S08,9,-530928.4294039768,-58992.04771155297
optionC_observed_RGI_n75_order_locked,Discharge,discharge_mean_m3s,8,S09,8,-1657213.9943690721,-207151.74929613402
optionC_observed_RGI_n75_order_locked,Discharge,discharge_mean_m3s,8,S10,8,-862667.5807481628,-107833.44759352035
optionC_observed_RGI_n75_order_locked,Discharge,discharge_mean_m3s,9,S01,5,-1141829.0169729313,-228365.80339458626
optionC_observed_RGI_n75_order_locked,Discharge,discharge_mean_m3s,9,S02,9,-952886.499493611,-105876.27772151234
optionC_observed_RGI_n75_order_locked,Discharge,discharge_mean_m3s,9,S03,9,378551.6390500501,42061.293227783346
optionC_observed_RGI_n75_order_locked,Discharge,discharge_mean_m3s,9,S04,8,-474877.3660722177,-59359.67075902721
optionC_observed_RGI_n75_order_locked,Discharge,discharge_mean_m3s,9,S05,7,753733.6565340667,107676.23664772381
optionC_observed_RGI_n75_order_locked,Discharge,discharge_mean_m3s,9,S06,5,24269.29357931907,4853.858715863814
optionC_observed_RGI_n75_order_locked,Discharge,discharge_mean_m3s,9,S07,7,356090.89266988164,50870.127524268806
optionC_observed_RGI_n75_order_locked,Discharge,discharge_mean_m3s,9,S08,9,-570769.5798253361,-63418.842202815125
optionC_observed_RGI_n75_order_locked,Discharge,discharge_mean_m3s,9,S09,8,-1572115.695924855,-196514.46199060688
optionC_observed_RGI_n75_order_locked,Discharge,discharge_mean_m3s,9,S10,8,-893219.6127833799,-111652.45159792248
optionC_observed_RGI_n75_order_locked,Discharge,discharge_mean_m3s,10,S01,5,-1081466.9981600237,-216293.39963200473
optionC_observed_RGI_n75_order_locked,Discharge,discharge_mean_m3s,10,S02,9,-825638.6706834912,-91737.63007594347
optionC_observed_RGI_n75_order_locked,Discharge,discharge_mean_m3s,10,S03,9,373077.29206636234,41453.032451818035
optionC_observed_RGI_n75_order_locked,Discharge,discharge_mean_m3s,10,S04,8,-516900.13716123346,-64612.51714515418
optionC_observed_RGI_n75_order_locked,Discharge,discharge_mean_m3s,10,S05,7,851551.8597664064,121650.2656809152
optionC_observed_RGI_n75_order_locked,Discharge,discharge_mean_m3s,10,S06,5,62063.48828792913,12412.697657585826
optionC_observed_RGI_n75_order_locked,Discharge,discharge_mean_m3s,10,S07,7,277618.39978240593,39659.77139748656
optionC_observed_RGI_n75_order_locked,Discharge,discharge_mean_m3s,10,S08,9,-517846.7105529502,-57538.523394772245
optionC_observed_RGI_n75_order_locked,Discharge,discharge_mean_m3s,10,S09,8,-1690663.826029707,-211332.97825371337
optionC_observed_RGI_n75_order_locked,Discharge,discharge_mean_m3s,10,S10,8,-637077.5075304263,-79634.68844130328
optionC_observed_RGI_n75_order_locked,Storage rate,storage_rate_pct,0,S01,5,302406.66593381064,60481.33318676213
optionC_observed_RGI_n75_order_locked,Storage rate,storage_rate_pct,0,S02,9,57899.41676658788,6433.268529620876
optionC_observed_RGI_n75_order_locked,Storage rate,storage_rate_pct,0,S03,9,-204235.21771853766,-22692.801968726406
optionC_observed_RGI_n75_order_locked,Storage rate,storage_rate_pct,0,S04,8,-67641.28915961276,-8455.161144951595
optionC_observed_RGI_n75_order_locked,Storage rate,storage_rate_pct,0,S05,7,-743.8186990200938,-106.25981414572769
optionC_observed_RGI_n75_order_locked,Storage rate,storage_rate_pct,0,S06,5,-44203.822879913976,-8840.764575982796
optionC_observed_RGI_n75_order_locked,Storage rate,storage_rate_pct,0,S07,7,300768.7786726559,42966.96838180799
optionC_observed_RGI_n75_order_locked,Storage rate,storage_rate_pct,0,S08,9,439314.15040285204,48812.68337809467
optionC_observed_RGI_n75_order_locked,Storage rate,storage_rate_pct,0,S09,8,80470.61111972237,10058.826389965296
optionC_observed_RGI_n75_order_locked,Storage rate,storage_rate_pct,0,S10,8,-62238.52849252521,-7779.816061565652
optionC_observed_RGI_n75_order_locked,Storage rate,storage_rate_pct,1,S01,5,194679.68236567447,38935.93647313489
optionC_observed_RGI_n75_order_locked,Storage rate,storage_rate_pct,1,S02,9,-121837.79224677366,-13537.53247186374
optionC_observed_RGI_n75_order_locked,Storage rate,storage_rate_pct,1,S03,9,-15989.261409629878,-1776.5846010699865
optionC_observed_RGI_n75_order_locked,Storage rate,storage_rate_pct,1,S04,8,-233832.0918669604,-29229.01148337005
optionC_observed_RGI_n75_order_locked,Storage rate,storage_rate_pct,1,S05,7,11846.110208444255,1692.3014583491793
optionC_observed_RGI_n75_order_locked,Storage rate,storage_rate_pct,1,S06,5,-17327.56795836827,-3465.5135916736535
optionC_observed_RGI_n75_order_locked,Storage rate,storage_rate_pct,1,S07,7,408599.9233482309,58371.41762117584
optionC_observed_RGI_n75_order_locked,Storage rate,storage_rate_pct,1,S08,9,134699.7668003541,14966.640755594899
optionC_observed_RGI_n75_order_locked,Storage rate,storage_rate_pct,1,S09,8,11184.840913096756,1398.1051141370945
optionC_observed_RGI_n75_order_locked,Storage rate,storage_rate_pct,1,S10,8,-113088.14686086934,-14136.018357608667
optionC_observed_RGI_n75_order_locked,Storage rate,storage_rate_pct,2,S01,5,190822.88361670976,38164.576723341954
optionC_observed_RGI_n75_order_locked,Storage rate,storage_rate_pct,2,S02,9,-23223.226945153598,-2580.358549461511
optionC_observed_RGI_n75_order_locked,Storage rate,storage_rate_pct,2,S03,9,-195563.82746671815,-21729.314162968683
optionC_observed_RGI_n75_order_locked,Storage rate,storage_rate_pct,2,S04,8,-201460.13858620037,-25182.517323275046
optionC_observed_RGI_n75_order_locked,Storage rate,storage_rate_pct,2,S05,7,-36010.50562706989,-5144.35794672427
optionC_observed_RGI_n75_order_locked,Storage rate,storage_rate_pct,2,S06,5,-17145.361094967637,-3429.0722189935273
optionC_observed_RGI_n75_order_locked,Storage rate,storage_rate_pct,2,S07,7,277962.0738079859,39708.86768685513
optionC_observed_RGI_n75_order_locked,Storage rate,storage_rate_pct,2,S08,9,195040.52126623553,21671.169029581724
optionC_observed_RGI_n75_order_locked,Storage rate,storage_rate_pct,2,S09,8,23875.398251372288,2984.424781421536
optionC_observed_RGI_n75_order_locked,Storage rate,storage_rate_pct,2,S10,8,-199066.5124168048,-24883.3140521006
optionC_observed_RGI_n75_order_locked,Storage rate,storage_rate_pct,3,S01,5,143628.51356516025,28725.70271303205
optionC_observed_RGI_n75_order_locked,Storage rate,storage_rate_pct,3,S02,9,-18010.691636244635,-2001.1879595827372
optionC_observed_RGI_n75_order_locked,Storage rate,storage_rate_pct,3,S03,9,-176976.45390037194,-19664.05043337466
optionC_observed_RGI_n75_order_locked,Storage rate,storage_rate_pct,3,S04,8,-143796.27816897043,-17974.534771121303
optionC_observed_RGI_n75_order_locked,Storage rate,storage_rate_pct,3,S05,7,21214.01494250408,3030.5735632148685
optionC_observed_RGI_n75_order_locked,Storage rate,storage_rate_pct,3,S06,5,-3059.2083148412717,-611.8416629682544
optionC_observed_RGI_n75_order_locked,Storage rate,storage_rate_pct,3,S07,7,218617.56538380674,31231.080769115248
optionC_observed_RGI_n75_order_locked,Storage rate,storage_rate_pct,3,S08,9,245663.60354350202,27295.955949278003
optionC_observed_RGI_n75_order_locked,Storage rate,storage_rate_pct,3,S09,8,16193.923772449976,2024.240471556247
optionC_observed_RGI_n75_order_locked,Storage rate,storage_rate_pct,3,S10,8,-248553.6224902998,-31069.202811287476
optionC_observed_RGI_n75_order_locked,Storage rate,storage_rate_pct,4,S01,5,193217.16683240124,38643.43336648025
optionC_observed_RGI_n75_order_locked,Storage rate,storage_rate_pct,4,S02,9,6286.761707154771,698.5290785727524
optionC_observed_RGI_n75_order_locked,Storage rate,storage_rate_pct,4,S03,9,-226093.42970598006,-25121.49218955334
optionC_observed_RGI_n75_order_locked,Storage rate,storage_rate_pct,4,S04,8,-142019.09511908048,-17752.38688988506
optionC_observed_RGI_n75_order_locked,Storage rate,storage_rate_pct,4,S05,7,41967.71852150027,5995.388360214324
optionC_observed_RGI_n75_order_locked,Storage rate,storage_rate_pct,4,S06,5,17657.46902858075,3531.49380571615
optionC_observed_RGI_n75_order_locked,Storage rate,storage_rate_pct,4,S07,7,226765.10584082984,32395.015120118547
optionC_observed_RGI_n75_order_locked,Storage rate,storage_rate_pct,4,S08,9,255554.10646210547,28394.90071801172
optionC_observed_RGI_n75_order_locked,Storage rate,storage_rate_pct,4,S09,8,41765.99323429301,5220.749154286626
optionC_observed_RGI_n75_order_locked,Storage rate,storage_rate_pct,4,S10,8,-259286.46445583086,-32410.808056978858
optionC_observed_RGI_n75_order_locked,Storage rate,storage_rate_pct,5,S01,5,195234.8119784452,39046.96239568904
optionC_observed_RGI_n75_order_locked,Storage rate,storage_rate_pct,5,S02,9,-12375.64826562077,-1375.0720295134188
optionC_observed_RGI_n75_order_locked,Storage rate,storage_rate_pct,5,S03,9,-271548.80726581893,-30172.089696202103
optionC_observed_RGI_n75_order_locked,Storage rate,storage_rate_pct,5,S04,8,-96589.1374511015,-12073.642181387688
optionC_observed_RGI_n75_order_locked,Storage rate,storage_rate_pct,5,S05,7,13319.817697840303,1902.8310996914718
optionC_observed_RGI_n75_order_locked,Storage rate,storage_rate_pct,5,S06,5,5038.039028980981,1007.6078057961962
optionC_observed_RGI_n75_order_locked,Storage rate,storage_rate_pct,5,S07,7,186364.624748578,26623.51782122543
optionC_observed_RGI_n75_order_locked,Storage rate,storage_rate_pct,5,S08,9,166258.918405043,18473.21315611589
optionC_observed_RGI_n75_order_locked,Storage rate,storage_rate_pct,5,S09,8,43224.0175781265,5403.002197265812
optionC_observed_RGI_n75_order_locked,Storage rate,storage_rate_pct,5,S10,8,-183989.17651770456,-22998.64706471307
optionC_observed_RGI_n75_order_locked,Storage rate,storage_rate_pct,6,S01,5,241065.8605562374,48213.17211124748
optionC_observed_RGI_n75_order_locked,Storage rate,storage_rate_pct,6,S02,9,8655.73417674274,961.7482418603045
optionC_observed_RGI_n75_order_locked,Storage rate,storage_rate_pct,6,S03,9,-307907.7033277945,-34211.967036421614
optionC_observed_RGI_n75_order_locked,Storage rate,storage_rate_pct,6,S04,8,-107301.44113754037,-13412.680142192547
optionC_observed_RGI_n75_order_locked,Storage rate,storage_rate_pct,6,S05,7,33867.81537998567,4838.259339997952
optionC_observed_RGI_n75_order_locked,Storage rate,storage_rate_pct,6,S06,5,3557.407067258708,711.4814134517417
optionC_observed_RGI_n75_order_locked,Storage rate,storage_rate_pct,6,S07,7,162635.64991857024,23233.664274081464
optionC_observed_RGI_n75_order_locked,Storage rate,storage_rate_pct,6,S08,9,156205.37398089495,17356.152664543883
optionC_observed_RGI_n75_order_locked,Storage rate,storage_rate_pct,6,S09,8,52834.39156162823,6604.298945203529
optionC_observed_RGI_n75_order_locked,Storage rate,storage_rate_pct,6,S10,8,-182421.42729587437,-22802.678411984296
optionC_observed_RGI_n75_order_locked,Storage rate,storage_rate_pct,7,S01,5,229976.7468413371,45995.349368267416
optionC_observed_RGI_n75_order_locked,Storage rate,storage_rate_pct,7,S02,9,5153.23107723153,572.5812308035033
optionC_observed_RGI_n75_order_locked,Storage rate,storage_rate_pct,7,S03,9,-309266.93387184374,-34362.992652427085
optionC_observed_RGI_n75_order_locked,Storage rate,storage_rate_pct,7,S04,8,-93686.85603324049,-11710.857004155061
optionC_observed_RGI_n75_order_locked,Storage rate,storage_rate_pct,7,S05,7,39846.88973937368,5692.412819910525
optionC_observed_RGI_n75_order_locked,Storage rate,storage_rate_pct,7,S06,5,6436.291261018923,1287.2582522037847
optionC_observed_RGI_n75_order_locked,Storage rate,storage_rate_pct,7,S07,7,132109.02449342463,18872.717784774948
optionC_observed_RGI_n75_order_locked,Storage rate,storage_rate_pct,7,S08,9,170868.52958510842,18985.392176123158
optionC_observed_RGI_n75_order_locked,Storage rate,storage_rate_pct,7,S09,8,21733.78067315396,2716.722584144245
optionC_observed_RGI_n75_order_locked,Storage rate,storage_rate_pct,7,S10,8,-114160.32668899262,-14270.040836124077
optionC_observed_RGI_n75_order_locked,Storage rate,storage_rate_pct,8,S01,5,228385.19689555667,45677.03937911133
optionC_observed_RGI_n75_order_locked,Storage rate,storage_rate_pct,8,S02,9,2613.151571283417,290.35017458704635
optionC_observed_RGI_n75_order_locked,Storage rate,storage_rate_pct,8,S03,9,-332270.3635631599,-36918.929284795544
optionC_observed_RGI_n75_order_locked,Storage rate,storage_rate_pct,8,S04,8,-87762.04490226725,-10970.255612783407
optionC_observed_RGI_n75_order_locked,Storage rate,storage_rate_pct,8,S05,7,50120.70056589621,7160.100080842315
optionC_observed_RGI_n75_order_locked,Storage rate,storage_rate_pct,8,S06,5,4133.546478782999,826.7092957565998
optionC_observed_RGI_n75_order_locked,Storage rate,storage_rate_pct,8,S07,7,103887.29091281717,14841.041558973882
optionC_observed_RGI_n75_order_locked,Storage rate,storage_rate_pct,8,S08,9,159225.90874130937,17691.76763792326
optionC_observed_RGI_n75_order_locked,Storage rate,storage_rate_pct,8,S09,8,16680.103432024727,2085.012929003091
optionC_observed_RGI_n75_order_locked,Storage rate,storage_rate_pct,8,S10,8,-103383.05744049326,-12922.882180061657
optionC_observed_RGI_n75_order_locked,Storage rate,storage_rate_pct,9,S01,5,236951.57824450734,47390.315648901465
optionC_observed_RGI_n75_order_locked,Storage rate,storage_rate_pct,9,S02,9,5130.030387025077,570.0033763361197
optionC_observed_RGI_n75_order_locked,Storage rate,storage_rate_pct,9,S03,9,-339022.631378801,-37669.18126431122
optionC_observed_RGI_n75_order_locked,Storage rate,storage_rate_pct,9,S04,8,-80487.59568753927,-10060.94946094241
optionC_observed_RGI_n75_order_locked,Storage rate,storage_rate_pct,9,S05,7,55822.47184716746,7974.638835309636
optionC_observed_RGI_n75_order_locked,Storage rate,storage_rate_pct,9,S06,5,5122.347271511054,1024.4694543022108
optionC_observed_RGI_n75_order_locked,Storage rate,storage_rate_pct,9,S07,7,94521.0928524003,13503.013264628613
optionC_observed_RGI_n75_order_locked,Storage rate,storage_rate_pct,9,S08,9,162882.17626243256,18098.01958471473
optionC_observed_RGI_n75_order_locked,Storage rate,storage_rate_pct,9,S09,8,8706.118798682164,1088.2648498352705
optionC_observed_RGI_n75_order_locked,Storage rate,storage_rate_pct,9,S10,8,-101024.63204056918,-12628.079005071148
optionC_observed_RGI_n75_order_locked,Storage rate,storage_rate_pct,10,S01,5,271705.4088567945,54341.08177135889
optionC_observed_RGI_n75_order_locked,Storage rate,storage_rate_pct,10,S02,9,-2458.000489707769,-273.11116552308545
optionC_observed_RGI_n75_order_locked,Storage rate,storage_rate_pct,10,S03,9,-340837.1462615154,-37870.794029057266
optionC_observed_RGI_n75_order_locked,Storage rate,storage_rate_pct,10,S04,8,-90459.07199399875,-11307.383999249843
optionC_observed_RGI_n75_order_locked,Storage rate,storage_rate_pct,10,S05,7,46459.68657099366,6637.098081570523
optionC_observed_RGI_n75_order_locked,Storage rate,storage_rate_pct,10,S06,5,5274.030715271082,1054.8061430542164
optionC_observed_RGI_n75_order_locked,Storage rate,storage_rate_pct,10,S07,7,70556.07680487062,10079.439543552946
optionC_observed_RGI_n75_order_locked,Storage rate,storage_rate_pct,10,S08,9,161621.73610810455,17957.970678678284
optionC_observed_RGI_n75_order_locked,Storage rate,storage_rate_pct,10,S09,8,26359.11788734446,3294.8897359180573
optionC_observed_RGI_n75_order_locked,Storage rate,storage_rate_pct,10,S10,8,-82082.4898146877,-10260.311226835962
