cohort,driver,column,group,n,community_pcs_k,crossfit,group_split_seed,rf_trees,rf_min_samples_leaf,rf_random_state,T_normal_comparability,p_normal_2s_comparability,mean_residual_product,n_site_clusters,cluster_df,se_cluster,T_cluster,p_t_cluster_df,p_exact_site_signflip_2s,site_signflip_enumerations,site_signflip_observed_reference_abs_sum,q_bh23_normal_comparability,q_bh23_t_cluster_df,q_bh23_site_signflip
optionC_date_aligned_n107_order_locked,Bloom,bloom,toxin,107,0,"5-fold GroupKFold, sites held out",1,200,3,0,2.34001717354434,0.0192828531843263,547.185605729758,10,9,239.36923444240912,2.2859479289574605,0.0480923643315854,0.0390625,1024,58548.85981308411,0.0443505623239505,0.1106124379626465,0.08167613636363637
optionC_date_aligned_n107_order_locked,Bloom,bloom,toxin,107,1,"5-fold GroupKFold, sites held out",1,200,3,0,-0.7824064066040789,0.4339757698930313,-148.15790280146695,10,9,163.95920445119197,-0.903626626497637,0.3897391181985267,0.416015625,1024,15852.895599756965,0.6238401692212325,0.5975999812377409,0.637890625
optionC_date_aligned_n107_order_locked,Bloom,bloom,toxin,107,2,"5-fold GroupKFold, sites held out",1,200,3,0,-0.9427646460436736,0.3458012988481891,-165.85536557859172,10,9,137.54575977668384,-1.2058195457851315,0.2586300772185116,0.26953125,1024,17746.524116909324,0.6000957889513197,0.6252344337928536,0.6888020833333334
optionC_date_aligned_n107_order_locked,Bloom,bloom,toxin,107,3,"5-fold GroupKFold, sites held out",1,200,3,0,-0.6937989999273287,0.4878082698878496,-122.8869567412085,10,9,155.6125185082132,-0.78969839907014,0.4500078667238132,0.455078125,1024,13148.904371309314,0.6947991943039639,0.7039541052709949,0.8722330729166666
optionC_date_aligned_n107_order_locked,Bloom,bloom,toxin,107,4,"5-fold GroupKFold, sites held out",1,200,3,0,-1.1487246866115324,0.2506695230621711,-155.89306782502055,10,9,100.341866347038,-1.5536193764410915,0.1546943794597714,0.173828125,1024,16680.558257277204,0.6347717583596314,0.6355646958280702,0.7427083333333333
optionC_date_aligned_n107_order_locked,Bloom,bloom,toxin,107,5,"5-fold GroupKFold, sites held out",1,200,3,0,-1.5270367960684377,0.1267518617998482,-242.9113676909074,10,9,117.2617542585126,-2.0715310735961747,0.0681946774585422,0.076171875,1024,25991.51634292709,0.8379525069084972,0.957388040431124,0.98828125
optionC_date_aligned_n107_order_locked,Bloom,bloom,toxin,107,6,"5-fold GroupKFold, sites held out",1,200,3,0,-2.00487923757364,0.0449759588464786,-319.58849191314545,10,9,117.58400420601848,-2.7179589100673565,0.0236868279273509,0.02734375,1024,34195.96863470657,0.5795094724089102,0.5447970423290713,0.5989583333333334
optionC_date_aligned_n107_order_locked,Bloom,bloom,toxin,107,7,"5-fold GroupKFold, sites held out",1,200,3,0,-1.4521538948756298,0.1464588190816798,-211.05071786750267,10,9,111.18164565350811,-1.898251430143707,0.0901397367657288,0.095703125,1024,22582.42681182278,0.4335673234565644,0.5354564743950099,0.494140625
optionC_date_aligned_n107_order_locked,Bloom,bloom,toxin,107,8,"5-fold GroupKFold, sites held out",1,200,3,0,-1.0439749931032505,0.2964969595140916,-149.4215931638593,10,9,119.02130143367816,-1.2554189154713706,0.2409414975144112,0.240234375,1024,15988.11046853295,0.7004996758802008,0.6157393825368288,0.6239149305555556
optionC_date_aligned_n107_order_locked,Bloom,bloom,toxin,107,9,"5-fold GroupKFold, sites held out",1,200,3,0,-1.013884991537108,0.3106376337032484,-129.22152072724424,10,9,83.68057690279478,-1.544223588197185,0.1569314767851655,0.166015625,1024,13826.702717815137,0.6242525117556131,0.5156319951512581,0.5454799107142857
optionC_date_aligned_n107_order_locked,Bloom,bloom,toxin,107,10,"5-fold GroupKFold, sites held out",1,200,3,0,-0.7383336964297691,0.4603116947727714,-78.36282696210759,10,9,68.61722958717617,-1.1420284297918195,0.2829144500291238,0.283203125,1024,8384.822484945513,0.6706295424926157,0.6533306050228366,0.6656605113636364
optionC_date_aligned_n107_order_locked,Microcystin,MC_ppb,toxin,107,0,"5-fold GroupKFold, sites held out",1,200,3,0,0.2783574706470378,0.7807379633367739,337.6770833260544,10,9,1545.632703527691,0.2184717511187189,0.8319351122530382,0.88671875,1024,36131.4479158878,0.8550939598450381,0.8319351122530382,0.88671875
optionC_date_aligned_n107_order_locked,Microcystin,MC_ppb,toxin,107,1,"5-fold GroupKFold, sites held out",1,200,3,0,-1.5650991914934675,0.1175596531328289,-2460.387680115916,10,9,1155.2830127563177,-2.1296839414662827,0.062053355376657,0.017578125,1024,263261.481772403,0.4506453370091774,0.4127059292135981,0.3369140625
optionC_date_aligned_n107_order_locked,Microcystin,MC_ppb,toxin,107,2,"5-fold GroupKFold, sites held out",1,200,3,0,-0.9951643298030276,0.3196563472553795,-1865.1307233609068,10,9,1646.9951679335068,-1.1324445630894568,0.2867152965034674,0.322265625,1024,199568.987399617,0.6000957889513197,0.6252344337928536,0.71875
optionC_date_aligned_n107_order_locked,Microcystin,MC_ppb,toxin,107,3,"5-fold GroupKFold, sites held out",1,200,3,0,-1.087819061112124,0.276674993038279,-2170.1153289431454,10,9,1873.2615415633204,-1.1584689488324664,0.2764877708240726,0.3125,1024,232202.3401969165,0.6469646476075208,0.7039541052709949,0.8722330729166666
optionC_date_aligned_n107_order_locked,Microcystin,MC_ppb,toxin,107,4,"5-fold GroupKFold, sites held out",1,200,3,0,-1.6466397829953845,0.0996321081922613,-3990.259281844352,10,9,2686.657836526298,-1.4852130508005217,0.171648254936329,0.154296875,1024,426957.7431573456,0.6347717583596314,0.6355646958280702,0.7427083333333333
optionC_date_aligned_n107_order_locked,Microcystin,MC_ppb,toxin,107,5,"5-fold GroupKFold, sites held out",1,200,3,0,-1.655205613036779,0.097882797039897,-3814.7192285136302,10,9,2534.1564116252016,-1.5053211439570062,0.166502267901065,0.12890625,1024,408174.9574509585,0.8379525069084972,0.957388040431124,0.98828125
optionC_date_aligned_n107_order_locked,Microcystin,MC_ppb,toxin,107,6,"5-fold GroupKFold, sites held out",1,200,3,0,-1.7768787458629418,0.0755881920533361,-4271.352693273233,10,9,2486.6620780654844,-1.7177053251224874,0.1199762419825535,0.052734375,1024,457034.738180236,0.5795094724089102,0.5970397524866651,0.5989583333333334
optionC_date_aligned_n107_order_locked,Microcystin,MC_ppb,toxin,107,7,"5-fold GroupKFold, sites held out",1,200,3,0,-1.735695016149715,0.0826177752035044,-2956.9264169038447,10,9,1741.333768476999,-1.69808136178857,0.1237181661089136,0.05859375,1024,316391.12660871143,0.4335673234565644,0.5354564743950099,0.494140625
optionC_date_aligned_n107_order_locked,Microcystin,MC_ppb,toxin,107,8,"5-fold GroupKFold, sites held out",1,200,3,0,-1.834623135378744,0.0665615483052819,-3129.389451599264,10,9,1747.0729397716009,-1.791218546380998,0.1068649440061469,0.0546875,1024,334844.67132112134,0.4067248394980918,0.6157393825368288,0.494140625
optionC_date_aligned_n107_order_locked,Microcystin,MC_ppb,toxin,107,9,"5-fold GroupKFold, sites held out",1,200,3,0,-1.7428424002529324,0.0813611476746358,-3276.8101386684693,10,9,1795.147202044796,-1.8253712759243128,0.101236788921604,0.072265625,1024,350618.6848375263,0.4695494436260564,0.3966533787336111,0.4641927083333333
optionC_date_aligned_n107_order_locked,Microcystin,MC_ppb,toxin,107,10,"5-fold GroupKFold, sites held out",1,200,3,0,-2.03383317817832,0.0419684181094277,-4095.191774224852,10,9,2256.778932779995,-1.814618044657224,0.1029783790750273,0.05859375,1024,438185.5198420592,0.3217578721722794,0.6533306050228366,0.5540364583333334
optionC_date_aligned_n107_order_locked,Chlorophyll a,Chl_a_mg_m3,toxin,107,0,"5-fold GroupKFold, sites held out",1,200,3,0,0.8704509332511031,0.3840540225490167,10786.112617695871,10,9,16257.939565738898,0.6634366288595352,0.5236790470732068,0.669921875,1024,1154114.0500934585,0.4907356954792992,0.6691454490379865,0.8275082236842105
optionC_date_aligned_n107_order_locked,Chlorophyll a,Chl_a_mg_m3,toxin,107,1,"5-fold GroupKFold, sites held out",1,200,3,0,0.4942897040577717,0.6211015954157899,4432.199427918078,10,9,10675.154734775637,0.4151883076204638,0.6877271604833305,0.853515625,1024,474245.3387872345,0.7518598260296404,0.8237982741274992,0.9147727272727273
optionC_date_aligned_n107_order_locked,Chlorophyll a,Chl_a_mg_m3,toxin,107,2,"5-fold GroupKFold, sites held out",1,200,3,0,0.9760983035278706,0.3290157519837957,9686.242721803912,10,9,12827.20454432219,0.7551327873766083,0.4694685933001045,0.576171875,1024,1036427.9712330188,0.6000957889513197,0.7094037519506348,0.836669921875
optionC_date_aligned_n107_order_locked,Chlorophyll a,Chl_a_mg_m3,toxin,107,3,"5-fold GroupKFold, sites held out",1,200,3,0,0.8993238143088929,0.3684802062607377,8731.056436987968,10,9,12752.165085736617,0.6846724754805531,0.5107959288122425,0.708984375,1024,934223.0387577123,0.6469646476075208,0.7039541052709949,0.8747944078947368
optionC_date_aligned_n107_order_locked,Chlorophyll a,Chl_a_mg_m3,toxin,107,4,"5-fold GroupKFold, sites held out",1,200,3,0,0.9492525631561428,0.3424921736485879,8761.70475771086,10,9,11621.96711031373,0.7538917185486977,0.4701773724033886,0.65625,1024,937502.4090750618,0.6347717583596314,0.6355646958280702,0.8385416666666666
optionC_date_aligned_n107_order_locked,Chlorophyll a,Chl_a_mg_m3,toxin,107,5,"5-fold GroupKFold, sites held out",1,200,3,0,1.0329723015520669,0.3016168610836871,9806.26384102284,10,9,12449.526210488872,0.7876816896663061,0.4511283946009088,0.63671875,1024,1049270.2309894438,0.8379525069084972,0.9877747407839864,0.98828125
optionC_date_aligned_n107_order_locked,Chlorophyll a,Chl_a_mg_m3,toxin,107,6,"5-fold GroupKFold, sites held out",1,200,3,0,0.8513604377149208,0.3945691613815176,7654.081770360502,10,9,11985.396733408192,0.6386173057605554,0.5389814349084272,0.798828125,1024,818986.7494285733,0.9427282223146336,0.9429917332244768,0.94140625
optionC_date_aligned_n107_order_locked,Chlorophyll a,Chl_a_mg_m3,toxin,107,7,"5-fold GroupKFold, sites held out",1,200,3,0,0.8042012536348301,0.4212807549204282,6454.569269703028,10,9,11537.277463665052,0.5594534143805364,0.5895015299113476,0.892578125,1024,690638.9118582241,0.7453428740899886,0.8228104452283728,0.896484375
optionC_date_aligned_n107_order_locked,Chlorophyll a,Chl_a_mg_m3,toxin,107,8,"5-fold GroupKFold, sites held out",1,200,3,0,0.8740383412031121,0.3820973739949003,7218.290245940788,10,9,11772.238291399028,0.6131620909521155,0.554945888100527,0.8515625,1024,772357.0563156641,0.7323533001568922,0.8017482022660412,0.9326636904761905
optionC_date_aligned_n107_order_locked,Chlorophyll a,Chl_a_mg_m3,toxin,107,9,"5-fold GroupKFold, sites held out",1,200,3,0,1.0673598860668951,0.2858093551750023,7916.406023674228,10,9,9660.810821153524,0.8194349491183793,0.4337011857797652,0.60546875,1024,847055.4445331425,0.6242525117556131,0.7673174825334308,0.7736545138888888
optionC_date_aligned_n107_order_locked,Chlorophyll a,Chl_a_mg_m3,toxin,107,10,"5-fold GroupKFold, sites held out",1,200,3,0,1.1029124744584875,0.2700651764367761,8187.35488305655,10,9,9831.3719787289,0.8327784668071417,0.426515696691797,0.5859375,1024,876046.9724870507,0.6535684225878404,0.6706226648587078,0.7486979166666666
optionC_date_aligned_n107_order_locked,Water temperature,water_temp_C,env,107,0,"5-fold GroupKFold, sites held out",1,200,3,0,3.252583624697856,0.0011436093945085,14846.932257111248,10,9,3737.229654165,3.972710705793771,0.0032413246350811,0.001953125,1024,1588621.7515109037,0.0060279885822856,0.034825397510531,0.014973958333333334
optionC_date_aligned_n107_order_locked,Water temperature,water_temp_C,env,107,1,"5-fold GroupKFold, sites held out",1,200,3,0,1.7764033412824185,0.0756664607830999,5255.960544530075,10,9,2764.578462507703,1.901179733478239,0.0897186802638256,0.087890625,1024,562387.7782647181,0.4350821495028245,0.4127059292135981,0.3369140625
optionC_date_aligned_n107_order_locked,Water temperature,water_temp_C,env,107,2,"5-fold GroupKFold, sites held out",1,200,3,0,1.467467207710314,0.1422490034851187,4162.264501318268,10,9,3030.849813146111,1.373299489557259,0.2028986387709495,0.19921875,1024,445362.30164105474,0.6000957889513197,0.6252344337928536,0.6888020833333334
optionC_date_aligned_n107_order_locked,Water temperature,water_temp_C,env,107,3,"5-fold GroupKFold, sites held out",1,200,3,0,1.312677926030697,0.1892914988159728,2980.9041544287224,10,9,2561.769407223148,1.1636114265490816,0.2745016717221444,0.283203125,1024,318956.7445238734,0.6469646476075208,0.7039541052709949,0.8722330729166666
optionC_date_aligned_n107_order_locked,Water temperature,water_temp_C,env,107,4,"5-fold GroupKFold, sites held out",1,200,3,0,0.9986235597028412,0.3179770828094956,2152.486468941945,10,9,2304.3807404708878,0.9340845595255656,0.3746421049968843,0.48046875,1024,230316.05217678816,0.6347717583596314,0.6355646958280702,0.7427083333333333
optionC_date_aligned_n107_order_locked,Water temperature,water_temp_C,env,107,5,"5-fold GroupKFold, sites held out",1,200,3,0,0.5345850731075259,0.5929368077068218,1160.898207629047,10,9,2363.541377661398,0.4911689799895509,0.6350615744366886,0.77734375,1024,124216.108216308,0.9953154829027464,0.9877747407839864,0.98828125
optionC_date_aligned_n107_order_locked,Water temperature,water_temp_C,env,107,6,"5-fold GroupKFold, sites held out",1,200,3,0,0.3977739197702036,0.6907968433733453,761.3442884879424,10,9,1990.593995099937,0.3824709058512554,0.7109876948913372,0.791015625,1024,81463.83886820984,0.9427282223146336,0.9429917332244768,0.94140625
optionC_date_aligned_n107_order_locked,Water temperature,water_temp_C,env,107,7,"5-fold GroupKFold, sites held out",1,200,3,0,1.4366902536518125,0.1508060255501093,2770.0016032563794,10,9,1864.8565954707324,1.4853697651519246,0.1716076151448894,0.140625,1024,296390.1715484326,0.4335673234565644,0.5354564743950099,0.494140625
optionC_date_aligned_n107_order_locked,Water temperature,water_temp_C,env,107,8,"5-fold GroupKFold, sites held out",1,200,3,0,1.478063402877842,0.1393908085488759,3230.3063029597765,10,9,2106.353321733587,1.533601352455506,0.159495155443102,0.1171875,1024,345642.7744166961,0.5239708852066279,0.6157393825368288,0.494140625
optionC_date_aligned_n107_order_locked,Water temperature,water_temp_C,env,107,9,"5-fold GroupKFold, sites held out",1,200,3,0,1.5707807469247226,0.1162335856609955,3069.051762081242,10,9,1679.0882925921544,1.8278084455840495,0.1008459014833324,0.09375,1024,328388.5385426929,0.5047706014195373,0.3966533787336111,0.4641927083333333
optionC_date_aligned_n107_order_locked,Water temperature,water_temp_C,env,107,10,"5-fold GroupKFold, sites held out",1,200,3,0,1.5265106809171132,0.1268827324911066,2761.830063358585,10,9,1761.540887547492,1.5678489684129595,0.1513604169871439,0.146484375,1024,295515.81677936856,0.6353560388459625,0.6533306050228366,0.6656605113636364
optionC_date_aligned_n107_order_locked,TP,TP_mg_L,env,107,0,"5-fold GroupKFold, sites held out",1,200,3,0,0.2001745477158439,0.8413440722871699,3.966689138789456,10,9,16.294905438976702,0.2434312462655541,0.8131292283971546,0.841796875,1024,424.435737850472,0.8747991909169477,0.8319351122530382,0.8800603693181818
optionC_date_aligned_n107_order_locked,TP,TP_mg_L,env,107,1,"5-fold GroupKFold, sites held out",1,200,3,0,1.423382457975286,0.1546253149086658,22.03385619891813,10,9,13.257043285463578,1.6620490500380565,0.1308676392159621,0.087890625,1024,2357.62261328424,0.5080546061284734,0.5016592836611881,0.3369140625
optionC_date_aligned_n107_order_locked,TP,TP_mg_L,env,107,2,"5-fold GroupKFold, sites held out",1,200,3,0,0.6082009751017682,0.5430541879782074,9.80558872431524,10,9,14.804182099873191,0.662352614833023,0.5243419036156866,0.7265625,1024,1049.1979935017305,0.7347203719705159,0.7094037519506348,0.9188565340909091
optionC_date_aligned_n107_order_locked,TP,TP_mg_L,env,107,3,"5-fold GroupKFold, sites held out",1,200,3,0,0.4993636038674205,0.6175232547472533,8.487027780647933,10,9,16.699782846106746,0.5082118647205363,0.6235266010919402,0.8984375,1024,908.1119725293285,0.7447087136058713,0.7547953592165593,0.9392755681818182
optionC_date_aligned_n107_order_locked,TP,TP_mg_L,env,107,4,"5-fold GroupKFold, sites held out",1,200,3,0,0.6877389600214703,0.4916171809607914,11.19357432689857,10,9,16.05103192288021,0.6973741240239205,0.5031839034904608,0.828125,1024,1197.7124529781474,0.6651291271822473,0.6355646958280702,0.90234375
optionC_date_aligned_n107_order_locked,TP,TP_mg_L,env,107,5,"5-fold GroupKFold, sites held out",1,200,3,0,0.0602391028296761,0.9519652026920948,1.0643655527783182,10,9,15.57839383452161,0.0683231894176209,0.9470222285824208,0.953125,1024,113.88711414727952,0.9953154829027464,0.9877747407839864,0.98828125
optionC_date_aligned_n107_order_locked,TP,TP_mg_L,env,107,6,"5-fold GroupKFold, sites held out",1,200,3,0,-0.0400872347079712,0.9680235788494236,-0.7025511239129909,10,9,16.831142365243743,-0.0417411432134135,0.9676164069686508,0.94140625,1024,75.17297025868996,0.9680235788494236,0.9676164069686508,0.94140625
optionC_date_aligned_n107_order_locked,TP,TP_mg_L,env,107,7,"5-fold GroupKFold, sites held out",1,200,3,0,-0.1225372608851593,0.9024735384074128,-2.0234812976817302,10,9,15.222114041243792,-0.132930373021722,0.8971731428081955,0.84765625,1024,216.51249885194545,0.9024735384074128,0.8971731428081955,0.896484375
optionC_date_aligned_n107_order_locked,TP,TP_mg_L,env,107,8,"5-fold GroupKFold, sites held out",1,200,3,0,-0.1357307160446166,0.8920341645281165,-2.1660502540125743,10,9,14.122424121727668,-0.1533766607872976,0.881485116829638,0.8203125,1024,231.7673771793453,0.9608318379915012,0.9654360803372226,0.9326636904761905
optionC_date_aligned_n107_order_locked,TP,TP_mg_L,env,107,9,"5-fold GroupKFold, sites held out",1,200,3,0,-0.1803300060912781,0.8568935003365383,-2.7795878774978395,10,9,13.052247776457913,-0.21295855894732,0.8361048144221801,0.755859375,1024,297.4159028922687,0.89584320489729,0.8741095787140974,0.7902166193181818
optionC_date_aligned_n107_order_locked,TP,TP_mg_L,env,107,10,"5-fold GroupKFold, sites held out",1,200,3,0,-0.0997010567537232,0.920581661556212,-1.5235304307473778,10,9,13.238113356400582,-0.1150866735863654,0.9109031969281276,0.8828125,1024,163.01775608996957,0.9624262825360396,0.9523078876975878,0.9229403409090909
optionC_date_aligned_n107_order_locked,TN,TN_mg_L,env,107,0,"5-fold GroupKFold, sites held out",1,200,3,0,-2.774996899599792,0.0055202234072955,-1057.729278412962,10,9,334.3329786002652,-3.1637001017407957,0.011481690612918,0.013671875,1024,113177.03279018692,0.0158706422959746,0.0377255548710165,0.039306640625
optionC_date_aligned_n107_order_locked,TN,TN_mg_L,env,107,1,"5-fold GroupKFold, sites held out",1,200,3,0,-1.629900399282186,0.1031225492670231,-326.46177009690985,10,9,164.00546942227936,-1.990554164119612,0.0777271654305343,0.083984375,1024,34931.40940036935,0.4506453370091774,0.4127059292135981,0.3369140625
optionC_date_aligned_n107_order_locked,TN,TN_mg_L,env,107,2,"5-fold GroupKFold, sites held out",1,200,3,0,-1.683180710633599,0.0923401137793826,-366.4266578131583,10,9,172.49285490325892,-2.124300499395557,0.0625986526728388,0.05859375,1024,39207.65238600793,0.5309556542314504,0.5890710809085011,0.5690104166666666
optionC_date_aligned_n107_order_locked,TN,TN_mg_L,env,107,3,"5-fold GroupKFold, sites held out",1,200,3,0,-0.6071431877441209,0.5437558911944065,-95.86122607137484,10,9,129.01557308238708,-0.7430205810128019,0.4764155224911882,0.5859375,1024,10257.151189637108,0.6947991943039639,0.7039541052709949,0.8747944078947368
optionC_date_aligned_n107_order_locked,TN,TN_mg_L,env,107,4,"5-fold GroupKFold, sites held out",1,200,3,0,-0.6235735090167054,0.5329077125835466,-109.42036503774884,10,9,165.48118582911806,-0.6612254105475188,0.5250317052492753,0.5625,1024,11707.97905903913,0.6809376327456429,0.6355646958280702,0.7610294117647058
optionC_date_aligned_n107_order_locked,TN,TN_mg_L,env,107,5,"5-fold GroupKFold, sites held out",1,200,3,0,-0.5432830748782319,0.5869349156619086,-97.95760738997824,10,9,194.4419613514702,-0.5037884143377449,0.6265102590645113,0.73046875,1024,10481.463990727674,0.9953154829027464,0.9877747407839864,0.98828125
optionC_date_aligned_n107_order_locked,TN,TN_mg_L,env,107,6,"5-fold GroupKFold, sites held out",1,200,3,0,0.331225020912285,0.7404745219617175,63.711527283964855,10,9,131.29605678427328,0.4852508814384764,0.6390917433755628,0.6328125,1024,6817.133419384236,0.9427282223146336,0.9429917332244768,0.94140625
optionC_date_aligned_n107_order_locked,TN,TN_mg_L,env,107,7,"5-fold GroupKFold, sites held out",1,200,3,0,-1.5670121645787984,0.1171118482646322,-246.83477121528048,10,9,148.08700130513458,-1.6668226720769046,0.1298993262961291,0.119140625,1024,26411.32052003502,0.4335673234565644,0.5354564743950099,0.494140625
optionC_date_aligned_n107_order_locked,TN,TN_mg_L,env,107,8,"5-fold GroupKFold, sites held out",1,200,3,0,-1.703800078257012,0.0884184433691503,-296.0402851826606,10,9,173.14349341345869,-1.7097973440776666,0.1214714964033784,0.095703125,1024,31676.310514544683,0.4067248394980918,0.6157393825368288,0.494140625
optionC_date_aligned_n107_order_locked,TN,TN_mg_L,env,107,9,"5-fold GroupKFold, sites held out",1,200,3,0,-2.073376962417329,0.038137211218898,-376.8160250402015,10,9,174.1704269740205,-2.1634902755127765,0.0587327856316754,0.056640625,1024,40319.31467930156,0.4385779290173272,0.3966533787336111,0.4641927083333333
optionC_date_aligned_n107_order_locked,TN,TN_mg_L,env,107,10,"5-fold GroupKFold, sites held out",1,200,3,0,-2.16596068794343,0.0303141911181077,-374.46484044035566,10,9,167.21942792906026,-2.239362047089501,0.0518973035421202,0.0546875,1024,40067.73792711805,0.3217578721722794,0.6533306050228366,0.5540364583333334
optionC_date_aligned_n107_order_locked,pH,pH_wq,env,107,0,"5-fold GroupKFold, sites held out",1,200,3,0,1.9846243785414115,0.0471862779564358,357.57287550586653,10,9,179.23002067038706,1.9950501270290029,0.0771660839604458,0.078125,1024,38260.29767912772,0.0904403660831686,0.1613472664627504,0.14973958333333334
optionC_date_aligned_n107_order_locked,pH,pH_wq,env,107,1,"5-fold GroupKFold, sites held out",1,200,3,0,-0.9492860662121326,0.342475138322559,-120.93791403631386,10,9,104.04140746972216,-1.1624017492411267,0.2749678360168842,0.2890625,1024,12940.356801885584,0.6238401692212325,0.5912747690032556,0.5770733173076923
optionC_date_aligned_n107_order_locked,pH,pH_wq,env,107,2,"5-fold GroupKFold, sites held out",1,200,3,0,-1.400300107685181,0.1614234686192137,-184.91454315968437,10,9,101.71988366868442,-1.8178800101853865,0.1024471445058262,0.1015625,1024,19785.856118086223,0.6000957889513197,0.5890710809085011,0.583984375
optionC_date_aligned_n107_order_locked,pH,pH_wq,env,107,3,"5-fold GroupKFold, sites held out",1,200,3,0,-0.8667013322253553,0.38610567531473,-109.88670766507371,10,9,81.76815028962547,-1.3438815391549328,0.2118820071865691,0.21875,1024,11757.877720162884,0.6469646476075208,0.7039541052709949,0.8722330729166666
optionC_date_aligned_n107_order_locked,pH,pH_wq,env,107,4,"5-fold GroupKFold, sites held out",1,200,3,0,-0.5526897914405594,0.5804758448896883,-67.6040009166925,10,9,89.3617739277806,-0.7565203547920607,0.4686769697206701,0.462890625,1024,7233.628098086099,0.6920527261998481,0.6355646958280702,0.7427083333333333
optionC_date_aligned_n107_order_locked,pH,pH_wq,env,107,5,"5-fold GroupKFold, sites held out",1,200,3,0,-0.0472189343864647,0.9623387368948816,-6.160139723104761,10,9,107.32623872229308,-0.0573963999525236,0.9554835429206348,0.94921875,1024,659.1349503722115,0.9953154829027464,0.9877747407839864,0.98828125
optionC_date_aligned_n107_order_locked,pH,pH_wq,env,107,6,"5-fold GroupKFold, sites held out",1,200,3,0,-0.1754863990550626,0.8606974569346635,-23.605590430553093,10,9,106.08485650498496,-0.2225161178348189,0.8288798225736931,0.826171875,1024,2525.798176069182,0.9427282223146336,0.9429917332244768,0.94140625
optionC_date_aligned_n107_order_locked,pH,pH_wq,env,107,7,"5-fold GroupKFold, sites held out",1,200,3,0,0.1958698434609473,0.8447120414756542,24.11530705470877,10,9,133.43307566193542,0.1807296049729607,0.8605840883361486,0.859375,1024,2580.337854853844,0.9024735384074128,0.8971731428081955,0.896484375
optionC_date_aligned_n107_order_locked,pH,pH_wq,env,107,8,"5-fold GroupKFold, sites held out",1,200,3,0,0.2689298320144734,0.7879836797343076,33.679312254994265,10,9,132.9506637251812,0.2533218813003587,0.8057111827893509,0.8046875,1024,3603.686411284388,0.9608318379915012,0.9265678602077536,0.9326636904761905
optionC_date_aligned_n107_order_locked,pH,pH_wq,env,107,9,"5-fold GroupKFold, sites held out",1,200,3,0,0.3790784695382785,0.7046295940529097,44.44613225942018,10,9,124.08374752524776,0.358194631818132,0.7284552810908931,0.724609375,1024,4755.73615175796,0.8724788341781275,0.7978319745281209,0.7902166193181818
optionC_date_aligned_n107_order_locked,pH,pH_wq,env,107,10,"5-fold GroupKFold, sites held out",1,200,3,0,0.4451175330630201,0.6562348188349125,52.5581405226484,10,9,131.2436769012338,0.4004622680771168,0.6981556289959174,0.6953125,1024,5623.721035923379,0.8290404709851339,0.8451357614161106,0.8416940789473685
optionC_date_aligned_n107_order_locked,DO,DO_mg_L_wq,env,107,0,"5-fold GroupKFold, sites held out",1,200,3,0,-3.05511482014854,0.0022497437488897,-3085.751374938132,10,9,809.4597257901803,-3.812112297404143,0.0041396876117395,0.001953125,1024,330175.39711838006,0.0086240177040773,0.034825397510531,0.014973958333333334
optionC_date_aligned_n107_order_locked,DO,DO_mg_L_wq,env,107,1,"5-fold GroupKFold, sites held out",1,200,3,0,-2.3928220768961324,0.0167193466332478,-1585.7810984071425,10,9,628.1027522756251,-2.5247160479106885,0.032516062261939,0.0390625,1024,169678.5775295643,0.3845449725646996,0.4127059292135981,0.3369140625
optionC_date_aligned_n107_order_locked,DO,DO_mg_L_wq,env,107,2,"5-fold GroupKFold, sites held out",1,200,3,0,-1.888494988860493,0.0589595300214464,-1156.3112521045662,10,9,617.9361898348857,-1.871247017290792,0.0941112886310107,0.07421875,1024,123725.3039751886,0.5309556542314504,0.5890710809085011,0.5690104166666666
optionC_date_aligned_n107_order_locked,DO,DO_mg_L_wq,env,107,3,"5-fold GroupKFold, sites held out",1,200,3,0,-1.715494663109264,0.0862545730336805,-881.0011259118418,10,9,663.5168881403428,-1.3277749845690412,0.216941801487579,0.20703125,1024,94267.12047256708,0.6469646476075208,0.7039541052709949,0.8722330729166666
optionC_date_aligned_n107_order_locked,DO,DO_mg_L_wq,env,107,4,"5-fold GroupKFold, sites held out",1,200,3,0,-1.1658837690915695,0.2436614421685075,-574.2434854529193,10,9,575.0652696575772,-0.9985709722912892,0.3440917324285539,0.40234375,1024,61444.052943462375,0.6347717583596314,0.6355646958280702,0.7427083333333333
optionC_date_aligned_n107_order_locked,DO,DO_mg_L_wq,env,107,5,"5-fold GroupKFold, sites held out",1,200,3,0,-0.3938894198416233,0.6936626819915626,-202.55943593555435,10,9,589.3088045755123,-0.343723756310515,0.738947691487342,0.771484375,1024,21673.859645104312,0.9953154829027464,0.9877747407839864,0.98828125
optionC_date_aligned_n107_order_locked,DO,DO_mg_L_wq,env,107,6,"5-fold GroupKFold, sites held out",1,200,3,0,-0.2785545065979381,0.7805867296884168,-134.15048921576758,10,9,542.4534915185119,-0.2473032090552772,0.8102228369937017,0.818359375,1024,14354.102346087137,0.9427282223146336,0.9429917332244768,0.94140625
optionC_date_aligned_n107_order_locked,DO,DO_mg_L_wq,env,107,7,"5-fold GroupKFold, sites held out",1,200,3,0,-1.5341146980536948,0.1250014380082487,-727.1604709382898,10,9,538.0430676889222,-1.3514911995087886,0.2095264465023951,0.20703125,1024,77806.17039039702,0.4335673234565644,0.5354564743950099,0.5690104166666666
optionC_date_aligned_n107_order_locked,DO,DO_mg_L_wq,env,107,8,"5-fold GroupKFold, sites held out",1,200,3,0,-1.406858337232752,0.1594693998454954,-708.2429866741182,10,9,538.999541429109,-1.3139955273362116,0.2213510985909697,0.22265625,1024,75781.99957413065,0.5239708852066279,0.6157393825368288,0.6239149305555556
optionC_date_aligned_n107_order_locked,DO,DO_mg_L_wq,env,107,9,"5-fold GroupKFold, sites held out",1,200,3,0,-1.4268406359664008,0.1536258352146418,-717.0212732477556,10,9,528.0213915333901,-1.3579398197590142,0.2075477218909462,0.21484375,1024,76721.27623750985,0.5047706014195373,0.5966997004364704,0.61767578125
optionC_date_aligned_n107_order_locked,DO,DO_mg_L_wq,env,107,10,"5-fold GroupKFold, sites held out",1,200,3,0,-1.3006764421654322,0.1933692292139885,-558.5896221370641,10,9,478.8000288357355,-1.1666449216708432,0.2733354609112565,0.25,1024,59769.08956866587,0.6353560388459625,0.6533306050228366,0.6656605113636364
optionC_date_aligned_n107_order_locked,BOD,BOD_mg_L,env,107,0,"5-fold GroupKFold, sites held out",1,200,3,0,3.213685260977189,0.0013104323004968,1039.0794182898069,10,9,408.6326930959077,2.542820082302937,0.0315643954176967,0.015625,1024,111181.49775700936,0.0060279885822856,0.0806645660674473,0.03993055555555555
optionC_date_aligned_n107_order_locked,BOD,BOD_mg_L,env,107,1,"5-fold GroupKFold, sites held out",1,200,3,0,0.0596182772580757,0.9524596611141728,14.054840517425411,10,9,269.52002621614616,0.0521476667791427,0.9595501390200888,0.96484375,1024,1503.867935364528,0.9524596611141728,0.9595501390200888,0.96484375
optionC_date_aligned_n107_order_locked,BOD,BOD_mg_L,env,107,2,"5-fold GroupKFold, sites held out",1,200,3,0,0.811304689502568,0.4171907176721698,191.03541333072255,10,9,271.08334413769296,0.7047109955737039,0.4988191612122088,0.58203125,1024,20440.78922638732,0.6396924337639938,0.7094037519506348,0.836669921875
optionC_date_aligned_n107_order_locked,BOD,BOD_mg_L,env,107,3,"5-fold GroupKFold, sites held out",1,200,3,0,0.9344275320047932,0.3500834012802092,214.07386016618963,10,9,265.5353183820973,0.806197312924467,0.4409103836049613,0.5546875,1024,22905.903037782293,0.6469646476075208,0.7039541052709949,0.8747944078947368
optionC_date_aligned_n107_order_locked,BOD,BOD_mg_L,env,107,4,"5-fold GroupKFold, sites held out",1,200,3,0,0.9056432926723136,0.36512468635187,174.01226462836206,10,9,199.1306009788406,0.8738599882338146,0.4049081956147006,0.46484375,1024,18619.31231523474,0.6347717583596314,0.6355646958280702,0.7427083333333333
optionC_date_aligned_n107_order_locked,BOD,BOD_mg_L,env,107,5,"5-fold GroupKFold, sites held out",1,200,3,0,0.978363731886355,0.3278944592250641,180.9167190943582,10,9,192.47975898643855,0.9399259436266488,0.3717957524608535,0.455078125,1024,19358.08894309633,0.8379525069084972,0.9877747407839864,0.98828125
optionC_date_aligned_n107_order_locked,BOD,BOD_mg_L,env,107,6,"5-fold GroupKFold, sites held out",1,200,3,0,0.2222672211504333,0.8241058676291153,34.618618653852884,10,9,188.3086852173217,0.183839734284696,0.8582144786651672,0.8671875,1024,3704.1921959622578,0.9427282223146336,0.9429917332244768,0.94140625
optionC_date_aligned_n107_order_locked,BOD,BOD_mg_L,env,107,7,"5-fold GroupKFold, sites held out",1,200,3,0,0.2827376456228598,0.7773779561359286,44.844761679834406,10,9,202.67921457592536,0.2212597960460083,0.8298285796904088,0.849609375,1024,4798.389499742276,0.9024735384074128,0.8971731428081955,0.896484375
optionC_date_aligned_n107_order_locked,BOD,BOD_mg_L,env,107,8,"5-fold GroupKFold, sites held out",1,200,3,0,0.4943956877525968,0.6210267588542369,78.95979394729085,10,9,199.4900232086825,0.3958082348042668,0.7014655525832536,0.720703125,1024,8448.697952360124,0.8927259658529655,0.9265678602077536,0.9326636904761905
optionC_date_aligned_n107_order_locked,BOD,BOD_mg_L,env,107,9,"5-fold GroupKFold, sites held out",1,200,3,0,0.7964255072691583,0.4257847573815232,125.87889510030408,10,9,190.35906643366255,0.6612708155099672,0.5250039087837637,0.53515625,1024,13469.041775732534,0.6528699613183356,0.7766385315126412,0.7736545138888888
optionC_date_aligned_n107_order_locked,BOD,BOD_mg_L,env,107,10,"5-fold GroupKFold, sites held out",1,200,3,0,0.8682022671101277,0.3852836133614179,139.13307700279117,10,9,194.4794985822961,0.7154125654222393,0.4924952610054233,0.49609375,1024,14887.239239298657,0.6706295424926157,0.6884092633567422,0.7134650735294118
optionC_date_aligned_n107_order_locked,COD,COD_mg_L,env,107,0,"5-fold GroupKFold, sites held out",1,200,3,0,1.799280194603057,0.0719743693780601,3248.612176318165,10,9,1832.86487887114,1.7724231686511356,0.1100849089152534,0.02734375,1024,347601.5028660436,0.1273392688996448,0.1947656080808329,0.062890625
optionC_date_aligned_n107_order_locked,COD,COD_mg_L,env,107,1,"5-fold GroupKFold, sites held out",1,200,3,0,0.8150268057090502,0.415056966457243,1041.1758347752886,10,9,1315.9686002069182,0.7911859254176565,0.4491825518015864,0.568359375,1024,111405.81432095592,0.6238401692212325,0.6456999182147806,0.7953814338235294
optionC_date_aligned_n107_order_locked,COD,COD_mg_L,env,107,2,"5-fold GroupKFold, sites held out",1,200,3,0,1.0420648874056184,0.2973815963637407,1431.848793408756,10,9,1463.304521572299,0.9785036349578524,0.3533933756220477,0.4453125,1024,153207.8208947369,0.6000957889513197,0.6252344337928536,0.7315848214285714
optionC_date_aligned_n107_order_locked,COD,COD_mg_L,env,107,3,"5-fold GroupKFold, sites held out",1,200,3,0,1.0768444333204013,0.2815497709477559,1530.7712245324535,10,9,1519.3559067622125,1.0075132611914268,0.3400062856720096,0.419921875,1024,163792.5210249725,0.6469646476075208,0.7039541052709949,0.8722330729166666
optionC_date_aligned_n107_order_locked,COD,COD_mg_L,env,107,4,"5-fold GroupKFold, sites held out",1,200,3,0,1.119128675725947,0.2630852479116461,1536.9813387994498,10,9,1389.8976676073887,1.1058233815481215,0.2974850533471946,0.26953125,1024,164457.00325154111,0.6347717583596314,0.6355646958280702,0.7427083333333333
optionC_date_aligned_n107_order_locked,COD,COD_mg_L,env,107,5,"5-fold GroupKFold, sites held out",1,200,3,0,1.0207408223952288,0.3073772481678849,1429.0447495149892,10,9,1328.537108349959,1.0756528670018564,0.3100712204347264,0.30859375,1024,152907.78819810384,0.8379525069084972,0.9877747407839864,0.98828125
optionC_date_aligned_n107_order_locked,COD,COD_mg_L,env,107,6,"5-fold GroupKFold, sites held out",1,200,3,0,0.8718117019196556,0.3833111096871628,1079.6600872799968,10,9,1268.7907377188585,0.8509362932622783,0.4168692871108398,0.72265625,1024,115523.62933895968,0.9427282223146336,0.9429917332244768,0.94140625
optionC_date_aligned_n107_order_locked,COD,COD_mg_L,env,107,7,"5-fold GroupKFold, sites held out",1,200,3,0,0.9181655109409722,0.3585322218417874,1192.216742646321,10,9,1375.129028875406,0.8669853647270669,0.4084697470045455,0.734375,1024,127567.19146315638,0.6871867585300926,0.7288090585922664,0.896484375
optionC_date_aligned_n107_order_locked,COD,COD_mg_L,env,107,8,"5-fold GroupKFold, sites held out",1,200,3,0,0.9851271616014288,0.3245616130938891,1219.9629530150676,10,9,1297.5222592287491,0.9402250669211772,0.371650422022108,0.591796875,1024,130536.0359726122,0.7004996758802008,0.7996691626907726,0.9326636904761905
optionC_date_aligned_n107_order_locked,COD,COD_mg_L,env,107,9,"5-fold GroupKFold, sites held out",1,200,3,0,1.1138539937182776,0.2653418290055582,1299.7281593435705,10,9,1170.414885501169,1.1104849873701237,0.2955765441749454,0.2890625,1024,139070.91304976202,0.6242525117556131,0.6798260516023744,0.6901633522727273
optionC_date_aligned_n107_order_locked,COD,COD_mg_L,env,107,10,"5-fold GroupKFold, sites held out",1,200,3,0,1.1681250073055554,0.2427563444914833,1373.8172356058503,10,9,1206.0154564613522,1.139137337125725,0.2840567847925376,0.2890625,1024,146998.44420982606,0.6535684225878404,0.6533306050228366,0.6656605113636364
optionC_date_aligned_n107_order_locked,EC,EC_uS_cm,env,107,0,"5-fold GroupKFold, sites held out",1,200,3,0,0.9675895185922436,0.3332494139760762,38547.94378257199,10,9,41347.064330369314,0.9323018310216192,0.3755139231191395,0.36328125,1024,4124629.9847352025,0.4508668542029266,0.5080482489258946,0.4914981617647059
optionC_date_aligned_n107_order_locked,EC,EC_uS_cm,env,107,1,"5-fold GroupKFold, sites held out",1,200,3,0,-1.2370142086411973,0.2160818076961468,-34292.375191125095,10,9,27333.22226726308,-1.2546041903078868,0.2412237979261806,0.2421875,1024,3669284.145450384,0.5574125264329199,0.5912747690032556,0.5770733173076923
optionC_date_aligned_n107_order_locked,EC,EC_uS_cm,env,107,2,"5-fold GroupKFold, sites held out",1,200,3,0,-0.9053581152303458,0.3652756976225424,-25372.15252395264,10,9,29018.29546135937,-0.8743502028828015,0.4046550633580843,0.40625,1024,2714820.320062933,0.6000957889513197,0.6647904612311385,0.71875
optionC_date_aligned_n107_order_locked,EC,EC_uS_cm,env,107,3,"5-fold GroupKFold, sites held out",1,200,3,0,-0.3009815691852439,0.7634285489145485,-6948.064050070697,10,9,17735.220108772515,-0.3917664403067611,0.7043454653225866,0.697265625,1024,743442.8533575644,0.8361360297635531,0.8099972851209746,0.8747944078947368
optionC_date_aligned_n107_order_locked,EC,EC_uS_cm,env,107,4,"5-fold GroupKFold, sites held out",1,200,3,0,-0.2864558281798635,0.7745290205223525,-6434.869832605162,10,9,19298.792200380933,-0.3334338110795424,0.7464436654410409,0.740234375,1024,688531.0720887529,0.8101287748985201,0.8175335383401877,0.8960731907894737
optionC_date_aligned_n107_order_locked,EC,EC_uS_cm,env,107,5,"5-fold GroupKFold, sites held out",1,200,3,0,-0.1386923985038845,0.8896932251597438,-3090.8545680650204,10,9,20255.65654799013,-0.1525921690438472,0.8820860824655067,0.888671875,1024,330721.43878295785,0.9953154829027464,0.9877747407839864,0.98828125
optionC_date_aligned_n107_order_locked,EC,EC_uS_cm,env,107,6,"5-fold GroupKFold, sites held out",1,200,3,0,-0.1234635469270768,0.9017400387357364,-2946.7980610362683,10,9,23264.94243349696,-0.1266625984336611,0.9019920926494994,0.896484375,1024,315307.3925308804,0.9427282223146336,0.9429917332244768,0.94140625
optionC_date_aligned_n107_order_locked,EC,EC_uS_cm,env,107,7,"5-fold GroupKFold, sites held out",1,200,3,0,-1.0048168327695792,0.3149850569861527,-22235.161915989207,10,9,27297.874743772296,-0.8145382058016041,0.4363585867939946,0.451171875,1024,2379162.325010845,0.6707339453082513,0.7288090585922664,0.7982271634615384
optionC_date_aligned_n107_order_locked,EC,EC_uS_cm,env,107,8,"5-fold GroupKFold, sites held out",1,200,3,0,-0.7090421149385729,0.4782983423555174,-16112.805990379404,10,9,26451.58269139669,-0.6091433612257936,0.5574909086040496,0.556640625,1024,1724070.240970597,0.7857758481554928,0.8017482022660412,0.9326636904761905
optionC_date_aligned_n107_order_locked,EC,EC_uS_cm,env,107,9,"5-fold GroupKFold, sites held out",1,200,3,0,-0.8419842773108875,0.3997967542122955,-19701.848221804543,10,9,27809.55042057536,-0.7084561930648042,0.4966002546918028,0.49609375,1024,2108097.759733085,0.6528699613183356,0.7766385315126412,0.7736545138888888
optionC_date_aligned_n107_order_locked,EC,EC_uS_cm,env,107,10,"5-fold GroupKFold, sites held out",1,200,3,0,-1.0710205632238476,0.2841601837338436,-23367.89861607425,10,9,28164.238766484614,-0.8297010549378668,0.4281656248627262,0.42578125,1024,2500365.151919944,0.6535684225878404,0.6706226648587078,0.6994977678571429
optionC_date_aligned_n107_order_locked,NH3-N,NH3N_mg_L,env,107,0,"5-fold GroupKFold, sites held out",1,200,3,0,-0.4747494630727405,0.6349655577977535,-17.31450256645414,10,9,36.66219184408499,-0.4722713426433513,0.6479744869440396,0.68359375,1024,1852.6517746105928,0.7686425173341227,0.7843901684059427,0.8275082236842105
optionC_date_aligned_n107_order_locked,NH3-N,NH3N_mg_L,env,107,1,"5-fold GroupKFold, sites held out",1,200,3,0,0.8906821928158295,0.3730996905726593,19.011179059289223,10,9,18.558543499642084,1.0243896057713726,0.3323956442338622,0.322265625,1024,2034.196159343947,0.6238401692212325,0.5912747690032556,0.5770733173076923
optionC_date_aligned_n107_order_locked,NH3-N,NH3N_mg_L,env,107,2,"5-fold GroupKFold, sites held out",1,200,3,0,0.5576723335073219,0.5770681531882302,13.154276196155116,10,9,10.1191327400995,1.2999410655053598,0.2259257195086531,0.21484375,1024,1407.5075529885971,0.737364862407183,0.6252344337928536,0.6888020833333334
optionC_date_aligned_n107_order_locked,NH3-N,NH3N_mg_L,env,107,3,"5-fold GroupKFold, sites held out",1,200,3,0,1.3054325940627305,0.1917455857382948,27.122121526890822,10,9,7.407778354445079,3.661303055944708,0.0052249322786372,0.0078125,1024,2902.0670033773185,0.6469646476075208,0.1201734424086569,0.1796875
optionC_date_aligned_n107_order_locked,NH3-N,NH3N_mg_L,env,107,4,"5-fold GroupKFold, sites held out",1,200,3,0,1.098420893356804,0.2720207431470494,23.692418870747343,10,9,12.901947975120404,1.8363443192016315,0.0994879455395729,0.107421875,1024,2535.088819169966,0.6347717583596314,0.6355646958280702,0.7427083333333333
optionC_date_aligned_n107_order_locked,NH3-N,NH3N_mg_L,env,107,5,"5-fold GroupKFold, sites held out",1,200,3,0,0.659616343363626,0.5095000635655944,13.958987315469312,10,9,11.610002538002725,1.2023242260092293,0.2599155496487561,0.28125,1024,1493.6116427552167,0.9953154829027464,0.9877747407839864,0.98828125
optionC_date_aligned_n107_order_locked,NH3-N,NH3N_mg_L,env,107,6,"5-fold GroupKFold, sites held out",1,200,3,0,0.5095779990746232,0.6103471405970213,11.226588774194363,10,9,10.90984516592276,1.0290328234227342,0.330324507732516,0.33203125,1024,1201.2449988387962,0.9427282223146336,0.9429917332244768,0.94140625
optionC_date_aligned_n107_order_locked,NH3-N,NH3N_mg_L,env,107,7,"5-fold GroupKFold, sites held out",1,200,3,0,-0.4458064908389313,0.6557370327604184,-8.643559927310667,10,9,8.90381351955417,-0.9707705477353108,0.3570272425347049,0.365234375,1024,924.8609122222416,0.8871736325582131,0.7288090585922664,0.763671875
optionC_date_aligned_n107_order_locked,NH3-N,NH3N_mg_L,env,107,8,"5-fold GroupKFold, sites held out",1,200,3,0,-0.1688504302550048,0.8659142901606052,-3.2552334873671604,10,9,10.884780655002794,-0.2990628466060095,0.7716828082877133,0.76953125,1024,348.30998314828616,0.9608318379915012,0.9265678602077536,0.9326636904761905
optionC_date_aligned_n107_order_locked,NH3-N,NH3N_mg_L,env,107,9,"5-fold GroupKFold, sites held out",1,200,3,0,-0.2365591784830397,0.8129987922021393,-4.696855250788143,10,9,11.9937935187529,-0.39160714609972,0.7044590701319141,0.720703125,1024,502.563511834331,0.89584320489729,0.7978319745281209,0.7902166193181818
optionC_date_aligned_n107_order_locked,NH3-N,NH3N_mg_L,env,107,10,"5-fold GroupKFold, sites held out",1,200,3,0,-0.1500960338494437,0.8806888490679956,-2.8960730941990653,10,9,12.66264843723139,-0.2287099028733892,0.8242066735980692,0.8359375,1024,309.8798210792995,0.9624262825360396,0.9151979483615637,0.9155505952380952
optionC_date_aligned_n107_order_locked,NO3-N,NO3N_mg_L,env,107,0,"5-fold GroupKFold, sites held out",1,200,3,0,-3.293100894580551,0.0009908890952583,-1337.8137326404053,10,9,445.7287623859378,-3.0014076845282167,0.0149222645059565,0.01171875,1024,143146.06939252338,0.0060279885822856,0.042901510454625,0.03850446428571429
optionC_date_aligned_n107_order_locked,NO3-N,NO3N_mg_L,env,107,1,"5-fold GroupKFold, sites held out",1,200,3,0,-2.006909307800321,0.044759320595602,-460.6253555575878,10,9,213.7361833466205,-2.1551117286050805,0.0595393168911057,0.060546875,1024,49286.9130446619,0.4350821495028245,0.4127059292135981,0.3369140625
optionC_date_aligned_n107_order_locked,NO3-N,NO3N_mg_L,env,107,2,"5-fold GroupKFold, sites held out",1,200,3,0,-1.7508903279493877,0.07996480315269,-454.9952230845964,10,9,241.72268024272557,-1.8823025734602707,0.0924658546973386,0.06640625,1024,48684.48887005183,0.5309556542314504,0.5890710809085011,0.5690104166666666
optionC_date_aligned_n107_order_locked,NO3-N,NO3N_mg_L,env,107,3,"5-fold GroupKFold, sites held out",1,200,3,0,-1.2093303262155355,0.2265359644396856,-261.862565365127,10,9,227.07443326815428,-1.153201448513101,0.2785340511485117,0.271484375,1024,28019.29449406859,0.6469646476075208,0.7039541052709949,0.8722330729166666
optionC_date_aligned_n107_order_locked,NO3-N,NO3N_mg_L,env,107,4,"5-fold GroupKFold, sites held out",1,200,3,0,-1.3283304914965943,0.1840689509072124,-275.3275317759592,10,9,228.08692713269292,-1.2071166692327933,0.2581543510103822,0.275390625,1024,29460.04590002764,0.6347717583596314,0.6355646958280702,0.7427083333333333
optionC_date_aligned_n107_order_locked,NO3-N,NO3N_mg_L,env,107,5,"5-fold GroupKFold, sites held out",1,200,3,0,-1.0408567476218638,0.2979420381754334,-235.60107814762728,10,9,283.94942091754075,-0.8297290319744871,0.4281506055976045,0.54296875,1024,25209.31536179612,0.8379525069084972,0.9877747407839864,0.98828125
optionC_date_aligned_n107_order_locked,NO3-N,NO3N_mg_L,env,107,6,"5-fold GroupKFold, sites held out",1,200,3,0,-0.4960162229364996,0.6198829651470819,-98.90097442132668,10,9,217.041352057482,-0.4556780239515527,0.6594164829610438,0.720703125,1024,10582.404263081951,0.9427282223146336,0.9429917332244768,0.94140625
optionC_date_aligned_n107_order_locked,NO3-N,NO3N_mg_L,env,107,7,"5-fold GroupKFold, sites held out",1,200,3,0,-1.8516329787698864,0.0640785440319493,-367.28278719147016,10,9,251.49426759445976,-1.4604022219055983,0.1781895669958889,0.150390625,1024,39299.2582294873,0.4335673234565644,0.5354564743950099,0.494140625
optionC_date_aligned_n107_order_locked,NO3-N,NO3N_mg_L,env,107,8,"5-fold GroupKFold, sites held out",1,200,3,0,-1.8432651179245407,0.0652903114527894,-396.5682195468039,10,9,266.78518981721027,-1.486470144083018,0.1713224981282923,0.1015625,1024,42432.79949150802,0.4067248394980918,0.6157393825368288,0.494140625
optionC_date_aligned_n107_order_locked,NO3-N,NO3N_mg_L,env,107,9,"5-fold GroupKFold, sites held out",1,200,3,0,-2.159924362905893,0.0307785253944254,-460.1725226626012,10,9,238.33075984093165,-1.930814650067548,0.0855606666858103,0.068359375,1024,49238.45992489834,0.4385779290173272,0.3966533787336111,0.4641927083333333
optionC_date_aligned_n107_order_locked,NO3-N,NO3N_mg_L,env,107,10,"5-fold GroupKFold, sites held out",1,200,3,0,-2.271192904584418,0.0231353027732759,-445.8074350152712,10,9,228.19047689087185,-1.9536636282524225,0.0824799298649399,0.072265625,1024,47701.39554663401,0.3217578721722794,0.6533306050228366,0.5540364583333334
optionC_date_aligned_n107_order_locked,TOC,TOC_mg_L,env,107,0,"5-fold GroupKFold, sites held out",1,200,3,0,0.3522236628401323,0.7246705322284295,194.3143632631672,10,9,594.9816056329764,0.3265888582495657,0.7514457559799197,0.759765625,1024,20791.63686915888,0.8333711120626939,0.8319351122530382,0.8663504464285714
optionC_date_aligned_n107_order_locked,TOC,TOC_mg_L,env,107,1,"5-fold GroupKFold, sites held out",1,200,3,0,-1.0628368067699272,0.287855964713799,-527.3844747848207,10,9,556.9324291980971,-0.9469451716865882,0.3683963248644134,0.369140625,1024,56430.13880197581,0.6018806534924889,0.5975999812377409,0.6064453125
optionC_date_aligned_n107_order_locked,TOC,TOC_mg_L,env,107,2,"5-fold GroupKFold, sites held out",1,200,3,0,-0.6298260420217761,0.5288084052502748,-263.20319244574404,10,9,634.6942160834238,-0.4146929116038277,0.6880768672357138,0.681640625,1024,28162.7415916946,0.7347203719705159,0.8792093303567454,0.9188565340909091
optionC_date_aligned_n107_order_locked,TOC,TOC_mg_L,env,107,3,"5-fold GroupKFold, sites held out",1,200,3,0,-0.4571366978701016,0.6475727944398881,-182.7449891430385,10,9,551.2197940011204,-0.3315283506358756,0.747834872414382,0.7734375,1024,19553.713838305124,0.7447087136058713,0.8190572412157516,0.889453125
optionC_date_aligned_n107_order_locked,TOC,TOC_mg_L,env,107,4,"5-fold GroupKFold, sites held out",1,200,3,0,-1.0515202783568258,0.2930197009177393,-407.1046852822305,10,9,500.495398156143,-0.8134034534224094,0.4369759716918291,0.4375,1024,43560.201325198665,0.6347717583596314,0.6355646958280702,0.7427083333333333
optionC_date_aligned_n107_order_locked,TOC,TOC_mg_L,env,107,5,"5-fold GroupKFold, sites held out",1,200,3,0,-0.8812344770208844,0.3781909221389423,-353.65278802795564,10,9,503.96499770203184,-0.7017407749358261,0.5005833107726326,0.51171875,1024,37840.84831899127,0.8698391209195673,0.9877747407839864,0.98828125
optionC_date_aligned_n107_order_locked,TOC,TOC_mg_L,env,107,6,"5-fold GroupKFold, sites held out",1,200,3,0,-1.1817814385686125,0.2372924345957034,-500.3192311612652,10,9,498.0156630584164,-1.004625493280075,0.3413216115699538,0.35546875,1024,53534.15773425537,0.91936411657665,0.9429917332244768,0.94140625
optionC_date_aligned_n107_order_locked,TOC,TOC_mg_L,env,107,7,"5-fold GroupKFold, sites held out",1,200,3,0,-1.359643855653811,0.1739426529191257,-565.5191649476473,10,9,485.6039184912975,-1.1645687841742198,0.274133190930583,0.28515625,1024,60510.55064939826,0.4445201130155435,0.6305063391403409,0.655859375
optionC_date_aligned_n107_order_locked,TOC,TOC_mg_L,env,107,8,"5-fold GroupKFold, sites held out",1,200,3,0,-1.0932725805323686,0.2742741379667439,-439.79766735821937,10,9,478.9659250935604,-0.9182232896261044,0.3824504691129782,0.380859375,1024,47058.35040732947,0.7004996758802008,0.7996691626907726,0.8759765625
optionC_date_aligned_n107_order_locked,TOC,TOC_mg_L,env,107,9,"5-fold GroupKFold, sites held out",1,200,3,0,-1.0466088744521884,0.2952800072158308,-413.7360795167604,10,9,401.4272354400154,-1.0306627029510165,0.3295998175474544,0.330078125,1024,44269.76050829336,0.6242525117556131,0.6891632548719501,0.6901633522727273
optionC_date_aligned_n107_order_locked,TOC,TOC_mg_L,env,107,10,"5-fold GroupKFold, sites held out",1,200,3,0,-0.8513300398876121,0.3945860423257454,-340.941726145586,10,9,419.52074310543065,-0.8126933691569648,0.4373626075165485,0.421875,1024,36480.76469757769,0.6706295424926157,0.6706226648587078,0.6994977678571429
optionC_date_aligned_n107_order_locked,SS,SS_mg_L,env,107,0,"5-fold GroupKFold, sites held out",1,200,3,0,-0.1575655000079855,0.8747991909169477,-524.3530193321101,10,9,1820.482347232646,-0.2880297192275389,0.7798468586021854,0.791015625,1024,56105.77306853582,0.8747991909169477,0.8319351122530382,0.8663504464285714
optionC_date_aligned_n107_order_locked,SS,SS_mg_L,env,107,1,"5-fold GroupKFold, sites held out",1,200,3,0,0.7163208306509902,0.4737932672893974,1707.3391296164948,10,9,1629.7909331201429,1.0475816835892504,0.3221484699025713,0.306640625,1024,182685.28686896493,0.6410144204503612,0.5912747690032556,0.5770733173076923
optionC_date_aligned_n107_order_locked,SS,SS_mg_L,env,107,2,"5-fold GroupKFold, sites held out",1,200,3,0,1.1042455548108017,0.2694866333983903,2529.711264064636,10,9,2052.5152045129084,1.232493312840025,0.2489898753383944,0.251953125,1024,270679.1052549162,0.6000957889513197,0.6252344337928536,0.6888020833333334
optionC_date_aligned_n107_order_locked,SS,SS_mg_L,env,107,3,"5-fold GroupKFold, sites held out",1,200,3,0,0.6231631501413848,0.5331773145541594,1328.8213804254951,10,9,1986.420609662624,0.6689526749579908,0.5203139038959528,0.607421875,1024,142183.88770552797,0.6947991943039639,0.7039541052709949,0.8747944078947368
optionC_date_aligned_n107_order_locked,SS,SS_mg_L,env,107,4,"5-fold GroupKFold, sites held out",1,200,3,0,0.8661957758854345,0.3863828094362973,1735.0067502436868,10,9,1943.119112773784,0.8928977842058182,0.3951592890809478,0.45703125,1024,185645.7222760745,0.6347717583596314,0.6355646958280702,0.7427083333333333
optionC_date_aligned_n107_order_locked,SS,SS_mg_L,env,107,5,"5-fold GroupKFold, sites held out",1,200,3,0,0.005871205235412,0.9953154829027464,17.182129399352938,10,9,1090.6860131428723,0.0157535066850648,0.9877747407839864,0.98828125,1024,1838.487845730786,0.9953154829027464,0.9877747407839864,0.98828125
optionC_date_aligned_n107_order_locked,SS,SS_mg_L,env,107,6,"5-fold GroupKFold, sites held out",1,200,3,0,0.896635849246248,0.3699132621146141,2326.501002354449,10,9,1313.9830660516618,1.7705715259674268,0.1104069406535854,0.10546875,1024,248935.60725192603,0.9427282223146336,0.5970397524866651,0.6064453125
optionC_date_aligned_n107_order_locked,SS,SS_mg_L,env,107,7,"5-fold GroupKFold, sites held out",1,200,3,0,0.1284336191555319,0.8978058272201623,303.8496531199869,10,9,821.4203305739858,0.3699076365782975,0.7200059347899189,0.716796875,1024,32511.912883838577,0.9024735384074128,0.8971731428081955,0.896484375
optionC_date_aligned_n107_order_locked,SS,SS_mg_L,env,107,8,"5-fold GroupKFold, sites held out",1,200,3,0,0.21852644220319,0.8270189582170704,517.4382339898874,10,9,847.891179859107,0.6102649093199313,0.5567799729854633,0.54296875,1024,55365.891036917936,0.9608318379915012,0.8017482022660412,0.9326636904761905
optionC_date_aligned_n107_order_locked,SS,SS_mg_L,env,107,9,"5-fold GroupKFold, sites held out",1,200,3,0,0.2129153967262328,0.8313929528741228,519.5178675233527,10,9,899.083061465323,0.5778307809254508,0.5775470149961488,0.572265625,1024,55588.41182499875,0.89584320489729,0.781387137935966,0.7736545138888888
optionC_date_aligned_n107_order_locked,SS,SS_mg_L,env,107,10,"5-fold GroupKFold, sites held out",1,200,3,0,0.4058408798998431,0.6848595195094584,941.3725840699702,10,9,890.1731161084164,1.0575163044525355,0.3178335847837928,0.314453125,1024,100726.8664954868,0.8290404709851339,0.6645611318206578,0.6656605113636364
optionC_date_aligned_n107_order_locked,Air temperature,air_temp_avg_C,met,107,0,"5-fold GroupKFold, sites held out",1,200,3,0,2.974532752920538,0.0029343512831379,14238.88908058256,10,9,4196.094600856208,3.393367031734016,0.0079565219177861,0.00390625,1024,1523561.1316223338,0.0096414399303102,0.034825397510531,0.0224609375
optionC_date_aligned_n107_order_locked,Air temperature,air_temp_avg_C,met,107,1,"5-fold GroupKFold, sites held out",1,200,3,0,1.2315480819237528,0.2181179451259252,4123.614649302431,10,9,3417.0598446362355,1.2067727335168787,0.2582804217080392,0.25,1024,441226.76747536,0.5574125264329199,0.5912747690032556,0.5770733173076923
optionC_date_aligned_n107_order_locked,Air temperature,air_temp_avg_C,met,107,2,"5-fold GroupKFold, sites held out",1,200,3,0,1.1806951272353994,0.2377238579482696,3670.607517777692,10,9,3716.775198567396,0.9875785652014952,0.3491640425144531,0.384765625,1024,392755.004402213,0.6000957889513197,0.6252344337928536,0.71875
optionC_date_aligned_n107_order_locked,Air temperature,air_temp_avg_C,met,107,3,"5-fold GroupKFold, sites held out",1,200,3,0,0.8953328482024127,0.3706091858195988,2327.79267104942,10,9,3118.892639955391,0.7463522922298197,0.4744980565983917,0.72265625,1024,249073.81580228795,0.6469646476075208,0.7039541052709949,0.8747944078947368
optionC_date_aligned_n107_order_locked,Air temperature,air_temp_avg_C,met,107,4,"5-fold GroupKFold, sites held out",1,200,3,0,0.52183534321409,0.6017849793042158,1199.9180586202929,10,9,2535.5697343028883,0.4732340989825665,0.647313562065967,0.90234375,1024,128391.23227237134,0.6920527261998481,0.744410596375862,0.90234375
optionC_date_aligned_n107_order_locked,Air temperature,air_temp_avg_C,met,107,5,"5-fold GroupKFold, sites held out",1,200,3,0,0.1865219818850199,0.8520354422715941,445.4296016536343,10,9,2640.9022271397303,0.168665692003321,0.86978932842414,0.958984375,1024,47660.96737693888,0.9953154829027464,0.9877747407839864,0.98828125
optionC_date_aligned_n107_order_locked,Air temperature,air_temp_avg_C,met,107,6,"5-fold GroupKFold, sites held out",1,200,3,0,-0.1518804830308426,0.879281201983122,-332.9222629095002,10,9,2327.7785382411244,-0.1430214504688479,0.8894241017687536,0.931640625,1024,35622.682131316535,0.9427282223146336,0.9429917332244768,0.94140625
optionC_date_aligned_n107_order_locked,Air temperature,air_temp_avg_C,met,107,7,"5-fold GroupKFold, sites held out",1,200,3,0,0.5640024369409595,0.5727524736590304,1207.0928838381096,10,9,2272.5553482672817,0.531161049502474,0.6081642421253189,0.736328125,1024,129158.9385706777,0.8782204596105133,0.8228104452283728,0.896484375
optionC_date_aligned_n107_order_locked,Air temperature,air_temp_avg_C,met,107,8,"5-fold GroupKFold, sites held out",1,200,3,0,0.7308923266246145,0.464844923334252,1657.1629691440671,10,9,2391.382057646359,0.6929729040348644,0.5058135450968908,0.623046875,1024,177316.43769841516,0.7857758481554928,0.8017482022660412,0.9326636904761905
optionC_date_aligned_n107_order_locked,Air temperature,air_temp_avg_C,met,107,9,"5-fold GroupKFold, sites held out",1,200,3,0,0.8846512871045237,0.3763447361832908,1765.8151920693315,10,9,2059.668391631446,0.8573298494281617,0.4135088677935005,0.408203125,1024,188942.22555141844,0.6528699613183356,0.7673174825334308,0.7736545138888888
optionC_date_aligned_n107_order_locked,Air temperature,air_temp_avg_C,met,107,10,"5-fold GroupKFold, sites held out",1,200,3,0,0.9099350241058112,0.3628567775292997,1766.4877446447456,10,9,2112.280815361189,0.8362939869539482,0.4246362114130833,0.4140625,1024,189014.18867698775,0.6706295424926157,0.6706226648587078,0.6994977678571429
optionC_date_aligned_n107_order_locked,Humidity,humidity_avg_pct,met,107,0,"5-fold GroupKFold, sites held out",1,200,3,0,1.5676957319429896,0.11695215822482,9561.70235120747,10,9,6686.080093362762,1.4300909079296438,0.1864752146404273,0.169921875,1024,1023102.1515791994,0.1921356885122044,0.2859286624486552,0.260546875
optionC_date_aligned_n107_order_locked,Humidity,humidity_avg_pct,met,107,1,"5-fold GroupKFold, sites held out",1,200,3,0,1.7766592641350734,0.0756243184420584,8156.356642731203,10,9,5534.61103243887,1.473700065808787,0.1746570196191857,0.17578125,1024,872730.1607722385,0.4350821495028245,0.573873064463039,0.5770733173076923
optionC_date_aligned_n107_order_locked,Humidity,humidity_avg_pct,met,107,2,"5-fold GroupKFold, sites held out",1,200,3,0,1.7602069014766462,0.0783727322530221,7457.948521524016,10,9,5011.417384523892,1.4881914534908682,0.1708773266931938,0.16796875,1024,798000.4918030696,0.5309556542314504,0.6252344337928536,0.6888020833333334
optionC_date_aligned_n107_order_locked,Humidity,humidity_avg_pct,met,107,3,"5-fold GroupKFold, sites held out",1,200,3,0,1.2250359124887205,0.2205616898316365,4360.335739498676,10,9,3669.870357322524,1.1881443525105624,0.2651837346284516,0.267578125,1024,466555.92412635824,0.6469646476075208,0.7039541052709949,0.8722330729166666
optionC_date_aligned_n107_order_locked,Humidity,humidity_avg_pct,met,107,4,"5-fold GroupKFold, sites held out",1,200,3,0,0.7097711290169602,0.477846075315246,2152.021477472136,10,9,3021.1504994628563,0.7123185282741635,0.4943184287688297,0.484375,1024,230266.2980895185,0.6651291271822473,0.6355646958280702,0.7427083333333333
optionC_date_aligned_n107_order_locked,Humidity,humidity_avg_pct,met,107,5,"5-fold GroupKFold, sites held out",1,200,3,0,0.0786800063604705,0.9372871487840884,257.8311206660658,10,9,2870.292603710818,0.0898274692735968,0.9303916124856908,0.908203125,1024,27587.92991126904,0.9953154829027464,0.9877747407839864,0.98828125
optionC_date_aligned_n107_order_locked,Humidity,humidity_avg_pct,met,107,6,"5-fold GroupKFold, sites held out",1,200,3,0,-0.3808677921580521,0.7033013525798419,-1143.2304105990002,10,9,2836.2725050089807,-0.4030749543917256,0.6963004449237307,0.7578125,1024,122325.65393409306,0.9427282223146336,0.9429917332244768,0.94140625
optionC_date_aligned_n107_order_locked,Humidity,humidity_avg_pct,met,107,7,"5-fold GroupKFold, sites held out",1,200,3,0,-0.1570791669091433,0.8751824561473689,-438.3063380962288,10,9,2771.457207181072,-0.1581501373936214,0.8778301018427139,0.896484375,1024,46898.77817629646,0.9024735384074128,0.8971731428081955,0.896484375
optionC_date_aligned_n107_order_locked,Humidity,humidity_avg_pct,met,107,8,"5-fold GroupKFold, sites held out",1,200,3,0,0.0124346512001686,0.9900788394582928,36.34762206554604,10,9,2539.458386901948,0.0143131394682505,0.9888924258609748,0.984375,1024,3889.1955610134023,0.9900788394582928,0.9888924258609748,0.984375
optionC_date_aligned_n107_order_locked,Humidity,humidity_avg_pct,met,107,9,"5-fold GroupKFold, sites held out",1,200,3,0,-0.0159061428987665,0.9873092692986012,-43.01454768408947,10,9,2251.609993642989,-0.0191039068957471,0.9851750363976892,0.98828125,1024,4602.556602197612,0.9873092692986012,0.9851750363976892,0.98828125
optionC_date_aligned_n107_order_locked,Humidity,humidity_avg_pct,met,107,10,"5-fold GroupKFold, sites held out",1,200,3,0,0.1802404203403716,0.8569638271784357,506.9023376086468,10,9,2373.0812465287595,0.213605133979345,0.8356155180692537,0.82421875,1024,54238.55012412524,0.9624262825360396,0.9151979483615637,0.9155505952380952
optionC_date_aligned_n107_order_locked,Precipitation,precip_sum_mm,met,107,0,"5-fold GroupKFold, sites held out",1,200,3,0,1.0547642500259524,0.2915331586703222,33803.603476286145,10,9,36125.19103347915,0.9357349403345312,0.3738363193521372,0.357421875,1024,3616985.571962617,0.4190789155885882,0.5080482489258946,0.4914981617647059
optionC_date_aligned_n107_order_locked,Precipitation,precip_sum_mm,met,107,1,"5-fold GroupKFold, sites held out",1,200,3,0,-0.8230895896067298,0.4104570484268872,-21286.25747470101,10,9,37891.39827743237,-0.5617701758812853,0.5879871080930736,0.587890625,1024,2277629.5497930087,0.6238401692212325,0.795511969772982,0.7953814338235294
optionC_date_aligned_n107_order_locked,Precipitation,precip_sum_mm,met,107,2,"5-fold GroupKFold, sites held out",1,200,3,0,-0.1941615317256356,0.8460494028709211,-4365.019620098946,10,9,29334.24897352863,-0.1488028421671187,0.8849900395923097,0.87890625,1024,467057.0993505876,0.8845061939105086,0.8942397669640109,0.9188565340909091
optionC_date_aligned_n107_order_locked,Precipitation,precip_sum_mm,met,107,3,"5-fold GroupKFold, sites held out",1,200,3,0,-1.1940426473978791,0.232461286034006,-23323.493981021697,10,9,26255.10700370776,-0.8883412273935101,0.3974773578280578,0.388671875,1024,2495613.855969321,0.6469646476075208,0.7039541052709949,0.8722330729166666
optionC_date_aligned_n107_order_locked,Precipitation,precip_sum_mm,met,107,4,"5-fold GroupKFold, sites held out",1,200,3,0,-1.455440936062911,0.1455472304833405,-28447.525058799296,10,9,24241.57036478645,-1.1735017422849163,0.2707140370951925,0.3125,1024,3043885.1812915253,0.6347717583596314,0.6355646958280702,0.7427083333333333
optionC_date_aligned_n107_order_locked,Precipitation,precip_sum_mm,met,107,5,"5-fold GroupKFold, sites held out",1,200,3,0,-1.7876886510267302,0.0738262537489509,-34936.13612150529,10,9,22699.7132407863,-1.5390562757741308,0.1581740042928134,0.1875,1024,3738166.5650010654,0.8379525069084972,0.957388040431124,0.98828125
optionC_date_aligned_n107_order_locked,Precipitation,precip_sum_mm,met,107,6,"5-fold GroupKFold, sites held out",1,200,3,0,-1.950676216758144,0.0510955742872785,-35805.82410735551,10,9,21474.59359656564,-1.667357472743131,0.1297912505405793,0.15234375,1024,3831223.17948704,0.5795094724089102,0.5970397524866651,0.70078125
optionC_date_aligned_n107_order_locked,Precipitation,precip_sum_mm,met,107,7,"5-fold GroupKFold, sites held out",1,200,3,0,-1.7996041884328822,0.0719231592652327,-31596.79579694472,10,9,23129.975358698408,-1.3660540189491477,0.2050805245033853,0.22265625,1024,3380857.1502730846,0.4335673234565644,0.5354564743950099,0.5690104166666666
optionC_date_aligned_n107_order_locked,Precipitation,precip_sum_mm,met,107,8,"5-fold GroupKFold, sites held out",1,200,3,0,-1.7363210424054565,0.0825070845889206,-30366.33201835129,10,9,22482.376105823518,-1.3506727169503063,0.2097787356176696,0.244140625,1024,3249197.5259635886,0.4067248394980918,0.6157393825368288,0.6239149305555556
optionC_date_aligned_n107_order_locked,Precipitation,precip_sum_mm,met,107,9,"5-fold GroupKFold, sites held out",1,200,3,0,-1.4623002166576564,0.1436589591980159,-26007.38369928669,10,9,23020.793243628003,-1.129734471964182,0.2877973934705145,0.318359375,1024,2782790.0558236763,0.5047706014195373,0.6798260516023744,0.6901633522727273
optionC_date_aligned_n107_order_locked,Precipitation,precip_sum_mm,met,107,10,"5-fold GroupKFold, sites held out",1,200,3,0,-1.4452092562771304,0.1483991172157674,-26215.44497061569,10,9,22964.86986557141,-1.1415455486607171,0.28310499271691,0.318359375,1024,2805052.6118558794,0.6353560388459625,0.6533306050228366,0.6656605113636364
optionC_date_aligned_n107_order_locked,Wind speed,wind_speed_avg_ms,met,107,0,"5-fold GroupKFold, sites held out",1,200,3,0,1.1464422995674444,0.2516121889411804,463.9023508715354,10,9,290.0553618976973,1.5993579564826457,0.1442053863898648,0.142578125,1024,49637.55154325428,0.3858053563764766,0.2369088490690636,0.23423549107142858
optionC_date_aligned_n107_order_locked,Wind speed,wind_speed_avg_ms,met,107,1,"5-fold GroupKFold, sites held out",1,200,3,0,0.2425226059189257,0.8083752426103148,69.37782030281821,10,9,311.0477607645244,0.2230455545871619,0.8284800868212863,0.826171875,1024,7423.426772401548,0.8853633609541544,0.9073829522328374,0.9147727272727273
optionC_date_aligned_n107_order_locked,Wind speed,wind_speed_avg_ms,met,107,2,"5-fold GroupKFold, sites held out",1,200,3,0,0.233326103606206,0.81550819017323,60.723335760621445,10,9,264.7036735507644,0.2294011826359336,0.8236855598184678,0.810546875,1024,6497.396926386503,0.8845061939105086,0.8942397669640109,0.9188565340909091
optionC_date_aligned_n107_order_locked,Wind speed,wind_speed_avg_ms,met,107,3,"5-fold GroupKFold, sites held out",1,200,3,0,-0.0186981976142739,0.9850818660999068,-4.333965443692952,10,9,249.66132508243592,-0.0173593785191275,0.9865286620437322,0.98828125,1024,463.7343024751467,0.9850818660999068,0.9865286620437324,0.98828125
optionC_date_aligned_n107_order_locked,Wind speed,wind_speed_avg_ms,met,107,4,"5-fold GroupKFold, sites held out",1,200,3,0,-0.1542591698799172,0.8774053896262957,-35.14721494749635,10,9,261.7656283028511,-0.1342697862029181,0.8961439112741503,0.87890625,1024,3760.751999382112,0.8774053896262956,0.8961439112741502,0.90234375
optionC_date_aligned_n107_order_locked,Wind speed,wind_speed_avg_ms,met,107,5,"5-fold GroupKFold, sites held out",1,200,3,0,-0.4009260851637848,0.6884745441711826,-93.62189384673398,10,9,245.34146826843588,-0.3815983270479954,0.7116125420034989,0.71484375,1024,10017.542641600545,0.9953154829027464,0.9877747407839864,0.98828125
optionC_date_aligned_n107_order_locked,Wind speed,wind_speed_avg_ms,met,107,6,"5-fold GroupKFold, sites held out",1,200,3,0,-0.6091194121103154,0.5424452914608067,-145.4276295274859,10,9,218.2945945690472,-0.6661989492437327,0.5219922170401384,0.52734375,1024,15560.756359440986,0.9427282223146336,0.9429917332244768,0.94140625
optionC_date_aligned_n107_order_locked,Wind speed,wind_speed_avg_ms,met,107,7,"5-fold GroupKFold, sites held out",1,200,3,0,-0.4738513044628151,0.6356059462012511,-122.84624662388734,10,9,214.70025982106907,-0.5721755843531221,0.5812114427264126,0.60546875,1024,13144.548388755951,0.8871736325582131,0.8228104452283728,0.896484375
optionC_date_aligned_n107_order_locked,Wind speed,wind_speed_avg_ms,met,107,8,"5-fold GroupKFold, sites held out",1,200,3,0,-0.2734439097516101,0.7845120032954667,-70.2789050062545,10,9,233.54909246106192,-0.3009170545930151,0.7703136497082035,0.767578125,1024,7519.842835669237,0.9608318379915012,0.9265678602077536,0.9326636904761905
optionC_date_aligned_n107_order_locked,Wind speed,wind_speed_avg_ms,met,107,9,"5-fold GroupKFold, sites held out",1,200,3,0,-0.3574654526763777,0.7207433847558444,-93.65700106722988,10,9,238.1843534778409,-0.3932122311969711,0.7033147163899812,0.69921875,1024,10021.299114193598,0.8724788341781275,0.7978319745281209,0.7902166193181818
optionC_date_aligned_n107_order_locked,Wind speed,wind_speed_avg_ms,met,107,10,"5-fold GroupKFold, sites held out",1,200,3,0,-0.0294801252884994,0.976481669774168,-8.505040128286836,10,9,270.7951668123184,-0.0314076511350052,0.9756299216268236,0.978515625,1024,910.0392937266952,0.976481669774168,0.9756299216268234,0.978515625
optionC_date_aligned_n107_order_locked,Sunshine,sunshine_avg_hr,met,107,0,"5-fold GroupKFold, sites held out",1,200,3,0,3.2368667497683905,0.0012084982696543,1978.8190098996672,10,9,596.7211181093771,3.316153810961582,0.0089952648226337,0.01171875,1024,211733.6340592644,0.0060279885822856,0.034825397510531,0.03850446428571429
optionC_date_aligned_n107_order_locked,Sunshine,sunshine_avg_hr,met,107,1,"5-fold GroupKFold, sites held out",1,200,3,0,0.6091367905727562,0.5424337733370437,257.50498585282435,10,9,528.14789477244,0.4875622688295936,0.6375162109062886,0.634765625,1024,27553.033486252207,0.6931098214862225,0.8146040472691466,0.8038651315789473
optionC_date_aligned_n107_order_locked,Sunshine,sunshine_avg_hr,met,107,2,"5-fold GroupKFold, sites held out",1,200,3,0,-0.2633111291514152,0.7923107824530935,-107.79666555725248,10,9,501.2081633152591,-0.2150736429435379,0.8345045001634713,0.841796875,1024,11534.243214626014,0.8845061939105086,0.8942397669640109,0.9188565340909091
optionC_date_aligned_n107_order_locked,Sunshine,sunshine_avg_hr,met,107,3,"5-fold GroupKFold, sites held out",1,200,3,0,0.2473906787882211,0.8046058872875401,85.84792979381702,10,9,426.8580005046145,0.2011158973062025,0.8450797206372487,0.865234375,1024,9185.728487938395,0.8411788821642464,0.8834924352116691,0.9392755681818182
optionC_date_aligned_n107_order_locked,Sunshine,sunshine_avg_hr,met,107,4,"5-fold GroupKFold, sites held out",1,200,3,0,0.785232261637881,0.4323174033123194,251.73899372437467,10,9,348.32078154167914,0.7227217182109252,0.4882051695650016,0.54296875,1024,26936.07232850809,0.6628866850788897,0.6355646958280702,0.7610294117647058
optionC_date_aligned_n107_order_locked,Sunshine,sunshine_avg_hr,met,107,5,"5-fold GroupKFold, sites held out",1,200,3,0,1.1876845398595308,0.2349577169508878,398.65974982607867,10,9,308.1709631904238,1.293631774060882,0.2280049459601249,0.310546875,1024,42656.59323139043,0.8379525069084972,0.9877747407839864,0.98828125
optionC_date_aligned_n107_order_locked,Sunshine,sunshine_avg_hr,met,107,6,"5-fold GroupKFold, sites held out",1,200,3,0,1.23108305441506,0.2182918026610363,400.3879720604822,10,9,317.9260323277376,1.2593746071342085,0.2395747356691555,0.322265625,1024,42841.51301047159,0.91936411657665,0.9183698200650962,0.94140625
optionC_date_aligned_n107_order_locked,Sunshine,sunshine_avg_hr,met,107,7,"5-fold GroupKFold, sites held out",1,200,3,0,1.938457236794349,0.052567463199074,540.815640803802,10,9,279.25057379277007,1.9366679661870188,0.0847612388397644,0.03515625,1024,57867.27356600682,0.4335673234565644,0.5354564743950099,0.494140625
optionC_date_aligned_n107_order_locked,Sunshine,sunshine_avg_hr,met,107,8,"5-fold GroupKFold, sites held out",1,200,3,0,1.7604822838353702,0.0783260687360194,496.2396915380522,10,9,290.4034598883154,1.7087940058596347,0.1216624251369124,0.083984375,1024,53097.64699457159,0.4067248394980918,0.6157393825368288,0.494140625
optionC_date_aligned_n107_order_locked,Sunshine,sunshine_avg_hr,met,107,9,"5-fold GroupKFold, sites held out",1,200,3,0,1.7411301199090894,0.0816607728045315,455.68061343195455,10,9,251.5371134980922,1.811584012771979,0.1034747944522463,0.115234375,1024,48757.82563721914,0.4695494436260564,0.3966533787336111,0.4641927083333333
optionC_date_aligned_n107_order_locked,Sunshine,sunshine_avg_hr,met,107,10,"5-fold GroupKFold, sites held out",1,200,3,0,1.36176656413056,0.1732715667090358,361.901824580316,10,9,261.41091714374653,1.3844174089382455,0.1995891761363264,0.23046875,1024,38723.4952300938,0.6353560388459625,0.6533306050228366,0.6656605113636364
optionC_date_aligned_n107_order_locked,Pressure,pressure_avg_hPa,met,107,0,"5-fold GroupKFold, sites held out",1,200,3,0,-3.9717657354824807,7.134185953705519e-05,-13885.332762798724,10,9,3798.844940427434,-3.65514596687813,0.0052751592930712,0.001953125,1024,1485730.6056194634,0.0016408627693522,0.034825397510531,0.014973958333333334
optionC_date_aligned_n107_order_locked,Pressure,pressure_avg_hPa,met,107,1,"5-fold GroupKFold, sites held out",1,200,3,0,-1.1029616242654132,0.2700438308182307,-2725.5639009444653,10,9,2671.16554474277,-1.020365026161991,0.334198782480101,0.326171875,1024,291635.3374010578,0.6018806534924889,0.5912747690032556,0.5770733173076923
optionC_date_aligned_n107_order_locked,Pressure,pressure_avg_hPa,met,107,2,"5-fold GroupKFold, sites held out",1,200,3,0,-1.2931868458432956,0.1959464440562177,-3119.972246245875,10,9,2896.7580929401383,-1.077056539118591,0.3094766234947113,0.345703125,1024,333837.0303483086,0.6000957889513197,0.6252344337928536,0.71875
optionC_date_aligned_n107_order_locked,Pressure,pressure_avg_hPa,met,107,3,"5-fold GroupKFold, sites held out",1,200,3,0,-0.7451399360994155,0.4561871287125945,-1601.4855308203594,10,9,2681.209433452542,-0.5972996778391001,0.5650300235774373,0.7109375,1024,171358.95179777849,0.6947991943039639,0.7219828079045032,0.8747944078947368
optionC_date_aligned_n107_order_locked,Pressure,pressure_avg_hPa,met,107,4,"5-fold GroupKFold, sites held out",1,200,3,0,-0.2859638822398766,0.7749057846855409,-416.2590602321809,10,9,1748.227077089853,-0.2381035425472857,0.8171332715283238,0.873046875,1024,44539.71944484341,0.8101287748985201,0.8542756929614295,0.90234375
optionC_date_aligned_n107_order_locked,Pressure,pressure_avg_hPa,met,107,5,"5-fold GroupKFold, sites held out",1,200,3,0,0.0493103453255706,0.9606719751709702,79.41268714105667,10,9,1757.4930863312356,0.0451852059952227,0.9649463785506096,0.984375,1024,8497.157524093029,0.9953154829027464,0.9877747407839864,0.98828125
optionC_date_aligned_n107_order_locked,Pressure,pressure_avg_hPa,met,107,6,"5-fold GroupKFold, sites held out",1,200,3,0,0.510127111470771,0.6099624124499305,750.9261854250326,10,9,1541.8439191477958,0.4870312591952126,0.6378779982097523,0.671875,1024,80349.10184047848,0.9427282223146336,0.9429917332244768,0.94140625
optionC_date_aligned_n107_order_locked,Pressure,pressure_avg_hPa,met,107,7,"5-fold GroupKFold, sites held out",1,200,3,0,0.2539478937050825,0.799535813454127,380.1606607805587,10,9,1619.0776218645594,0.2348007628829794,0.819618305574547,0.833984375,1024,40677.19070351978,0.9024735384074128,0.8971731428081955,0.896484375
optionC_date_aligned_n107_order_locked,Pressure,pressure_avg_hPa,met,107,8,"5-fold GroupKFold, sites held out",1,200,3,0,-0.1016222213308238,0.9190565406875232,-150.88771571819785,10,9,1652.501425387058,-0.0913086750789677,0.9292473175320056,0.935546875,1024,16144.985581847212,0.9608318379915012,0.9714858319652788,0.9780717329545454
optionC_date_aligned_n107_order_locked,Pressure,pressure_avg_hPa,met,107,9,"5-fold GroupKFold, sites held out",1,200,3,0,-0.5886486411367032,0.55609699715583,-787.7052467940221,10,9,1504.814588612322,-0.5234566788194228,0.6132995340950875,0.60546875,1024,84284.46140696036,0.7866157883760837,0.7836605157881674,0.7736545138888888
optionC_date_aligned_n107_order_locked,Pressure,pressure_avg_hPa,met,107,10,"5-fold GroupKFold, sites held out",1,200,3,0,-0.7281448865898129,0.4665248991252979,-995.9849499918396,10,9,1543.0337976298194,-0.6454718953802079,0.5347290386291011,0.521484375,1024,106570.38964912684,0.6706295424926157,0.6884092633567422,0.7134650735294118
optionC_date_aligned_n107_order_locked,Discharge,discharge_mean_m3s,hydro,107,0,"5-fold GroupKFold, sites held out",1,200,3,0,-2.4654358175082383,0.0136846689527443,-126028.7140903324,10,9,38075.91426841299,-3.309932709741477,0.009084886307095,0.0078125,1024,13485072.407665566,0.0349719317681244,0.034825397510531,0.0359375
optionC_date_aligned_n107_order_locked,Discharge,discharge_mean_m3s,hydro,107,1,"5-fold GroupKFold, sites held out",1,200,3,0,0.1020954877061312,0.9186808825893664,2969.245097063538,10,9,19292.59275340079,0.1539059645853011,0.8810796850316598,0.875,1024,317709.22538579855,0.9524596611141728,0.921128761624008,0.9147727272727273
optionC_date_aligned_n107_order_locked,Discharge,discharge_mean_m3s,hydro,107,2,"5-fold GroupKFold, sites held out",1,200,3,0,-0.2027273410062641,0.8393481518558867,-6004.98401011074,10,9,24501.09975460418,-0.2450903865644765,0.8118834634596444,0.830078125,1024,642533.2890818494,0.8845061939105086,0.8942397669640109,0.9188565340909091
optionC_date_aligned_n107_order_locked,Discharge,discharge_mean_m3s,hydro,107,3,"5-fold GroupKFold, sites held out",1,200,3,0,-0.8527380807426441,0.3938045681089257,-21100.019674302763,10,9,19036.566329317822,-1.108394198265002,0.2964313425716318,0.298828125,1024,2257702.105150395,0.6469646476075208,0.7039541052709949,0.8722330729166666
optionC_date_aligned_n107_order_locked,Discharge,discharge_mean_m3s,hydro,107,4,"5-fold GroupKFold, sites held out",1,200,3,0,-1.4397848847079782,0.1499282688988579,-35585.01336621464,10,9,22222.66421971825,-1.601293751927365,0.1437758619806261,0.15234375,1024,3807596.4301849655,0.6347717583596314,0.6355646958280702,0.7427083333333333
optionC_date_aligned_n107_order_locked,Discharge,discharge_mean_m3s,hydro,107,5,"5-fold GroupKFold, sites held out",1,200,3,0,-1.252889604373047,0.2102458856710001,-29426.261684915506,10,9,17528.45058757063,-1.6787714086823835,0.1275040732004504,0.134765625,1024,3148610.00028596,0.8379525069084972,0.957388040431124,0.98828125
optionC_date_aligned_n107_order_locked,Discharge,discharge_mean_m3s,hydro,107,6,"5-fold GroupKFold, sites held out",1,200,3,0,-1.17540151576089,0.2398341173678218,-29268.08617673805,10,9,14435.376435669916,-2.0275249701432383,0.0732266522058477,0.078125,1024,3131685.2209109706,0.91936411657665,0.5970397524866651,0.5989583333333334
optionC_date_aligned_n107_order_locked,Discharge,discharge_mean_m3s,hydro,107,7,"5-fold GroupKFold, sites held out",1,200,3,0,-0.9928443770061668,0.3207857999300332,-23931.59546418187,10,9,13602.421927563792,-1.759362824622221,0.1123749896178264,0.1328125,1024,2560680.71466746,0.6707339453082513,0.5354564743950099,0.494140625
optionC_date_aligned_n107_order_locked,Discharge,discharge_mean_m3s,hydro,107,8,"5-fold GroupKFold, sites held out",1,200,3,0,-0.9640485529990788,0.3350215841166177,-24376.82998304158,10,9,13506.176594643608,-1.80486533788616,0.1045820117768999,0.12890625,1024,2608320.80818545,0.7004996758802008,0.6157393825368288,0.494140625
optionC_date_aligned_n107_order_locked,Discharge,discharge_mean_m3s,hydro,107,9,"5-fold GroupKFold, sites held out",1,200,3,0,-0.9828181188968176,0.3256969626551025,-24513.92578095737,10,9,13481.3891182717,-1.8183531063377565,0.1023703096993196,0.12109375,1024,2622990.0585624385,0.6242525117556131,0.3966533787336111,0.4641927083333333
optionC_date_aligned_n107_order_locked,Discharge,discharge_mean_m3s,hydro,107,10,"5-fold GroupKFold, sites held out",1,200,3,0,-0.7474294344143886,0.454804383438681,-17703.128563033846,10,9,14200.243278973594,-1.2466778360936253,0.2439845317094292,0.267578125,1024,1894234.7562446208,0.6706295424926157,0.6533306050228366,0.6656605113636364
optionC_date_aligned_n107_order_locked,Storage rate,storage_rate_pct,hydro,107,0,"5-fold GroupKFold, sites held out",1,200,3,0,2.0728167196249463,0.0381893398157426,13655.032446179614,10,9,7359.055188290694,1.855541519501949,0.0964960857632372,0.12109375,1024,1461088.4717412184,0.0798504377965528,0.1849508310462047,0.21424278846153846
optionC_date_aligned_n107_order_locked,Storage rate,storage_rate_pct,hydro,107,1,"5-fold GroupKFold, sites held out",1,200,3,0,0.3465789239346155,0.7289076818922466,1634.0605453683156,10,9,4357.518007407495,0.3749980017501981,0.7163463253282601,0.6640625,1024,174844.47835440995,0.8382438341760837,0.8237982741274992,0.8038651315789473
optionC_date_aligned_n107_order_locked,Storage rate,storage_rate_pct,hydro,107,2,"5-fold GroupKFold, sites held out",1,200,3,0,0.1245943882931845,0.900844671271198,624.6041181600715,10,9,4567.539320340996,0.1367484928653971,0.8942397669640109,0.9296875,1024,66832.6406431277,0.900844671271198,0.8942397669640109,0.9296875
optionC_date_aligned_n107_order_locked,Storage rate,storage_rate_pct,hydro,107,3,"5-fold GroupKFold, sites held out",1,200,3,0,1.0169330680810764,0.3091852710290568,4198.247613080828,10,9,5020.681546556298,0.8361907789113652,0.4246913079908818,0.396484375,1024,449212.4945996486,0.6469646476075208,0.7039541052709949,0.8722330729166666
optionC_date_aligned_n107_order_locked,Storage rate,storage_rate_pct,hydro,107,4,"5-fold GroupKFold, sites held out",1,200,3,0,0.9267362391934834,0.3540634970406229,3835.054857599734,10,9,4495.155614097645,0.8531528576168281,0.4157021367073724,0.41015625,1024,410350.8697631714,0.6347717583596314,0.6355646958280702,0.7427083333333333
optionC_date_aligned_n107_order_locked,Storage rate,storage_rate_pct,hydro,107,5,"5-fold GroupKFold, sites held out",1,200,3,0,0.2818295385948862,0.7780742200994855,1141.609644884625,10,9,3725.09759925261,0.3064643581724337,0.7662225210538383,0.755859375,1024,122152.23200265484,0.9953154829027464,0.9877747407839864,0.98828125
optionC_date_aligned_n107_order_locked,Storage rate,storage_rate_pct,hydro,107,6,"5-fold GroupKFold, sites held out",1,200,3,0,0.4276975166343849,0.6688713581399359,1877.2627401962332,10,9,3998.541227657745,0.469486903676592,0.6498878156804745,0.640625,1024,200867.11320099712,0.9427282223146336,0.9429917332244768,0.94140625
optionC_date_aligned_n107_order_locked,Storage rate,storage_rate_pct,hydro,107,7,"5-fold GroupKFold, sites held out",1,200,3,0,0.6974191135098238,0.4855405433887818,2834.062026236006,10,9,3537.031854298464,0.8012543123669761,0.4436229052300752,0.43359375,1024,303244.63680725265,0.7976737498529988,0.7288090585922664,0.7982271634615384
optionC_date_aligned_n107_order_locked,Storage rate,storage_rate_pct,hydro,107,8,"5-fold GroupKFold, sites held out",1,200,3,0,0.5242083751092574,0.6001336163784754,2144.311973118968,10,9,3522.4609410868966,0.6087539390734352,0.557737879837246,0.552734375,1024,229441.38112372943,0.8927259658529655,0.8017482022660412,0.9326636904761905
optionC_date_aligned_n107_order_locked,Storage rate,storage_rate_pct,hydro,107,9,"5-fold GroupKFold, sites held out",1,200,3,0,0.5513238824155429,0.5814116696692793,2291.125819546388,10,9,3599.308759778147,0.6365460627188892,0.5402702827914025,0.529296875,1024,245150.46269146356,0.7866157883760837,0.7766385315126412,0.7736545138888888
optionC_date_aligned_n107_order_locked,Storage rate,storage_rate_pct,hydro,107,10,"5-fold GroupKFold, sites held out",1,200,3,0,0.536504551600481,0.5916098910525553,2278.2842735898125,10,9,3565.4940123464585,0.6389813769706681,0.5387550756704939,0.52734375,1024,243776.4172741099,0.8004133820122807,0.6884092633567422,0.7134650735294118
optionC_observed_RGI_n75_order_locked,Bloom,bloom,toxin,75,0,"5-fold GroupKFold, sites held out",1,200,3,0,0.9692827862016058,0.3324041155034087,272.1214222222222,10,9,312.7167747434187,0.8701849219489277,0.4068094282771019,0.408203125,1024,20409.106666666663,0.6371078880482001,0.7735068918133963,0.7663143382352942
optionC_observed_RGI_n75_order_locked,Bloom,bloom,toxin,75,1,"5-fold GroupKFold, sites held out",1,200,3,0,-1.164321075119075,0.2442939188628488,-330.4047695529452,10,9,213.710041432014,-1.5460423260366754,0.1564962117268174,0.1796875,1024,24780.35771647089,0.8405751586776782,0.7364541914356038,0.8265625
optionC_observed_RGI_n75_order_locked,Bloom,bloom,toxin,75,2,"5-fold GroupKFold, sites held out",1,200,3,0,-1.3047115356000023,0.1919910919710703,-343.7022223165996,10,9,208.1630291412151,-1.6511203921971969,0.133109211824454,0.150390625,1024,25777.666673744967,0.8177975456760775,0.8956965558991332,0.978515625
optionC_observed_RGI_n75_order_locked,Bloom,bloom,toxin,75,3,"5-fold GroupKFold, sites held out",1,200,3,0,-0.8322595226087071,0.4052624727687519,-234.76275733372944,10,9,264.4411763934792,-0.8877692972610692,0.3977689957929329,0.42578125,1024,17607.20680002971,0.7766610103770594,0.7892051502444565,0.8902698863636364
optionC_observed_RGI_n75_order_locked,Bloom,bloom,toxin,75,4,"5-fold GroupKFold, sites held out",1,200,3,0,-1.3305309578831377,0.1833433933620862,-283.57766339885967,10,9,204.5647420981392,-1.3862489717940465,0.1990484324497486,0.203125,1024,21268.324754914476,0.7794301729798626,0.8614112256974471,0.9184027777777778
optionC_observed_RGI_n75_order_locked,Bloom,bloom,toxin,75,5,"5-fold GroupKFold, sites held out",1,200,3,0,-1.6099586396479053,0.1074068859559773,-381.4017355712116,10,9,195.1057194152393,-1.954846514568251,0.0823233389579044,0.095703125,1024,28605.13016784087,0.725007076612808,0.9957929564192628,0.9921875
optionC_observed_RGI_n75_order_locked,Bloom,bloom,toxin,75,6,"5-fold GroupKFold, sites held out",1,200,3,0,-1.8707186934557856,0.0613840823693856,-455.41566197178673,10,9,209.58496353835775,-2.172940531053114,0.0578358233278061,0.0703125,1024,34156.174647884014,0.4621268049993244,0.6651119682697707,0.619921875
optionC_observed_RGI_n75_order_locked,Bloom,bloom,toxin,75,7,"5-fold GroupKFold, sites held out",1,200,3,0,-1.622803965218426,0.1046313178378233,-380.7693338205535,10,9,204.21956498869136,-1.8645095725360037,0.0951274837640427,0.109375,1024,28557.70003654152,0.6157529955373716,0.7994978962359376,0.62890625
optionC_observed_RGI_n75_order_locked,Bloom,bloom,toxin,75,8,"5-fold GroupKFold, sites held out",1,200,3,0,-1.4162940616061546,0.1566894257847,-316.44774428042257,10,9,203.2407695625877,-1.5570091815804354,0.1538942734842307,0.166015625,1024,23733.58082103169,0.7368595673726552,0.7797523642946627,0.8011067708333334
optionC_observed_RGI_n75_order_locked,Bloom,bloom,toxin,75,9,"5-fold GroupKFold, sites held out",1,200,3,0,-1.1717848338037804,0.2412834531962484,-224.6429782232839,10,9,152.54275278459806,-1.472655856292936,0.1749321800006263,0.18359375,1024,16848.223366746293,0.509838901742908,0.5869787761110594,0.6685431985294118
optionC_observed_RGI_n75_order_locked,Bloom,bloom,toxin,75,10,"5-fold GroupKFold, sites held out",1,200,3,0,-1.1666979949615637,0.2433323528312785,-164.5299453951354,10,9,104.73026089481591,-1.570987639956118,0.1506337189094715,0.158203125,1024,12339.74590463515,0.5015005830148617,0.5886653496007236,0.6609933035714286
optionC_observed_RGI_n75_order_locked,Microcystin,MC_ppb,toxin,75,0,"5-fold GroupKFold, sites held out",1,200,3,0,-1.0860203621025055,0.2774699836871761,-3018.790709155556,10,9,4058.582384513087,-0.7438042210686143,0.4759640743104575,0.783203125,1024,226409.3031866667,0.5801645113459137,0.7735068918133963,0.8494318181818182
optionC_observed_RGI_n75_order_locked,Microcystin,MC_ppb,toxin,75,1,"5-fold GroupKFold, sites held out",1,200,3,0,-1.4690141158593757,0.1418289605563734,-4710.003278024679,10,9,2681.495564225206,-1.7564837103825648,0.1128857158295517,0.01953125,1024,353250.2458518509,0.8405751586776782,0.7364541914356038,0.44921875
optionC_observed_RGI_n75_order_locked,Microcystin,MC_ppb,toxin,75,2,"5-fold GroupKFold, sites held out",1,200,3,0,-1.474101654396135,0.1404542231644698,-4585.780302584669,10,9,3605.542050672735,-1.2718698709196965,0.2352994713328946,0.29296875,1024,343933.5226938502,0.8177975456760775,0.8956965558991332,0.978515625
optionC_observed_RGI_n75_order_locked,Microcystin,MC_ppb,toxin,75,3,"5-fold GroupKFold, sites held out",1,200,3,0,-1.4144722458073875,0.1572232907988655,-4635.72753106822,10,9,4115.856853398768,-1.126309222158724,0.289169661811855,0.388671875,1024,347679.56483011646,0.7766610103770594,0.7892051502444565,0.8902698863636364
optionC_observed_RGI_n75_order_locked,Microcystin,MC_ppb,toxin,75,4,"5-fold GroupKFold, sites held out",1,200,3,0,-1.4864190884418556,0.1371683038837456,-5743.995520964331,10,9,5056.637707966663,-1.1359317895989949,0.2853276457043554,0.33203125,1024,430799.6640723248,0.7794301729798626,0.8614112256974471,0.9184027777777778
optionC_observed_RGI_n75_order_locked,Microcystin,MC_ppb,toxin,75,5,"5-fold GroupKFold, sites held out",1,200,3,0,-1.5407174688776453,0.1233855633399589,-5595.778553970663,10,9,4672.036194663675,-1.1977172951618122,0.2616177568294114,0.26953125,1024,419683.3915477996,0.725007076612808,0.9957929564192628,0.9921875
optionC_observed_RGI_n75_order_locked,Microcystin,MC_ppb,toxin,75,6,"5-fold GroupKFold, sites held out",1,200,3,0,-1.6754009215019512,0.093855595943781,-6022.207297202512,10,9,4444.576432056058,-1.3549564034421706,0.2084611842667594,0.087890625,1024,451665.54729018826,0.4621268049993244,0.7991012063559112,0.619921875
optionC_observed_RGI_n75_order_locked,Microcystin,MC_ppb,toxin,75,7,"5-fold GroupKFold, sites held out",1,200,3,0,-1.7166531032074326,0.0860425735994294,-5155.578457111018,10,9,3835.310341408984,-1.3442402304312628,0.2117704727606583,0.099609375,1024,386668.38428332633,0.6157529955373716,0.8773795181152921,0.62890625
optionC_observed_RGI_n75_order_locked,Microcystin,MC_ppb,toxin,75,8,"5-fold GroupKFold, sites held out",1,200,3,0,-1.751764988884017,0.0798142267314467,-5161.721911979573,10,9,3763.331064338878,-1.3715832659241092,0.2034136602507815,0.08203125,1024,387129.143398468,0.7368595673726552,0.7797523642946627,0.8011067708333334
optionC_observed_RGI_n75_order_locked,Microcystin,MC_ppb,toxin,75,9,"5-fold GroupKFold, sites held out",1,200,3,0,-1.7494092562504096,0.0802203020040965,-6440.826783118331,10,9,4669.879696678773,-1.379227560765443,0.2011282430874124,0.224609375,1024,483062.0087338748,0.509838901742908,0.5869787761110594,0.6685431985294118
optionC_observed_RGI_n75_order_locked,Microcystin,MC_ppb,toxin,75,10,"5-fold GroupKFold, sites held out",1,200,3,0,-1.8568258185496205,0.0633359392021624,-7161.802927699069,10,9,5152.479780773042,-1.3899720585850728,0.1979531107503671,0.197265625,1024,537135.2195774299,0.5015005830148617,0.5886653496007236,0.6609933035714286
optionC_observed_RGI_n75_order_locked,Chlorophyll a,Chl_a_mg_m3,toxin,75,0,"5-fold GroupKFold, sites held out",1,200,3,0,0.3580077457037359,0.7203375169944488,5371.24430192593,10,9,19092.27803531716,0.281330718732994,0.7848178605445898,0.779296875,1024,402843.3226444446,0.8012855272521533,0.844248502954228,0.8494318181818182
optionC_observed_RGI_n75_order_locked,Chlorophyll a,Chl_a_mg_m3,toxin,75,1,"5-fold GroupKFold, sites held out",1,200,3,0,0.2853970034778265,0.775340002999275,3544.497589362439,10,9,14489.923773531998,0.2446180977043503,0.8122380246292313,0.892578125,1024,265837.3192021831,0.9385694773149118,0.9812625360407556,0.9775855654761905
optionC_observed_RGI_n75_order_locked,Chlorophyll a,Chl_a_mg_m3,toxin,75,2,"5-fold GroupKFold, sites held out",1,200,3,0,0.6204183434438182,0.5349823987580664,8706.461561336153,10,9,16816.58720085432,0.5177305869108713,0.6171307284271241,0.841796875,1024,652984.6171002114,0.8203063447623685,0.9462671169215904,0.978515625
optionC_observed_RGI_n75_order_locked,Chlorophyll a,Chl_a_mg_m3,toxin,75,3,"5-fold GroupKFold, sites held out",1,200,3,0,0.9419392526881004,0.3462237420960892,13455.789407114396,10,9,16643.496093029593,0.8084713290947189,0.4396662476491669,0.63671875,1024,1009184.20553358,0.7766610103770594,0.7892051502444565,0.8902698863636364
optionC_observed_RGI_n75_order_locked,Chlorophyll a,Chl_a_mg_m3,toxin,75,4,"5-fold GroupKFold, sites held out",1,200,3,0,0.9379059573000496,0.3482927414213375,11964.236177328026,10,9,14217.711192176968,0.8415022654216753,0.4218621922249447,0.576171875,1024,897317.7132996018,0.7794301729798626,0.8614112256974471,0.9184027777777778
optionC_observed_RGI_n75_order_locked,Chlorophyll a,Chl_a_mg_m3,toxin,75,5,"5-fold GroupKFold, sites held out",1,200,3,0,0.9653907778975176,0.3343491188152128,12560.605886483094,10,9,14634.386085915508,0.8582940078758569,0.413003748079438,0.5546875,1024,942045.441486232,0.8970026374737341,0.9957929564192628,0.9921875
optionC_observed_RGI_n75_order_locked,Chlorophyll a,Chl_a_mg_m3,toxin,75,6,"5-fold GroupKFold, sites held out",1,200,3,0,0.7473974678071311,0.454823673442958,9618.50137886694,10,9,14335.220606901095,0.6709698889626096,0.5190865467914566,0.7109375,1024,721387.6034150203,0.9534438440368288,0.9748174742735862,0.978515625
optionC_observed_RGI_n75_order_locked,Chlorophyll a,Chl_a_mg_m3,toxin,75,7,"5-fold GroupKFold, sites held out",1,200,3,0,0.7095583430731738,0.477978059661857,8347.502383303063,10,9,13580.218849207416,0.6146809912264594,0.5539857222961514,0.77734375,1024,626062.6787477297,0.8014229336452735,0.8773795181152921,1.0
optionC_observed_RGI_n75_order_locked,Chlorophyll a,Chl_a_mg_m3,toxin,75,8,"5-fold GroupKFold, sites held out",1,200,3,0,0.735542852104057,0.4620089521907611,8584.321371729082,10,9,13114.209714307786,0.6545816758110454,0.5291084505419628,0.732421875,1024,643824.1028796812,0.7497850352944861,0.811299624164343,0.95703125
optionC_observed_RGI_n75_order_locked,Chlorophyll a,Chl_a_mg_m3,toxin,75,9,"5-fold GroupKFold, sites held out",1,200,3,0,1.066106032650021,0.2863757128849857,11270.255001250176,10,9,11854.5257826066,0.9507132725449308,0.3665808126412391,0.396484375,1024,845269.1250937633,0.5225171697065968,0.5869787761110594,0.6685431985294118
optionC_observed_RGI_n75_order_locked,Chlorophyll a,Chl_a_mg_m3,toxin,75,10,"5-fold GroupKFold, sites held out",1,200,3,0,1.0294098395857108,0.3032871273226885,10754.652113996748,10,9,11989.204840075568,0.8970279728683794,0.3930664277124922,0.4453125,1024,806598.9085497563,0.5015005830148617,0.5886653496007236,0.6828125
optionC_observed_RGI_n75_order_locked,Water temperature,water_temp_C,env,75,0,"5-fold GroupKFold, sites held out",1,200,3,0,0.7189656683879982,0.4721620732183238,3340.675299851852,10,9,4547.016711840468,0.7346960681170814,0.4812281772955697,0.47265625,1024,250550.6474888889,0.7077512667647037,0.7735068918133963,0.7663143382352942
optionC_observed_RGI_n75_order_locked,Water temperature,water_temp_C,env,75,1,"5-fold GroupKFold, sites held out",1,200,3,0,0.3134620662154651,0.7539296362520624,1120.476964555618,10,9,3668.417483684675,0.3054387810381318,0.7669783106294886,0.755859375,1024,84035.77234167137,0.9385694773149118,0.9800278413599022,0.9658203125
optionC_observed_RGI_n75_order_locked,Water temperature,water_temp_C,env,75,2,"5-fold GroupKFold, sites held out",1,200,3,0,0.1331196396641152,0.8940987631733011,468.4063173872579,10,9,3467.424001749985,0.135087695404674,0.8955155144951199,0.91015625,1024,35130.47380404438,0.9743486670335416,0.9785473434267776,0.978515625
optionC_observed_RGI_n75_order_locked,Water temperature,water_temp_C,env,75,3,"5-fold GroupKFold, sites held out",1,200,3,0,0.7254704452960462,0.4681634697828043,2337.698321147115,10,9,3723.853207700083,0.6277632846303624,0.5457554913884856,0.693359375,1024,175327.37408603364,0.7766610103770594,0.7892051502444565,0.8902698863636364
optionC_observed_RGI_n75_order_locked,Water temperature,water_temp_C,env,75,4,"5-fold GroupKFold, sites held out",1,200,3,0,0.6918467563268327,0.4890335703266517,2215.3371369823194,10,9,3668.328885318628,0.6039090840105786,0.560815701235451,0.685546875,1024,166150.2852736739,0.7934391471369925,0.8614112256974471,0.9184027777777778
optionC_observed_RGI_n75_order_locked,Water temperature,water_temp_C,env,75,5,"5-fold GroupKFold, sites held out",1,200,3,0,0.2036944122381256,0.8385923090428635,621.6836217694637,10,9,3700.577944527198,0.1679963592413651,0.8703006769495061,0.916015625,1024,46626.271632709744,0.9955972197443492,0.9957929564192628,0.9921875
optionC_observed_RGI_n75_order_locked,Water temperature,water_temp_C,env,75,6,"5-fold GroupKFold, sites held out",1,200,3,0,-0.268737513584566,0.7881316816712998,-716.1239799295496,10,9,3249.499962995444,-0.2203797470640419,0.8304933544078228,0.7421875,1024,53709.29849471621,0.967791168210443,0.9748174742735862,0.978515625
optionC_observed_RGI_n75_order_locked,Water temperature,water_temp_C,env,75,7,"5-fold GroupKFold, sites held out",1,200,3,0,0.6937760647019983,0.4878226552623403,1955.96757545001,10,9,3460.95522709093,0.5651525220954905,0.5857799324380651,0.681640625,1024,146697.56815875074,0.8014229336452735,0.8773795181152921,1.0
optionC_observed_RGI_n75_order_locked,Water temperature,water_temp_C,env,75,8,"5-fold GroupKFold, sites held out",1,200,3,0,0.7059458186785806,0.4802218323349927,2077.0480571779794,10,9,3480.076380682292,0.596839790272293,0.5653239236490931,0.662109375,1024,155778.60428834843,0.7497850352944861,0.8126531402455713,0.95703125
optionC_observed_RGI_n75_order_locked,Water temperature,water_temp_C,env,75,9,"5-fold GroupKFold, sites held out",1,200,3,0,1.2299648941260628,0.2187102512611853,3224.533665249789,10,9,3053.186081959237,1.056120910645773,0.3184369499686229,0.341796875,1024,241840.0248937342,0.509838901742908,0.5869787761110594,0.6685431985294118
optionC_observed_RGI_n75_order_locked,Water temperature,water_temp_C,env,75,10,"5-fold GroupKFold, sites held out",1,200,3,0,1.3065074064496662,0.1913800619862762,2994.0856057938427,10,9,2801.885195673641,1.0685968184624324,0.3130735773416429,0.28515625,1024,224556.42043453825,0.5015005830148617,0.5886653496007236,0.6609933035714286
optionC_observed_RGI_n75_order_locked,TP,TP_mg_L,env,75,0,"5-fold GroupKFold, sites held out",1,200,3,0,-0.3864254048378787,0.699181638200856,-10.202048770370334,10,9,29.402258832640072,-0.3469818026037109,0.7365802983219334,0.55078125,1024,765.1536577777753,0.8012855272521533,0.844248502954228,0.7663143382352942
optionC_observed_RGI_n75_order_locked,TP,TP_mg_L,env,75,1,"5-fold GroupKFold, sites held out",1,200,3,0,0.8386620182490174,0.4016589978315812,18.04330881498948,10,9,23.687351254841214,0.7617275828297513,0.4657139259647035,0.546875,1024,1353.2481611242113,0.9238156950126368,0.9800278413599022,0.9658203125
optionC_observed_RGI_n75_order_locked,TP,TP_mg_L,env,75,2,"5-fold GroupKFold, sites held out",1,200,3,0,0.6779714263439208,0.4977898104115255,15.835457253832802,10,9,25.190031765831844,0.6286398286846254,0.5452065992429507,0.654296875,1024,1187.65929403746,0.8177975456760775,0.8956965558991332,0.978515625
optionC_observed_RGI_n75_order_locked,TP,TP_mg_L,env,75,3,"5-fold GroupKFold, sites held out",1,200,3,0,0.6109504575285264,0.5412323791704441,15.841213068688823,10,9,27.84426814947369,0.5689218687181854,0.5833255458328591,0.685546875,1024,1188.0909801516625,0.7829151796725966,0.7892051502444565,0.8902698863636364
optionC_observed_RGI_n75_order_locked,TP,TP_mg_L,env,75,4,"5-fold GroupKFold, sites held out",1,200,3,0,0.6398582896069782,0.522264732965763,16.44162805619655,10,9,27.75892666135082,0.5923005689945671,0.56822942140303,0.666015625,1024,1233.1221042147413,0.7934391471369925,0.8614112256974471,0.9184027777777778
optionC_observed_RGI_n75_order_locked,TP,TP_mg_L,env,75,5,"5-fold GroupKFold, sites held out",1,200,3,0,0.2786259404227221,0.7805319031757645,7.450220466827026,10,9,29.108320958923336,0.2559481351514751,0.8037448843024063,0.8125,1024,558.7665350120267,0.9955972197443492,0.9957929564192628,0.9921875
optionC_observed_RGI_n75_order_locked,TP,TP_mg_L,env,75,6,"5-fold GroupKFold, sites held out",1,200,3,0,0.0947412455044803,0.9245203561276644,2.5242149087373487,10,9,29.35172179472655,0.0859988700625685,0.9333501457854472,0.890625,1024,189.31611815530076,0.967791168210443,0.9748174742735862,0.978515625
optionC_observed_RGI_n75_order_locked,TP,TP_mg_L,env,75,7,"5-fold GroupKFold, sites held out",1,200,3,0,-0.0212473658504776,0.9830483303132194,-0.5337066978407251,10,9,27.56638245579993,-0.0193607811506088,0.9849757250021268,0.9765625,1024,40.02800233805471,0.9997645709355596,0.999818931737398,1.0
optionC_observed_RGI_n75_order_locked,TP,TP_mg_L,env,75,8,"5-fold GroupKFold, sites held out",1,200,3,0,-0.0679465748799934,0.9458281630016332,-1.6403750438750793,10,9,26.150191197936728,-0.0627289885362102,0.9513533715432236,0.89453125,1024,123.0281282906312,0.9515293675336808,0.9557607513533308,0.95703125
optionC_observed_RGI_n75_order_locked,TP,TP_mg_L,env,75,9,"5-fold GroupKFold, sites held out",1,200,3,0,0.0627220981628704,0.9499878002482998,1.4581301085341445,10,9,24.85639794825731,0.0586621646293836,0.9545030568743856,0.91015625,1024,109.3597581400609,0.95710106503353,0.9545030568743854,0.94921875
optionC_observed_RGI_n75_order_locked,TP,TP_mg_L,env,75,10,"5-fold GroupKFold, sites held out",1,200,3,0,0.0987364905152311,0.9213474951709002,2.293114331475892,10,9,24.70082095930276,0.0928355513063328,0.9280679200628752,0.919921875,1024,171.98357486069204,0.9632269267695776,0.9702528255202788,0.9617365056818182
optionC_observed_RGI_n75_order_locked,TN,TN_mg_L,env,75,0,"5-fold GroupKFold, sites held out",1,200,3,0,-0.3902669649433132,0.6963391485462953,-146.99226104000002,10,9,360.4925034770379,-0.4077540021560057,0.6929833373065722,0.6875,1024,11024.419578,0.8012855272521533,0.844248502954228,0.8494318181818182
optionC_observed_RGI_n75_order_locked,TN,TN_mg_L,env,75,1,"5-fold GroupKFold, sites held out",1,200,3,0,0.0996663532520529,0.9206092137130684,24.8869284815976,10,9,130.7543572983442,0.1903334542405551,0.8532717704702224,0.849609375,1024,1866.5196361198184,0.9941051525637906,0.9812625360407556,0.9775855654761905
optionC_observed_RGI_n75_order_locked,TN,TN_mg_L,env,75,2,"5-fold GroupKFold, sites held out",1,200,3,0,0.29577537048871,0.7674016333765041,76.76304492751443,10,9,221.86962509648384,0.345982668398762,0.737305988205675,0.744140625,1024,5757.228369563587,0.9743486670335416,0.9785473434267776,0.978515625
optionC_observed_RGI_n75_order_locked,TN,TN_mg_L,env,75,3,"5-fold GroupKFold, sites held out",1,200,3,0,0.270615970448529,0.786686411373783,63.1051686041432,10,9,214.10380883675148,0.2947409901159639,0.7748773292521883,0.771484375,1024,4732.887645310743,0.8963211212922849,0.884229991153875,0.8902698863636364
optionC_observed_RGI_n75_order_locked,TN,TN_mg_L,env,75,4,"5-fold GroupKFold, sites held out",1,200,3,0,-0.4595590413162711,0.6458327641740436,-104.78588001270602,10,9,252.67462897570317,-0.4147067730444044,0.6880670811915895,0.6875,1024,7858.94100095295,0.7934391471369925,0.8614112256974471,0.9184027777777778
optionC_observed_RGI_n75_order_locked,TN,TN_mg_L,env,75,5,"5-fold GroupKFold, sites held out",1,200,3,0,-0.0684681462685037,0.9454129761474894,-16.074915649986316,10,9,278.2667858874687,-0.0577679998664555,0.9551956860856768,0.958984375,1024,1205.618673748976,0.9955972197443492,0.9957929564192628,0.9921875
optionC_observed_RGI_n75_order_locked,TN,TN_mg_L,env,75,6,"5-fold GroupKFold, sites held out",1,200,3,0,0.5628742338838763,0.5735205265991756,136.5838518677519,10,9,273.2177311250494,0.4999084477619011,0.629133255971123,0.626953125,1024,10243.788890081392,0.9534438440368288,0.9748174742735862,0.978515625
optionC_observed_RGI_n75_order_locked,TN,TN_mg_L,env,75,7,"5-fold GroupKFold, sites held out",1,200,3,0,-0.7551209511160972,0.4501764132838892,-154.91654503781254,10,9,257.13568682893225,-0.6024700303107897,0.5617317549606599,0.5625,1024,11618.74087783594,0.8014229336452735,0.8773795181152921,1.0
optionC_observed_RGI_n75_order_locked,TN,TN_mg_L,env,75,8,"5-fold GroupKFold, sites held out",1,200,3,0,-0.9453298305803616,0.3444905135215035,-204.7217520328369,10,9,271.07780145275257,-0.755214004745862,0.4694222339348031,0.470703125,1024,15354.131402462768,0.7368595673726552,0.811299624164343,0.95703125
optionC_observed_RGI_n75_order_locked,TN,TN_mg_L,env,75,9,"5-fold GroupKFold, sites held out",1,200,3,0,-1.3169081825210895,0.187869403398337,-304.0557911116052,10,9,298.42720707136965,-1.018860827387261,0.3348746074850602,0.37109375,1024,22804.184333370387,0.509838901742908,0.5869787761110594,0.6685431985294118
optionC_observed_RGI_n75_order_locked,TN,TN_mg_L,env,75,10,"5-fold GroupKFold, sites held out",1,200,3,0,-1.380563563286299,0.1674131930913502,-296.24929382252174,10,9,270.7715792221399,-1.0940930162374245,0.302330309650298,0.34765625,1024,22218.697036689133,0.5015005830148617,0.5886653496007236,0.6609933035714286
optionC_observed_RGI_n75_order_locked,pH,pH_wq,env,75,0,"5-fold GroupKFold, sites held out",1,200,3,0,0.7670597380348069,0.4430459985727282,178.39539199999982,10,9,308.2993756388255,0.578643377497433,0.5770215230977926,0.56640625,1024,13379.654399999989,0.7077512667647037,0.7806761783087782,0.7663143382352942
optionC_observed_RGI_n75_order_locked,pH,pH_wq,env,75,1,"5-fold GroupKFold, sites held out",1,200,3,0,-1.3359463221408696,0.1815668187976014,-228.23545869899604,10,9,124.36152729327208,-1.835257765536814,0.0996598499488375,0.111328125,1024,17117.659402424702,0.8405751586776782,0.7364541914356038,0.8265625
optionC_observed_RGI_n75_order_locked,pH,pH_wq,env,75,2,"5-fold GroupKFold, sites held out",1,200,3,0,-1.6112154085258945,0.1071327805310442,-299.55011398919584,10,9,90.65320417334584,-3.304352192741033,0.0091660701277224,0.005859375,1024,22466.25854918968,0.8177975456760775,0.210819612937616,0.134765625
optionC_observed_RGI_n75_order_locked,pH,pH_wq,env,75,3,"5-fold GroupKFold, sites held out",1,200,3,0,-0.5553805653194471,0.5786343829503497,-105.68181411511422,10,9,129.15330400783637,-0.8182664386867098,0.4343343226253806,0.44140625,1024,7926.136058633569,0.7829151796725966,0.7892051502444565,0.8902698863636364
optionC_observed_RGI_n75_order_locked,pH,pH_wq,env,75,4,"5-fold GroupKFold, sites held out",1,200,3,0,-0.0866384889455836,0.9309588711564514,-15.952305898714656,10,9,144.06030762346012,-0.1107335265478555,0.9142577139206256,0.91796875,1024,1196.4229424035957,0.9309588711564514,0.9142577139206256,0.927734375
optionC_observed_RGI_n75_order_locked,pH,pH_wq,env,75,5,"5-fold GroupKFold, sites held out",1,200,3,0,0.0639530581483633,0.9490076044165348,12.045513608605862,10,9,172.60343854957148,0.0697872169281633,0.945889046378816,0.94921875,1024,903.4135206454404,0.9955972197443492,0.9957929564192628,0.9921875
optionC_observed_RGI_n75_order_locked,pH,pH_wq,env,75,6,"5-fold GroupKFold, sites held out",1,200,3,0,-0.3133681767554716,0.7540009587816574,-60.49270278019097,10,9,186.99847140292,-0.3234930335331413,0.7537121446447181,0.751953125,1024,4536.952708514322,0.967791168210443,0.9748174742735862,0.978515625
optionC_observed_RGI_n75_order_locked,pH,pH_wq,env,75,7,"5-fold GroupKFold, sites held out",1,200,3,0,-0.1732820929154579,0.8624296985512303,-30.656726188088182,10,9,194.79536035158185,-0.1573791394864669,0.8784202445152244,0.8828125,1024,2299.2544641066147,0.9917941533339149,0.999818931737398,1.0
optionC_observed_RGI_n75_order_locked,pH,pH_wq,env,75,8,"5-fold GroupKFold, sites held out",1,200,3,0,-0.060786342223141,0.9515293675336808,-11.031288792485682,10,9,193.40056690497804,-0.0570385545865829,0.9557607513533308,0.95703125,1024,827.3466594364243,0.9515293675336808,0.9557607513533308,0.95703125
optionC_observed_RGI_n75_order_locked,pH,pH_wq,env,75,9,"5-fold GroupKFold, sites held out",1,200,3,0,0.1413599899065905,0.887585560247413,25.439666051681662,10,9,217.2340892785361,0.1171071544810036,0.9093468519298132,0.927734375,1024,1907.9749538761253,0.95710106503353,0.9545030568743854,0.94921875
optionC_observed_RGI_n75_order_locked,pH,pH_wq,env,75,10,"5-fold GroupKFold, sites held out",1,200,3,0,0.0320500201361775,0.9744321610650204,5.760225993670221,10,9,219.591578065598,0.0262315433242593,0.9796450846475828,0.986328125,1024,432.01694952526987,0.9744321610650204,0.9796450846475828,0.986328125
optionC_observed_RGI_n75_order_locked,DO,DO_mg_L_wq,env,75,0,"5-fold GroupKFold, sites held out",1,200,3,0,-0.8614653987096427,0.3889817703315152,-844.2264355555558,10,9,1230.8145434746336,-0.6859087260801081,0.5100519572257733,0.49609375,1024,63316.98266666669,0.6881985167403731,0.7735068918133963,0.7663143382352942
optionC_observed_RGI_n75_order_locked,DO,DO_mg_L_wq,env,75,1,"5-fold GroupKFold, sites held out",1,200,3,0,-1.010803369096773,0.3121105502964372,-780.6291721412699,10,9,807.7952755598669,-0.9663700639994848,0.3591073739932786,0.359375,1024,58547.18791059525,0.8973178321022569,0.9800278413599022,0.9658203125
optionC_observed_RGI_n75_order_locked,DO,DO_mg_L_wq,env,75,2,"5-fold GroupKFold, sites held out",1,200,3,0,-0.6865849805551045,0.4923442958411717,-532.3756502350606,10,9,794.8795220074115,-0.6697564039523674,0.5198246712952949,0.59375,1024,39928.17376762952,0.8177975456760775,0.8956965558991332,0.978515625
optionC_observed_RGI_n75_order_locked,DO,DO_mg_L_wq,env,75,3,"5-fold GroupKFold, sites held out",1,200,3,0,-0.8872022065313002,0.3749700446832118,-632.8063833306018,10,9,923.5473899346632,-0.6851910256336385,0.5104837859803962,0.57421875,1024,47460.47874979513,0.7766610103770594,0.7892051502444565,0.8902698863636364
optionC_observed_RGI_n75_order_locked,DO,DO_mg_L_wq,env,75,4,"5-fold GroupKFold, sites held out",1,200,3,0,-0.8912949591036234,0.3727709522947169,-633.6587682083214,10,9,948.1014470671124,-0.6683449014538496,0.5206840426515833,0.6328125,1024,47524.407615624106,0.7794301729798626,0.8614112256974471,0.9184027777777778
optionC_observed_RGI_n75_order_locked,DO,DO_mg_L_wq,env,75,5,"5-fold GroupKFold, sites held out",1,200,3,0,-0.3357388243247695,0.7370678259049614,-236.82383271200845,10,9,995.3488249005628,-0.2379304890782059,0.8172634248403225,0.84375,1024,17761.787453400644,0.9955972197443492,0.9957929564192628,0.9921875
optionC_observed_RGI_n75_order_locked,DO,DO_mg_L_wq,env,75,6,"5-fold GroupKFold, sites held out",1,200,3,0,-0.0708406512227393,0.9435245780805864,-48.04286804032646,10,9,941.3141574188032,-0.0510380808167868,0.9604099828646834,0.966796875,1024,3603.2151030244736,0.967791168210443,0.9748174742735862,0.978515625
optionC_observed_RGI_n75_order_locked,DO,DO_mg_L_wq,env,75,7,"5-fold GroupKFold, sites held out",1,200,3,0,-1.005393275926029,0.3147075163674779,-675.6399606381988,10,9,965.387910047092,-0.6998637061916809,0.5017001876672345,0.546875,1024,50672.99704786492,0.8014229336452735,0.8773795181152921,1.0
optionC_observed_RGI_n75_order_locked,DO,DO_mg_L_wq,env,75,8,"5-fold GroupKFold, sites held out",1,200,3,0,-1.0420475414617896,0.2973896379532539,-651.6953278064667,10,9,851.9800221194703,-0.764918555467116,0.4639042305141801,0.470703125,1024,48877.14958548499,0.7368595673726552,0.811299624164343,0.95703125
optionC_observed_RGI_n75_order_locked,DO,DO_mg_L_wq,env,75,9,"5-fold GroupKFold, sites held out",1,200,3,0,-1.165452204045149,0.2438359964857386,-743.3071838845958,10,9,870.3545481644431,-0.8540280342674291,0.4152419292958304,0.4140625,1024,55748.03879134468,0.509838901742908,0.5969102733627563,0.6685431985294118
optionC_observed_RGI_n75_order_locked,DO,DO_mg_L_wq,env,75,10,"5-fold GroupKFold, sites held out",1,200,3,0,-1.223424685695273,0.2211693342909289,-712.4780791489504,10,9,823.6813177353129,-0.8649923991330623,0.4095063301570251,0.3984375,1024,53435.85593617127,0.5015005830148617,0.5886653496007236,0.6609933035714286
optionC_observed_RGI_n75_order_locked,BOD,BOD_mg_L,env,75,0,"5-fold GroupKFold, sites held out",1,200,3,0,2.4749717700672647,0.0133246707637366,918.484323851852,10,9,465.0629948258149,1.9749675507849465,0.0797025713388347,0.06640625,1024,68886.32428888889,0.107502384725455,0.4582897851982996,0.368359375
optionC_observed_RGI_n75_order_locked,BOD,BOD_mg_L,env,75,1,"5-fold GroupKFold, sites held out",1,200,3,0,0.4799098390766259,0.6312915047017558,155.03363198933127,10,9,370.1809879825952,0.4188049549336134,0.6851765005473894,0.69921875,1024,11627.522399199845,0.9342531830950048,0.9800278413599022,0.9658203125
optionC_observed_RGI_n75_order_locked,BOD,BOD_mg_L,env,75,2,"5-fold GroupKFold, sites held out",1,200,3,0,0.8004253477982165,0.4234643997701792,264.8682066940206,10,9,393.687352293164,0.6727882040182569,0.5179817133752402,0.671875,1024,19865.11550205155,0.8177975456760775,0.8956965558991332,0.978515625
optionC_observed_RGI_n75_order_locked,BOD,BOD_mg_L,env,75,3,"5-fold GroupKFold, sites held out",1,200,3,0,1.019668172005182,0.307885861418645,340.0587696136561,10,9,392.1732649011999,0.8671135950568355,0.4084031145544936,0.513671875,1024,25504.407721024218,0.7766610103770594,0.7892051502444565,0.8902698863636364
optionC_observed_RGI_n75_order_locked,BOD,BOD_mg_L,env,75,4,"5-fold GroupKFold, sites held out",1,200,3,0,1.1139053464924156,0.2653197955138382,312.8462305123744,10,9,282.360688297471,1.1079666663186003,0.2966063734842809,0.310546875,1024,23463.467288428084,0.7794301729798626,0.8614112256974471,0.9184027777777778
optionC_observed_RGI_n75_order_locked,BOD,BOD_mg_L,env,75,5,"5-fold GroupKFold, sites held out",1,200,3,0,0.859615284645416,0.3900011467277104,227.4231215160352,10,9,255.08206775927684,0.8915684411444257,0.395834576740558,0.505859375,1024,17056.73411370265,0.8970026374737341,0.9957929564192628,0.9921875
optionC_observed_RGI_n75_order_locked,BOD,BOD_mg_L,env,75,6,"5-fold GroupKFold, sites held out",1,200,3,0,0.3420613413856573,0.7323047296144067,82.74222424965811,10,9,229.94643970264812,0.3598325956107648,0.7272713469630595,0.89453125,1024,6205.666818724359,0.967791168210443,0.9748174742735862,0.978515625
optionC_observed_RGI_n75_order_locked,BOD,BOD_mg_L,env,75,7,"5-fold GroupKFold, sites held out",1,200,3,0,0.5683575193389714,0.5697922294824163,138.692639340171,10,9,243.8452631979198,0.5687731536027401,0.5834222740538672,0.708984375,1024,10401.947950512818,0.8569770690912104,0.8773795181152921,1.0
optionC_observed_RGI_n75_order_locked,BOD,BOD_mg_L,env,75,8,"5-fold GroupKFold, sites held out",1,200,3,0,0.6919157479098013,0.4889902404094475,161.957837624046,10,9,233.54688299354763,0.6934703454317587,0.505515908607652,0.595703125,1024,12146.837821803449,0.7497850352944861,0.811299624164343,0.95703125
optionC_observed_RGI_n75_order_locked,BOD,BOD_mg_L,env,75,9,"5-fold GroupKFold, sites held out",1,200,3,0,1.274343336171616,0.2025417644781804,301.791910167031,10,9,228.14086809552285,1.3228314272946062,0.2185151060931829,0.21484375,1024,22634.393262527323,0.509838901742908,0.5869787761110594,0.6685431985294118
optionC_observed_RGI_n75_order_locked,BOD,BOD_mg_L,env,75,10,"5-fold GroupKFold, sites held out",1,200,3,0,1.249457562277297,0.2114977660250714,303.3966826171059,10,9,240.2612265524341,1.262778380725919,0.2384038081994124,0.24609375,1024,22754.751196282938,0.5015005830148617,0.5886653496007236,0.6609933035714286
optionC_observed_RGI_n75_order_locked,COD,COD_mg_L,env,75,0,"5-fold GroupKFold, sites held out",1,200,3,0,1.2738515939673338,0.2027160162264185,2796.945319407408,10,9,2485.382944722516,1.1253578951873255,0.2895517110573811,0.2265625,1024,209770.89895555557,0.5523235277918468,0.6650801540511582,0.575
optionC_observed_RGI_n75_order_locked,COD,COD_mg_L,env,75,1,"5-fold GroupKFold, sites held out",1,200,3,0,0.695803729877563,0.4865517530783723,1247.0511804298822,10,9,1993.0406742931289,0.6257028250927058,0.5470470179072094,0.73046875,1024,93528.83853224116,0.9342531830950048,0.9800278413599022,0.9658203125
optionC_observed_RGI_n75_order_locked,COD,COD_mg_L,env,75,2,"5-fold GroupKFold, sites held out",1,200,3,0,0.8102299050801325,0.4178080529083299,1580.9130335659474,10,9,2270.143671341583,0.6963933840503046,0.5037691413652536,0.818359375,1024,118568.47751744604,0.8177975456760775,0.8956965558991332,0.978515625
optionC_observed_RGI_n75_order_locked,COD,COD_mg_L,env,75,3,"5-fold GroupKFold, sites held out",1,200,3,0,0.9346003711284484,0.3499942877011661,2005.1567874548068,10,9,2452.5519021342134,0.8175797567056245,0.4347066814023335,0.669921875,1024,150386.75905911054,0.7766610103770594,0.7892051502444565,0.8902698863636364
optionC_observed_RGI_n75_order_locked,COD,COD_mg_L,env,75,4,"5-fold GroupKFold, sites held out",1,200,3,0,0.9243626281543044,0.3552975454784577,1812.2691307801315,10,9,2166.928904796231,0.8363306829166828,0.424616622823108,0.71875,1024,135920.1848085099,0.7794301729798626,0.8614112256974471,0.9184027777777778
optionC_observed_RGI_n75_order_locked,COD,COD_mg_L,env,75,5,"5-fold GroupKFold, sites held out",1,200,3,0,0.9017440470050386,0.3671928488325147,1792.5960471178548,10,9,2192.6626071463734,0.8175430370707226,0.4347265990091952,0.748046875,1024,134444.7035338391,0.8970026374737341,0.9957929564192628,0.9921875
optionC_observed_RGI_n75_order_locked,COD,COD_mg_L,env,75,6,"5-fold GroupKFold, sites held out",1,200,3,0,0.7070067387259477,0.4795622900825242,1374.7617892864232,10,9,2154.323169073489,0.638140929374894,0.5392777037567563,0.908203125,1024,103107.13419648173,0.9534438440368288,0.9748174742735862,0.978515625
optionC_observed_RGI_n75_order_locked,COD,COD_mg_L,env,75,7,"5-fold GroupKFold, sites held out",1,200,3,0,0.7085985481619561,0.4785736375261582,1357.3552858931698,10,9,2101.0166427793392,0.6460468985612539,0.5343732274948243,0.958984375,1024,101801.64644198774,0.8014229336452735,0.8773795181152921,1.0
optionC_observed_RGI_n75_order_locked,COD,COD_mg_L,env,75,8,"5-fold GroupKFold, sites held out",1,200,3,0,0.7408999497354068,0.4587541059828393,1345.4649690797169,10,9,1971.5690435125496,0.68243360459882,0.5121449672494531,0.931640625,1024,100909.87268097876,0.7497850352944861,0.811299624164343,0.95703125
optionC_observed_RGI_n75_order_locked,COD,COD_mg_L,env,75,9,"5-fold GroupKFold, sites held out",1,200,3,0,1.0008850988871114,0.3168823613847937,1733.8240577709428,10,9,1857.9069507842405,0.9332136127910384,0.3750678455868304,0.529296875,1024,130036.80433282074,0.5225171697065968,0.5869787761110594,0.6763237847222222
optionC_observed_RGI_n75_order_locked,COD,COD_mg_L,env,75,10,"5-fold GroupKFold, sites held out",1,200,3,0,1.0252161184857846,0.3052612244438288,1773.5768658578652,10,9,1878.335350177364,0.9442280185433304,0.3697095480066127,0.509765625,1024,133018.26493933986,0.5015005830148617,0.5886653496007236,0.6896829044117647
optionC_observed_RGI_n75_order_locked,EC,EC_uS_cm,env,75,0,"5-fold GroupKFold, sites held out",1,200,3,0,2.132498072296648,0.0329659227928333,85949.04205333335,10,9,41013.85971191268,2.095609695284763,0.0655838229926576,0.060546875,1024,6446178.154,0.1691103007728491,0.4582897851982996,0.368359375
optionC_observed_RGI_n75_order_locked,EC,EC_uS_cm,env,75,1,"5-fold GroupKFold, sites held out",1,200,3,0,0.0047789899719996,0.996186932199396,139.36646889734274,10,9,31916.292627836498,0.0043666246115249,0.9966112063994136,0.9921875,1024,10452.485167300038,0.996186932199396,0.9966112063994136,0.9921875
optionC_observed_RGI_n75_order_locked,EC,EC_uS_cm,env,75,2,"5-fold GroupKFold, sites held out",1,200,3,0,0.1479410242579396,0.8823893117357025,5153.004630008414,10,9,31143.40842390094,0.1654605224922572,0.8722385496872557,0.88671875,1024,386475.3472506309,0.9743486670335416,0.9785473434267776,0.978515625
optionC_observed_RGI_n75_order_locked,EC,EC_uS_cm,env,75,3,"5-fold GroupKFold, sites held out",1,200,3,0,0.1769961573576799,0.8595114079112802,5811.450361107927,10,9,27635.3906147615,0.2102901472289568,0.8381249235850841,0.833984375,1024,435858.77708309446,0.8963211212922849,0.884229991153875,0.8902698863636364
optionC_observed_RGI_n75_order_locked,EC,EC_uS_cm,env,75,4,"5-fold GroupKFold, sites held out",1,200,3,0,-0.116246674368518,0.9074570466696116,-3692.880937896535,10,9,26018.03669740371,-0.141935418911337,0.8902574966509771,0.927734375,1024,276966.0703422398,0.9309588711564514,0.9142577139206256,0.927734375
optionC_observed_RGI_n75_order_locked,EC,EC_uS_cm,env,75,5,"5-fold GroupKFold, sites held out",1,200,3,0,0.0541735507185085,0.9567968932001858,1721.8512560622576,10,9,26825.53988013784,0.0641870122187978,0.9502243715139832,0.951171875,1024,129138.84420466876,0.9955972197443492,0.9957929564192628,0.9921875
optionC_observed_RGI_n75_order_locked,EC,EC_uS_cm,env,75,6,"5-fold GroupKFold, sites held out",1,200,3,0,0.0771588676235001,0.9384971629363564,2636.089442897602,10,9,29631.03931271602,0.0889637860851656,0.9310589229491856,0.935546875,1024,197706.70821731992,0.967791168210443,0.9748174742735862,0.978515625
optionC_observed_RGI_n75_order_locked,EC,EC_uS_cm,env,75,7,"5-fold GroupKFold, sites held out",1,200,3,0,-0.4849361888905701,0.6277216107319175,-15068.65429093069,10,9,30165.41122819618,-0.499534190896285,0.6293865586923088,0.693359375,1024,1130149.0718198025,0.8569770690912104,0.8773795181152921,1.0
optionC_observed_RGI_n75_order_locked,EC,EC_uS_cm,env,75,8,"5-fold GroupKFold, sites held out",1,200,3,0,-0.4720405228912821,0.6368978645195269,-15969.980862194896,10,9,31760.155724809727,-0.5028306851064903,0.6271572050871557,0.689453125,1024,1197748.5646646176,0.861685346114654,0.8485068068826225,0.95703125
optionC_observed_RGI_n75_order_locked,EC,EC_uS_cm,env,75,9,"5-fold GroupKFold, sites held out",1,200,3,0,-0.6614606179001279,0.5083169624913255,-23542.50668894392,10,9,34958.21994200868,-0.6734469526193839,0.5175818011267931,0.619140625,1024,1765688.001670794,0.6297066968885474,0.6265463908376969,0.7494860197368421
optionC_observed_RGI_n75_order_locked,EC,EC_uS_cm,env,75,10,"5-fold GroupKFold, sites held out",1,200,3,0,-0.4773356292752545,0.6331231436889304,-15608.315143486489,10,9,34558.24123982777,-0.4516524737230603,0.66220663463644,0.720703125,1024,1170623.6357614868,0.7664122265708105,0.8016185577177959,0.871484375
optionC_observed_RGI_n75_order_locked,NH3-N,NH3N_mg_L,env,75,0,"5-fold GroupKFold, sites held out",1,200,3,0,1.4200067737085,0.155605709044607,38.62747411555554,10,9,27.007781551035084,1.430234987740973,0.1864350525874481,0.154296875,1024,2897.060558666666,0.511275901146566,0.6259076719688543,0.5390625
optionC_observed_RGI_n75_order_locked,NH3-N,NH3N_mg_L,env,75,1,"5-fold GroupKFold, sites held out",1,200,3,0,1.1903999953457851,0.2338892148913121,31.68817937401989,10,9,26.742538445037763,1.1849353582924296,0.2663878598888118,0.267578125,1024,2376.6134530514914,0.8405751586776782,0.9800278413599022,0.9658203125
optionC_observed_RGI_n75_order_locked,NH3-N,NH3N_mg_L,env,75,2,"5-fold GroupKFold, sites held out",1,200,3,0,1.3447696738673014,0.1786996264868781,38.80360957987449,10,9,29.05965181184905,1.3353088272052986,0.2145625149890791,0.21484375,1024,2910.2707184905858,0.8177975456760775,0.8956965558991332,0.978515625
optionC_observed_RGI_n75_order_locked,NH3-N,NH3N_mg_L,env,75,3,"5-fold GroupKFold, sites held out",1,200,3,0,1.1654462055360095,0.2438384233104131,32.037547792316765,10,9,21.555470165939035,1.486283878091466,0.1713707319004874,0.173828125,1024,2402.816084423758,0.7766610103770594,0.7892051502444565,0.8902698863636364
optionC_observed_RGI_n75_order_locked,NH3-N,NH3N_mg_L,env,75,4,"5-fold GroupKFold, sites held out",1,200,3,0,0.8221202565768335,0.4110084577695065,23.06203595420453,10,9,23.55636136233208,0.979015205255002,0.3531539533247391,0.337890625,1024,1729.6526965653395,0.7877662107248876,0.8614112256974471,0.9184027777777778
optionC_observed_RGI_n75_order_locked,NH3-N,NH3N_mg_L,env,75,5,"5-fold GroupKFold, sites held out",1,200,3,0,0.5366628275244649,0.5915005373634845,14.869259801638709,10,9,23.53516630504001,0.6317890262136997,0.5432372276055598,0.529296875,1024,1115.1944851229032,0.9955972197443492,0.9957929564192628,0.9921875
optionC_observed_RGI_n75_order_locked,NH3-N,NH3N_mg_L,env,75,6,"5-fold GroupKFold, sites held out",1,200,3,0,0.3938748815946459,0.6936734160312632,11.468376428407336,10,9,22.817894418398872,0.5026045005782822,0.6273100418976895,0.625,1024,860.1282321305503,0.967791168210443,0.9748174742735862,0.978515625
optionC_observed_RGI_n75_order_locked,NH3-N,NH3N_mg_L,env,75,7,"5-fold GroupKFold, sites held out",1,200,3,0,0.1936986708146309,0.8464118326698569,5.198996224289635,10,9,23.96957711256057,0.2168997892568263,0.833123448759451,0.830078125,1024,389.9247168217224,0.9917941533339149,0.999818931737398,1.0
optionC_observed_RGI_n75_order_locked,NH3-N,NH3N_mg_L,env,75,8,"5-fold GroupKFold, sites held out",1,200,3,0,0.610910104554809,0.5412590949886791,15.233540961756116,10,9,20.35326649602124,0.748456812312365,0.4732894307767464,0.458984375,1024,1142.515572131709,0.7780599490462262,0.811299624164343,0.95703125
optionC_observed_RGI_n75_order_locked,NH3-N,NH3N_mg_L,env,75,9,"5-fold GroupKFold, sites held out",1,200,3,0,0.6430487176508527,0.5201924887340175,16.40344580418063,10,9,21.172470220239585,0.7747535187698571,0.4583555058091016,0.470703125,1024,1230.2584353135471,0.6297066968885474,0.6201280372711375,0.6685431985294118
optionC_observed_RGI_n75_order_locked,NH3-N,NH3N_mg_L,env,75,10,"5-fold GroupKFold, sites held out",1,200,3,0,0.8623737565647661,0.3884818771823624,20.877389021788268,10,9,21.529924800129248,0.9696916833477718,0.3575364018885297,0.34765625,1024,1565.8041766341205,0.5584426984496459,0.5886653496007236,0.6609933035714286
optionC_observed_RGI_n75_order_locked,NO3-N,NO3N_mg_L,env,75,0,"5-fold GroupKFold, sites held out",1,200,3,0,-1.1746352751870064,0.2401406642573247,-494.7409795466668,10,9,468.087167164601,-1.056941984851922,0.3180818128070756,0.298828125,1024,37105.573466,0.5523235277918468,0.6650801540511582,0.6248224431818182
optionC_observed_RGI_n75_order_locked,NO3-N,NO3N_mg_L,env,75,1,"5-fold GroupKFold, sites held out",1,200,3,0,-0.5174499748816584,0.6048420813899478,-153.05781897940912,10,9,234.00201097632265,-0.6540876223277252,0.5294123668495954,0.5625,1024,11479.336423455685,0.9342531830950048,0.9800278413599022,0.9658203125
optionC_observed_RGI_n75_order_locked,NO3-N,NO3N_mg_L,env,75,2,"5-fold GroupKFold, sites held out",1,200,3,0,-0.2656519226585754,0.7905072933599127,-86.561248374409,10,9,299.8069511993648,-0.2887232868621773,0.7793327947241984,0.7890625,1024,6492.093628080676,0.9743486670335416,0.9785473434267776,0.978515625
optionC_observed_RGI_n75_order_locked,NO3-N,NO3N_mg_L,env,75,3,"5-fold GroupKFold, sites held out",1,200,3,0,-0.4988232115315591,0.6179039339173154,-164.35397924869017,10,9,355.2948929578328,-0.4625846937467689,0.6546423532516539,0.724609375,1024,12326.548443651764,0.7895439155610141,0.7924617960414757,0.8902698863636364
optionC_observed_RGI_n75_order_locked,NO3-N,NO3N_mg_L,env,75,4,"5-fold GroupKFold, sites held out",1,200,3,0,-0.9607466121064444,0.3366795881762887,-299.4709451274122,10,9,387.57293430574464,-0.7726828130138949,0.4595201231119085,0.51171875,1024,22460.320884555917,0.7794301729798626,0.8614112256974471,0.9184027777777778
optionC_observed_RGI_n75_order_locked,NO3-N,NO3N_mg_L,env,75,5,"5-fold GroupKFold, sites held out",1,200,3,0,-0.5492486171630349,0.5828348442861233,-179.1061473192324,10,9,423.06386489704073,-0.4233548695131897,0.6819736279439941,0.73828125,1024,13432.961048942429,0.9955972197443492,0.9957929564192628,0.9921875
optionC_observed_RGI_n75_order_locked,NO3-N,NO3N_mg_L,env,75,6,"5-fold GroupKFold, sites held out",1,200,3,0,0.0403787540933614,0.967791168210443,13.571227666986118,10,9,418.1536948848665,0.0324551183763252,0.974817474273586,0.978515625,1024,1017.842075023962,0.967791168210443,0.9748174742735862,0.978515625
optionC_observed_RGI_n75_order_locked,NO3-N,NO3N_mg_L,env,75,7,"5-fold GroupKFold, sites held out",1,200,3,0,-0.9064699909984836,0.3646871415211814,-290.94705909151253,10,9,420.3126069585367,-0.692215875219308,0.5062667094704741,0.55078125,1024,21821.029431863448,0.8014229336452735,0.8773795181152921,1.0
optionC_observed_RGI_n75_order_locked,NO3-N,NO3N_mg_L,env,75,8,"5-fold GroupKFold, sites held out",1,200,3,0,-0.9299227220598314,0.3524110974390959,-309.28106534642336,10,9,421.27826624421687,-0.7341491126606844,0.4815454738378557,0.51953125,1024,23196.07990098176,0.7368595673726552,0.811299624164343,0.95703125
optionC_observed_RGI_n75_order_locked,NO3-N,NO3N_mg_L,env,75,9,"5-fold GroupKFold, sites held out",1,200,3,0,-1.3715040638203055,0.1702178775683318,-440.0616423907708,10,9,416.3086378105445,-1.057056237663356,0.3180324194612,0.32421875,1024,33004.62317930782,0.509838901742908,0.5869787761110594,0.6685431985294118
optionC_observed_RGI_n75_order_locked,NO3-N,NO3N_mg_L,env,75,10,"5-fold GroupKFold, sites held out",1,200,3,0,-1.6444959005514053,0.1000738103942939,-449.5886409113662,10,9,372.6689474450391,-1.2064022076260354,0.2584162951230589,0.2734375,1024,33719.14806835247,0.5015005830148617,0.5886653496007236,0.6609933035714286
optionC_observed_RGI_n75_order_locked,TOC,TOC_mg_L,env,75,0,"5-fold GroupKFold, sites held out",1,200,3,0,-1.2283207496020347,0.2193265847212637,-806.4639632592591,10,9,608.4835991517165,-1.325366804271382,0.2177070163369928,0.25,1024,60484.797244444446,0.5523235277918468,0.6259076719688543,0.575
optionC_observed_RGI_n75_order_locked,TOC,TOC_mg_L,env,75,1,"5-fold GroupKFold, sites held out",1,200,3,0,-1.9299300404354789,0.0536155066686325,-1254.9611289983968,10,9,819.6346806967105,-1.531122533677623,0.1600987372686095,0.16015625,1024,94122.08467487976,0.8405751586776782,0.7364541914356038,0.8265625
optionC_observed_RGI_n75_order_locked,TOC,TOC_mg_L,env,75,2,"5-fold GroupKFold, sites held out",1,200,3,0,-1.4070620344703593,0.1594089946615107,-810.0616402924226,10,9,772.8110294419059,-1.0482014482601492,0.3218779826352586,0.359375,1024,60754.62302193169,0.8177975456760775,0.8956965558991332,0.978515625
optionC_observed_RGI_n75_order_locked,TOC,TOC_mg_L,env,75,3,"5-fold GroupKFold, sites held out",1,200,3,0,-1.0090642125455318,0.3129438397399098,-554.8967697915974,10,9,648.3274911522254,-0.8558896196202009,0.4142641990351354,0.45703125,1024,41617.25773436981,0.7766610103770594,0.7892051502444565,0.8902698863636364
optionC_observed_RGI_n75_order_locked,TOC,TOC_mg_L,env,75,4,"5-fold GroupKFold, sites held out",1,200,3,0,-1.7478068353604512,0.0804974813180401,-896.4758566511745,10,9,606.598020755674,-1.477874681381886,0.1735607441148018,0.1953125,1024,67235.68924883808,0.7794301729798626,0.8614112256974471,0.9184027777777778
optionC_observed_RGI_n75_order_locked,TOC,TOC_mg_L,env,75,5,"5-fold GroupKFold, sites held out",1,200,3,0,-1.94954225717549,0.0512307014960191,-967.9064490340576,10,9,580.865095414351,-1.666318834915733,0.1300012196152291,0.1484375,1024,72592.98367755432,0.725007076612808,0.9957929564192628,0.9921875
optionC_observed_RGI_n75_order_locked,TOC,TOC_mg_L,env,75,6,"5-fold GroupKFold, sites held out",1,200,3,0,-2.5578422972247554,0.0105323844480011,-1301.3974409086682,10,9,569.9773469043728,-2.283244146415188,0.0483055128208474,0.056640625,1024,97604.8080681501,0.2422448423040275,0.6651119682697707,0.619921875
optionC_observed_RGI_n75_order_locked,TOC,TOC_mg_L,env,75,7,"5-fold GroupKFold, sites held out",1,200,3,0,-3.00520610501504,0.002654009420248,-1382.6996513337324,10,9,542.1730395553504,-2.550292158510351,0.0311797961146718,0.02734375,1024,103702.47385002991,0.0610422166657056,0.7171353106374523,0.62890625
optionC_observed_RGI_n75_order_locked,TOC,TOC_mg_L,env,75,8,"5-fold GroupKFold, sites held out",1,200,3,0,-2.80893299911182,0.0049705990036068,-1217.0286939089965,10,9,527.909613237534,-2.3053732369927347,0.0465879444702511,0.044921875,1024,91277.15204317476,0.1143237770829577,0.7797523642946627,0.8011067708333334
optionC_observed_RGI_n75_order_locked,TOC,TOC_mg_L,env,75,9,"5-fold GroupKFold, sites held out",1,200,3,0,-2.4119779960459224,0.0158662390418145,-996.8631590773346,10,9,485.1591785522221,-2.054713593283144,0.0700772217390186,0.0859375,1024,74764.73693080008,0.3649234979617335,0.5869787761110594,0.6685431985294118
optionC_observed_RGI_n75_order_locked,TOC,TOC_mg_L,env,75,10,"5-fold GroupKFold, sites held out",1,200,3,0,-2.35063546684741,0.0187413843059089,-906.1428777268868,10,9,478.9845287863003,-1.8917998876142488,0.0910739718047528,0.107421875,1024,67960.7158295165,0.4310518390359068,0.5886653496007236,0.6609933035714286
optionC_observed_RGI_n75_order_locked,SS,SS_mg_L,env,75,0,"5-fold GroupKFold, sites held out",1,200,3,0,-0.2162540627239872,0.8287897144270888,-763.0307469629633,10,9,3991.59887779506,-0.1911591746374219,0.8526437512820755,0.875,1024,57227.3060222222,0.8433688749229462,0.8526437512820755,0.875
optionC_observed_RGI_n75_order_locked,SS,SS_mg_L,env,75,1,"5-fold GroupKFold, sites held out",1,200,3,0,1.1363091033663435,0.2558272222062498,2979.288959699246,10,9,3129.026721830284,0.9521455789794436,0.3658924312735522,0.392578125,1024,223446.6719774435,0.8405751586776782,0.9800278413599022,0.9658203125
optionC_observed_RGI_n75_order_locked,SS,SS_mg_L,env,75,2,"5-fold GroupKFold, sites held out",1,200,3,0,1.173546992841348,0.240576523595823,3341.5656653606075,10,9,3859.047997182582,0.8659041472923429,0.4090318831363077,0.49609375,1024,250617.42490204552,0.8177975456760775,0.8956965558991332,0.978515625
optionC_observed_RGI_n75_order_locked,SS,SS_mg_L,env,75,3,"5-fold GroupKFold, sites held out",1,200,3,0,0.9572680228531792,0.338431991045006,2740.186308481628,10,9,3541.169676436709,0.7738082494931257,0.4588869080134247,0.517578125,1024,205513.9731361221,0.7766610103770594,0.7892051502444565,0.8902698863636364
optionC_observed_RGI_n75_order_locked,SS,SS_mg_L,env,75,4,"5-fold GroupKFold, sites held out",1,200,3,0,1.0449480428962985,0.2960469836368067,2804.617817236777,10,9,3112.200902835716,0.9011686278611766,0.3909761862183411,0.4453125,1024,210346.33629275823,0.7794301729798626,0.8614112256974471,0.9184027777777778
optionC_observed_RGI_n75_order_locked,SS,SS_mg_L,env,75,5,"5-fold GroupKFold, sites held out",1,200,3,0,1.069603827184875,0.2847976717652973,2905.6456069649034,10,9,3218.556378533357,0.9027791547616008,0.3901653202026154,0.439453125,1024,217923.42052236773,0.8970026374737341,0.9957929564192628,0.9921875
optionC_observed_RGI_n75_order_locked,SS,SS_mg_L,env,75,6,"5-fold GroupKFold, sites held out",1,200,3,0,1.1626723443583582,0.2449624663474499,2937.2165693131456,10,9,3028.3780380973403,0.9698975928244844,0.3574391835556882,0.37890625,1024,220291.24269848585,0.8048766751416211,0.9748174742735862,0.978515625
optionC_observed_RGI_n75_order_locked,SS,SS_mg_L,env,75,7,"5-fold GroupKFold, sites held out",1,200,3,0,0.8870533432998722,0.375050181771936,1960.3426823918676,10,9,2496.215318732228,0.7853259563311557,0.4524396363593406,0.517578125,1024,147025.70117939005,0.8014229336452735,0.8773795181152921,1.0
optionC_observed_RGI_n75_order_locked,SS,SS_mg_L,env,75,8,"5-fold GroupKFold, sites held out",1,200,3,0,0.9701979696842707,0.3319478225624472,2065.2678422862864,10,9,2367.5440729635447,0.8723249826142042,0.4057015453397171,0.455078125,1024,154895.0881714715,0.7368595673726552,0.811299624164343,0.95703125
optionC_observed_RGI_n75_order_locked,SS,SS_mg_L,env,75,9,"5-fold GroupKFold, sites held out",1,200,3,0,1.2866570062611216,0.1982138647243239,2750.534202687702,10,9,2307.5514876676184,1.1919708909584648,0.2637536383092195,0.271484375,1024,206290.06520157767,0.509838901742908,0.5869787761110594,0.6685431985294118
optionC_observed_RGI_n75_order_locked,SS,SS_mg_L,env,75,10,"5-fold GroupKFold, sites held out",1,200,3,0,1.184200126953293,0.2363338519036726,2508.3739442617416,10,9,2190.9075205076065,1.1449017910535,0.281782742235395,0.291015625,1024,188128.0458196306,0.5015005830148617,0.5886653496007236,0.6609933035714286
optionC_observed_RGI_n75_order_locked,Air temperature,air_temp_avg_C,met,75,0,"5-fold GroupKFold, sites held out",1,200,3,0,0.6591044205097636,0.509828717235806,3199.2671195897447,10,9,4998.473952189376,0.6400487729236715,0.5380917508267105,0.564453125,1024,239945.03396923075,0.7077512667647037,0.7735068918133963,0.7663143382352942
optionC_observed_RGI_n75_order_locked,Air temperature,air_temp_avg_C,met,75,1,"5-fold GroupKFold, sites held out",1,200,3,0,0.1221578971682329,0.9027739698539294,512.2733310565715,10,9,4875.50170449354,0.1050708956956021,0.9186239889848866,0.880859375,1024,38420.49982924283,0.9941051525637906,0.9912934702516482,0.9775855654761905
optionC_observed_RGI_n75_order_locked,Air temperature,air_temp_avg_C,met,75,2,"5-fold GroupKFold, sites held out",1,200,3,0,0.1976195470102469,0.8433427401063405,824.1283388971493,10,9,4691.293327447249,0.1756718843555229,0.8644407081057285,0.87890625,1024,61809.625417286166,0.9743486670335416,0.9785473434267776,0.978515625
optionC_observed_RGI_n75_order_locked,Air temperature,air_temp_avg_C,met,75,3,"5-fold GroupKFold, sites held out",1,200,3,0,0.555319070231514,0.5786764371493105,2097.107774260877,10,9,4505.300218478812,0.4654757003006012,0.652648885347436,0.80859375,1024,157283.08306956574,0.7829151796725966,0.7924617960414757,0.8902698863636364
optionC_observed_RGI_n75_order_locked,Air temperature,air_temp_avg_C,met,75,4,"5-fold GroupKFold, sites held out",1,200,3,0,0.3922391459635765,0.6948815225525229,1356.4108295773854,10,9,4112.071588864468,0.3298607040914754,0.7490532397369105,0.89453125,1024,101730.81221830384,0.7934391471369925,0.8614112256974471,0.927734375
optionC_observed_RGI_n75_order_locked,Air temperature,air_temp_avg_C,met,75,5,"5-fold GroupKFold, sites held out",1,200,3,0,0.072006120537899,0.942597037012713,249.36471582395717,10,9,4242.957754608172,0.0587714349861551,0.9544184176880168,0.982421875,1024,18702.35368679684,0.9955972197443492,0.9957929564192628,0.9921875
optionC_observed_RGI_n75_order_locked,Air temperature,air_temp_avg_C,met,75,6,"5-fold GroupKFold, sites held out",1,200,3,0,-0.7028955640991587,0.4821208357926787,-2048.668876001233,10,9,3534.9435493421106,-0.5795478336231173,0.5764369384437817,0.583984375,1024,153650.16570009248,0.9534438440368288,0.9748174742735862,0.978515625
optionC_observed_RGI_n75_order_locked,Air temperature,air_temp_avg_C,met,75,7,"5-fold GroupKFold, sites held out",1,200,3,0,-0.1041275677902402,0.917068113836956,-293.4131108962812,10,9,3539.864645047004,-0.0828882288781369,0.9357546787711404,0.94140625,1024,22005.983317221107,0.9997645709355596,0.999818931737398,1.0
optionC_observed_RGI_n75_order_locked,Air temperature,air_temp_avg_C,met,75,8,"5-fold GroupKFold, sites held out",1,200,3,0,0.1479009505869773,0.882420937998361,435.4293955029618,10,9,3596.029436389885,0.1210861599453693,0.9062830868112848,0.91796875,1024,32657.204662722117,0.9515293675336808,0.9557607513533308,0.95703125
optionC_observed_RGI_n75_order_locked,Air temperature,air_temp_avg_C,met,75,9,"5-fold GroupKFold, sites held out",1,200,3,0,0.8665140172592181,0.386208342826615,2282.190402148805,10,9,3153.7740794837155,0.7236378842083729,0.4876691000809032,0.494140625,1024,171164.28016116036,0.5225171697065968,0.6231327389922652,0.6685431985294118
optionC_observed_RGI_n75_order_locked,Air temperature,air_temp_avg_C,met,75,10,"5-fold GroupKFold, sites held out",1,200,3,0,0.9013286327382156,0.3674136143244335,2208.0082328360995,10,9,2947.101704963011,0.7492134489684373,0.4728553805538693,0.490234375,1024,165600.61746270745,0.5584426984496459,0.6042040973743885,0.6896829044117647
optionC_observed_RGI_n75_order_locked,Humidity,humidity_avg_pct,met,75,0,"5-fold GroupKFold, sites held out",1,200,3,0,-0.3429866214790276,0.7316085248824009,-2302.133649914533,10,9,6741.451531529728,-0.3414893126721253,0.7405729878489951,0.7421875,1024,172660.02374359005,0.8012855272521533,0.844248502954228,0.8494318181818182
optionC_observed_RGI_n75_order_locked,Humidity,humidity_avg_pct,met,75,1,"5-fold GroupKFold, sites held out",1,200,3,0,0.8512513641574992,0.3946297356549486,4523.510693011078,10,9,5989.646543187515,0.7552216412763144,0.469417875109872,0.44140625,1024,339263.30197583087,0.9238156950126368,0.9800278413599022,0.9658203125
optionC_observed_RGI_n75_order_locked,Humidity,humidity_avg_pct,met,75,2,"5-fold GroupKFold, sites held out",1,200,3,0,0.7477410003782481,0.4546163954830973,3930.9534980860585,10,9,5554.2306220643,0.7077404172722432,0.4970238504483131,0.544921875,1024,294821.5123564543,0.8177975456760775,0.8956965558991332,0.978515625
optionC_observed_RGI_n75_order_locked,Humidity,humidity_avg_pct,met,75,3,"5-fold GroupKFold, sites held out",1,200,3,0,0.8181222805536135,0.413287367683181,3895.6379323329465,10,9,5111.221921478837,0.762173506096917,0.4654607531667917,0.4765625,1024,292172.844924971,0.7766610103770594,0.7892051502444565,0.8902698863636364
optionC_observed_RGI_n75_order_locked,Humidity,humidity_avg_pct,met,75,4,"5-fold GroupKFold, sites held out",1,200,3,0,0.5091284856659575,0.6106621662148661,2192.761995291872,10,9,4303.743001677286,0.5095011468940625,0.6226583284164597,0.6171875,1024,164457.1496468904,0.7934391471369925,0.8614112256974471,0.9184027777777778
optionC_observed_RGI_n75_order_locked,Humidity,humidity_avg_pct,met,75,5,"5-fold GroupKFold, sites held out",1,200,3,0,0.0055180947415241,0.995597219744349,25.284508574771262,10,9,4664.186809175496,0.0054209896835673,0.9957929564192628,0.9921875,1024,1896.3381431077576,0.9955972197443492,0.9957929564192628,0.9921875
optionC_observed_RGI_n75_order_locked,Humidity,humidity_avg_pct,met,75,6,"5-fold GroupKFold, sites held out",1,200,3,0,-0.6576511576856903,0.5107623138663486,-2666.922386336176,10,9,4011.928425652665,-0.6647482465747921,0.5228776895920813,0.5234375,1024,200019.1789752132,0.9534438440368288,0.9748174742735862,0.978515625
optionC_observed_RGI_n75_order_locked,Humidity,humidity_avg_pct,met,75,7,"5-fold GroupKFold, sites held out",1,200,3,0,-0.4769217637232269,0.633417833676112,-1738.2419808989655,10,9,3686.54923728565,-0.471509226926481,0.6484979046939116,0.654296875,1024,130368.14856742237,0.8569770690912104,0.8773795181152921,1.0
optionC_observed_RGI_n75_order_locked,Humidity,humidity_avg_pct,met,75,8,"5-fold GroupKFold, sites held out",1,200,3,0,-0.2850308691196598,0.7756204922808412,-1096.146418384846,10,9,3387.906609108951,-0.3235468225238777,0.7536727454951515,0.74609375,1024,82210.98137886339,0.9515293675336808,0.9557607513533308,0.95703125
optionC_observed_RGI_n75_order_locked,Humidity,humidity_avg_pct,met,75,9,"5-fold GroupKFold, sites held out",1,200,3,0,0.0537917719863703,0.95710106503353,175.90885048554114,10,9,2864.582013552033,0.0614082088253487,0.9523761977170871,0.9453125,1024,13193.16378641563,0.95710106503353,0.9545030568743854,0.94921875
optionC_observed_RGI_n75_order_locked,Humidity,humidity_avg_pct,met,75,10,"5-fold GroupKFold, sites held out",1,200,3,0,0.2788522790248998,0.7803581921725198,926.2926019546298,10,9,3021.935291361036,0.3065229770480761,0.7661793302992279,0.7578125,1024,69471.94514659717,0.8974119209983977,0.881106229844112,0.871484375
optionC_observed_RGI_n75_order_locked,Precipitation,precip_sum_mm,met,75,0,"5-fold GroupKFold, sites held out",1,200,3,0,-0.1975861460987436,0.8433688749229462,-6818.801955555566,10,9,27179.72532385553,-0.2508782511341544,0.8075420463040442,0.8125,1024,511410.14666666696,0.8433688749229462,0.844248502954228,0.8494318181818182
optionC_observed_RGI_n75_order_locked,Precipitation,precip_sum_mm,met,75,1,"5-fold GroupKFold, sites held out",1,200,3,0,-0.4207891783758924,0.6739090344845968,-12605.898125464786,10,9,28698.688253122444,-0.439249975966872,0.6708374628672433,0.6640625,1024,945442.3594098588,0.9342531830950048,0.9800278413599022,0.9658203125
optionC_observed_RGI_n75_order_locked,Precipitation,precip_sum_mm,met,75,2,"5-fold GroupKFold, sites held out",1,200,3,0,-0.0342563024568223,0.9726727699885938,-939.3147190172028,10,9,24360.70716399226,-0.0385585981841122,0.9700840722142992,0.970703125,1024,70448.60392629035,0.9743486670335416,0.9785473434267776,0.978515625
optionC_observed_RGI_n75_order_locked,Precipitation,precip_sum_mm,met,75,3,"5-fold GroupKFold, sites held out",1,200,3,0,-0.4418055553617921,0.6586299181875772,-9588.484524451827,10,9,15869.667931647242,-0.6042019635036283,0.5606293679219416,0.560546875,1024,719136.3393338873,0.7972888483323303,0.7892051502444565,0.8902698863636364
optionC_observed_RGI_n75_order_locked,Precipitation,precip_sum_mm,met,75,4,"5-fold GroupKFold, sites held out",1,200,3,0,-0.7506328758616387,0.4528736300025189,-16121.312226327787,10,9,14306.561293106435,-1.1268474580328245,0.2889536848561609,0.32421875,1024,1209098.4169745846,0.7934391471369925,0.8614112256974471,0.9184027777777778
optionC_observed_RGI_n75_order_locked,Precipitation,precip_sum_mm,met,75,5,"5-fold GroupKFold, sites held out",1,200,3,0,-0.9120019221742692,0.3617677056972357,-18598.002707401876,10,9,14862.91815964325,-1.251302234705185,0.2423707149997792,0.26171875,1024,1394850.2030551408,0.8970026374737341,0.9957929564192628,0.9921875
optionC_observed_RGI_n75_order_locked,Precipitation,precip_sum_mm,met,75,6,"5-fold GroupKFold, sites held out",1,200,3,0,-1.2931442371945243,0.1959611776082481,-27290.821841947676,10,9,15815.774132556202,-1.725544485727733,0.1185106802731018,0.134765625,1024,2046811.6381460757,0.7511845141649512,0.6759739641733874,0.619921875
optionC_observed_RGI_n75_order_locked,Precipitation,precip_sum_mm,met,75,7,"5-fold GroupKFold, sites held out",1,200,3,0,-0.9677097588921209,0.3331893429292747,-20330.832233477955,10,9,17187.06110379152,-1.1829149911495287,0.2671482325323522,0.28515625,1024,1524812.4175108462,0.8014229336452735,0.8773795181152921,1.0
optionC_observed_RGI_n75_order_locked,Precipitation,precip_sum_mm,met,75,8,"5-fold GroupKFold, sites held out",1,200,3,0,-1.1292943272053255,0.2587736931660624,-23538.51548756836,10,9,15916.93330497666,-1.4788348381285672,0.1733094558998753,0.203125,1024,1765388.661567627,0.7368595673726552,0.7797523642946627,0.8011067708333334
optionC_observed_RGI_n75_order_locked,Precipitation,precip_sum_mm,met,75,9,"5-fold GroupKFold, sites held out",1,200,3,0,-0.9752725616040494,0.3294250771625115,-20504.10603568489,10,9,16722.369851375242,-1.226148340092995,0.2512559591686316,0.28515625,1024,1537807.952676366,0.5225171697065968,0.5869787761110594,0.6685431985294118
optionC_observed_RGI_n75_order_locked,Precipitation,precip_sum_mm,met,75,10,"5-fold GroupKFold, sites held out",1,200,3,0,-1.055743964583691,0.291085205230507,-23040.54608349038,10,9,16431.290858183886,-1.4022359096646777,0.194381618883314,0.23828125,1024,1728040.9562617787,0.5015005830148617,0.5886653496007236,0.6609933035714286
optionC_observed_RGI_n75_order_locked,Wind speed,wind_speed_avg_ms,met,75,0,"5-fold GroupKFold, sites held out",1,200,3,0,0.6385426476891994,0.5231205015217375,296.6254415954417,10,9,212.32200691403364,1.397054624278968,0.1958837068455502,0.1640625,1024,22246.90811965814,0.7077512667647037,0.6259076719688543,0.5390625
optionC_observed_RGI_n75_order_locked,Wind speed,wind_speed_avg_ms,met,75,1,"5-fold GroupKFold, sites held out",1,200,3,0,-0.3981291861686679,0.6905349614180469,-160.94513685998928,10,9,465.8594770208333,-0.3454800101722344,0.7376711823553008,0.728515625,1024,12070.885264499204,0.9342531830950048,0.9800278413599022,0.9658203125
optionC_observed_RGI_n75_order_locked,Wind speed,wind_speed_avg_ms,met,75,2,"5-fold GroupKFold, sites held out",1,200,3,0,-1.1177394396953246,0.2636782930730326,-394.5315936116463,10,9,461.3152670031956,-0.8552320329101819,0.4146093899548824,0.390625,1024,29589.86952087347,0.8177975456760775,0.8956965558991332,0.978515625
optionC_observed_RGI_n75_order_locked,Wind speed,wind_speed_avg_ms,met,75,3,"5-fold GroupKFold, sites held out",1,200,3,0,-1.6875267204055997,0.0915021164346865,-547.8847086372192,10,9,445.5200417487261,-1.2297644489498116,0.2499624184155676,0.251953125,1024,41091.35314779143,0.7766610103770594,0.7892051502444565,0.8902698863636364
optionC_observed_RGI_n75_order_locked,Wind speed,wind_speed_avg_ms,met,75,4,"5-fold GroupKFold, sites held out",1,200,3,0,-1.5410927426088965,0.1232942159150944,-491.6396311700709,10,9,448.6122003129073,-1.0959123065024805,0.3015748333620658,0.3125,1024,36872.97233775532,0.7794301729798626,0.8614112256974471,0.9184027777777778
optionC_observed_RGI_n75_order_locked,Wind speed,wind_speed_avg_ms,met,75,5,"5-fold GroupKFold, sites held out",1,200,3,0,-1.4923712935482645,0.1356018362254827,-465.0748510089691,10,9,385.8499742817477,-1.2053255980506337,0.2588114221453959,0.267578125,1024,34880.613825672684,0.725007076612808,0.9957929564192628,0.9921875
optionC_observed_RGI_n75_order_locked,Wind speed,wind_speed_avg_ms,met,75,6,"5-fold GroupKFold, sites held out",1,200,3,0,-1.877707064645423,0.060421249744901,-616.1618876551532,10,9,388.2299680567551,-1.5871054229514732,0.1469508617768233,0.162109375,1024,46212.14157413648,0.4621268049993244,0.6759739641733874,0.6214192708333334
optionC_observed_RGI_n75_order_locked,Wind speed,wind_speed_avg_ms,met,75,7,"5-fold GroupKFold, sites held out",1,200,3,0,-1.499055067373224,0.1338593468559503,-483.1357297714322,10,9,304.8551152891896,-1.5848044055718835,0.1474716557565935,0.171875,1024,36235.17973285742,0.6157529955373716,0.8479620206004129,0.790625
optionC_observed_RGI_n75_order_locked,Wind speed,wind_speed_avg_ms,met,75,8,"5-fold GroupKFold, sites held out",1,200,3,0,-1.176349814977646,0.2394551170841961,-375.9470342035266,10,9,267.02135284235106,-1.4079287300498589,0.1927426679852197,0.208984375,1024,28196.0275652645,0.7368595673726552,0.7797523642946627,0.8011067708333334
optionC_observed_RGI_n75_order_locked,Wind speed,wind_speed_avg_ms,met,75,9,"5-fold GroupKFold, sites held out",1,200,3,0,-0.8684568030216109,0.385144310212195,-288.97246363721547,10,9,254.9091611335361,-1.1336291812824846,0.2862433101552319,0.287109375,1024,21672.93477279116,0.5225171697065968,0.5869787761110594,0.6685431985294118
optionC_observed_RGI_n75_order_locked,Wind speed,wind_speed_avg_ms,met,75,10,"5-fold GroupKFold, sites held out",1,200,3,0,-0.6570598496689114,0.5111424340861546,-232.68117865523624,10,9,252.75836095638223,-0.9205676828051174,0.3812890160724736,0.40234375,1024,17451.088399142718,0.6531264435545308,0.5886653496007236,0.6609933035714286
optionC_observed_RGI_n75_order_locked,Sunshine,sunshine_avg_hr,met,75,0,"5-fold GroupKFold, sites held out",1,200,3,0,2.4566980152159874,0.014022050181581,1761.6479786823852,10,9,642.1211776552989,2.743482133878578,0.0227177713431139,0.03515625,1024,132123.5984011789,0.107502384725455,0.2612543704458104,0.368359375
optionC_observed_RGI_n75_order_locked,Sunshine,sunshine_avg_hr,met,75,1,"5-fold GroupKFold, sites held out",1,200,3,0,0.0615977240986792,0.9508831894088432,31.409938006634068,10,9,470.139717660862,0.0668097946774448,0.9481937541537504,0.947265625,1024,2355.745350497562,0.9941051525637906,0.9912934702516482,0.9903231534090909
optionC_observed_RGI_n75_order_locked,Sunshine,sunshine_avg_hr,met,75,2,"5-fold GroupKFold, sites held out",1,200,3,0,-0.3706666748858009,0.7108858144791577,-188.58908445001285,10,9,504.77071758136,-0.3736133612378489,0.7173410307398279,0.69921875,1024,14144.181333750956,0.9743486670335416,0.9785473434267776,0.978515625
optionC_observed_RGI_n75_order_locked,Sunshine,sunshine_avg_hr,met,75,3,"5-fold GroupKFold, sites held out",1,200,3,0,-0.2144083229881711,0.8302286517754494,-102.81728481206508,10,9,513.6079237671728,-0.2001863290151923,0.8457852089297936,0.8515625,1024,7711.296360904869,0.8963211212922849,0.884229991153875,0.8902698863636364
optionC_observed_RGI_n75_order_locked,Sunshine,sunshine_avg_hr,met,75,4,"5-fold GroupKFold, sites held out",1,200,3,0,0.4174547441350355,0.6763458198033081,167.11441149296522,10,9,395.4983122244033,0.4225414023970487,0.6825457697189666,0.708984375,1024,12533.5808619724,0.7934391471369925,0.8614112256974471,0.9184027777777778
optionC_observed_RGI_n75_order_locked,Sunshine,sunshine_avg_hr,met,75,5,"5-fold GroupKFold, sites held out",1,200,3,0,0.58423310633647,0.5590634906821408,230.782808140002,10,9,391.6562106241156,0.5892484323745125,0.5701877611637292,0.603515625,1024,17308.710610500144,0.9955972197443492,0.9957929564192628,0.9921875
optionC_observed_RGI_n75_order_locked,Sunshine,sunshine_avg_hr,met,75,6,"5-fold GroupKFold, sites held out",1,200,3,0,0.8541027143760445,0.3930480800791456,337.8243676466662,10,9,396.127531616997,0.8528171881102617,0.4158787406541297,0.44921875,1024,25336.82757349995,0.9534438440368288,0.9748174742735862,0.978515625
optionC_observed_RGI_n75_order_locked,Sunshine,sunshine_avg_hr,met,75,7,"5-fold GroupKFold, sites held out",1,200,3,0,1.1816202902454118,0.2373563989129157,432.9757363918075,10,9,383.6933502375072,1.128442116924347,0.288314547338788,0.333984375,1024,32473.18022938556,0.8014229336452735,0.8773795181152921,1.0
optionC_observed_RGI_n75_order_locked,Sunshine,sunshine_avg_hr,met,75,8,"5-fold GroupKFold, sites held out",1,200,3,0,0.9785616124879684,0.3277966344495324,358.20227389281354,10,9,385.7052293240357,0.928694367251846,0.3772825976265874,0.4765625,1024,26865.17054196102,0.7368595673726552,0.811299624164343,0.95703125
optionC_observed_RGI_n75_order_locked,Sunshine,sunshine_avg_hr,met,75,9,"5-fold GroupKFold, sites held out",1,200,3,0,0.9420360179252304,0.3461741998330534,328.62868822805507,10,9,358.18071364405927,0.9174940908589192,0.3828122452898213,0.462890625,1024,24647.15161710413,0.5225171697065968,0.5869787761110594,0.6685431985294118
optionC_observed_RGI_n75_order_locked,Sunshine,sunshine_avg_hr,met,75,10,"5-fold GroupKFold, sites held out",1,200,3,0,0.7925556491093936,0.4280367572074206,284.0326664092579,10,9,360.0084916181255,0.7889610190376898,0.450417356386667,0.580078125,1024,21302.44998069435,0.5791085538688632,0.6042040973743885,0.7412109375
optionC_observed_RGI_n75_order_locked,Pressure,pressure_avg_hPa,met,75,0,"5-fold GroupKFold, sites held out",1,200,3,0,-2.088385117667416,0.0367631088636628,-7944.105258575487,10,9,4533.764015371486,-1.7522096941176075,0.1136478353201524,0.080078125,1024,595807.8943931614,0.1691103007728491,0.522780042472701,0.368359375
optionC_observed_RGI_n75_order_locked,Pressure,pressure_avg_hPa,met,75,1,"5-fold GroupKFold, sites held out",1,200,3,0,-0.6727535019989203,0.5011041238316403,-2172.5500256802734,10,9,3798.9856650675088,-0.5718763420608134,0.5814056997258173,0.580078125,1024,162941.25192602054,0.9342531830950048,0.9800278413599022,0.9658203125
optionC_observed_RGI_n75_order_locked,Pressure,pressure_avg_hPa,met,75,2,"5-fold GroupKFold, sites held out",1,200,3,0,-0.8390913447516839,0.4014180526826889,-2785.53198682504,10,9,3765.866532106713,-0.7396788927797578,0.4783437284891422,0.587890625,1024,208914.899011878,0.8177975456760775,0.8956965558991332,0.978515625
optionC_observed_RGI_n75_order_locked,Pressure,pressure_avg_hPa,met,75,3,"5-fold GroupKFold, sites held out",1,200,3,0,-0.7180115257020975,0.4727501802295144,-2370.501517699241,10,9,4084.4399670538887,-0.5803736954932127,0.5759034388611957,0.720703125,1024,177787.6138274431,0.7766610103770594,0.7892051502444565,0.8902698863636364
optionC_observed_RGI_n75_order_locked,Pressure,pressure_avg_hPa,met,75,4,"5-fold GroupKFold, sites held out",1,200,3,0,-0.4262577208571096,0.6699200619295329,-1113.6143808525435,10,9,3160.9461408445327,-0.352304130229505,0.7327192558867064,0.91015625,1024,83521.07856394077,0.7934391471369925,0.8614112256974471,0.927734375
optionC_observed_RGI_n75_order_locked,Pressure,pressure_avg_hPa,met,75,5,"5-fold GroupKFold, sites held out",1,200,3,0,-0.1724593304999432,0.8630764318235273,-458.1137569010798,10,9,3207.7736937532336,-0.142813614873519,0.8895835788096211,0.96875,1024,34358.531767580964,0.9955972197443492,0.9957929564192628,0.9921875
optionC_observed_RGI_n75_order_locked,Pressure,pressure_avg_hPa,met,75,6,"5-fold GroupKFold, sites held out",1,200,3,0,0.5528631497378258,0.5803571224572002,1269.8674832556087,10,9,2688.780602234201,0.472283786263718,0.6479659424136778,0.6875,1024,95240.06124417065,0.9534438440368288,0.9748174742735862,0.978515625
optionC_observed_RGI_n75_order_locked,Pressure,pressure_avg_hPa,met,75,7,"5-fold GroupKFold, sites held out",1,200,3,0,0.0002950665790798,0.9997645709355596,0.7103078934446942,10,9,3044.423710311494,0.0002333144006988,0.999818931737398,1.0,1024,53.27309200835589,0.9997645709355596,0.999818931737398,1.0
optionC_observed_RGI_n75_order_locked,Pressure,pressure_avg_hPa,met,75,8,"5-fold GroupKFold, sites held out",1,200,3,0,-0.1953209802261456,0.845141673526324,-467.1322091421181,10,9,3015.7448735423745,-0.1548977876876607,0.8803200751169348,0.90234375,1024,35034.915685658896,0.9515293675336808,0.9557607513533308,0.95703125
optionC_observed_RGI_n75_order_locked,Pressure,pressure_avg_hPa,met,75,9,"5-fold GroupKFold, sites held out",1,200,3,0,-1.422189752000919,0.1549711729793195,-2271.387314322544,10,9,1798.60427726873,-1.2628610656768582,0.2383754228857941,0.2265625,1024,170354.04857419076,0.509838901742908,0.5869787761110594,0.6685431985294118
optionC_observed_RGI_n75_order_locked,Pressure,pressure_avg_hPa,met,75,10,"5-fold GroupKFold, sites held out",1,200,3,0,-1.6686495208765455,0.0951868586180326,-2504.285154262055,10,9,1724.797406964154,-1.4519300319855484,0.1804725601985942,0.16015625,1024,187821.38656965416,0.5015005830148617,0.5886653496007236,0.6609933035714286
optionC_observed_RGI_n75_order_locked,Discharge,discharge_mean_m3s,hydro,75,0,"5-fold GroupKFold, sites held out",1,200,3,0,-2.657718912807723,0.007867147824812,-188066.61810189745,10,9,66355.54824237793,-2.8342259702978208,0.0195868468745429,0.029296875,1024,14104996.357642308,0.107502384725455,0.2612543704458104,0.368359375
optionC_observed_RGI_n75_order_locked,Discharge,discharge_mean_m3s,hydro,75,1,"5-fold GroupKFold, sites held out",1,200,3,0,-1.1961282103857935,0.2316465303861066,-36532.85629655747,10,9,18598.71427830156,-1.9642678386203836,0.0810861775992191,0.087890625,1024,2739964.2222418096,0.8405751586776782,0.7364541914356038,0.8265625
optionC_observed_RGI_n75_order_locked,Discharge,discharge_mean_m3s,hydro,75,2,"5-fold GroupKFold, sites held out",1,200,3,0,-0.9526123557717472,0.3407865145883784,-30411.95783982282,10,9,27642.86199657112,-1.1001739922441889,0.2998109040738388,0.31640625,1024,2280896.8379867114,0.8177975456760775,0.8956965558991332,0.978515625
optionC_observed_RGI_n75_order_locked,Discharge,discharge_mean_m3s,hydro,75,3,"5-fold GroupKFold, sites held out",1,200,3,0,-0.976041414944678,0.3290439414152455,-29376.48481199298,10,9,30455.02420314892,-0.9645858304376452,0.3599533327947798,0.380859375,1024,2203236.360899473,0.7766610103770594,0.7892051502444565,0.8902698863636364
optionC_observed_RGI_n75_order_locked,Discharge,discharge_mean_m3s,hydro,75,4,"5-fold GroupKFold, sites held out",1,200,3,0,-1.5290009821579262,0.1262642004382286,-55147.84345212596,10,9,35173.25997754067,-1.5678911618468048,0.1513506272037051,0.169921875,1024,4136088.258909448,0.7794301729798626,0.8614112256974471,0.9184027777777778
optionC_observed_RGI_n75_order_locked,Discharge,discharge_mean_m3s,hydro,75,5,"5-fold GroupKFold, sites held out",1,200,3,0,-1.4131547295708229,0.1576102340462626,-45890.88926143017,10,9,31800.115623080397,-1.443104478152361,0.1828778114897519,0.193359375,1024,3441816.6946072625,0.725007076612808,0.9957929564192628,0.9921875
optionC_observed_RGI_n75_order_locked,Discharge,discharge_mean_m3s,hydro,75,6,"5-fold GroupKFold, sites held out",1,200,3,0,-1.6426162865236058,0.1004623489128966,-57664.5536320888,10,9,32837.27782548235,-1.756069852639856,0.1129593059542781,0.115234375,1024,4324841.52240666,0.4621268049993244,0.6759739641733874,0.619921875
optionC_observed_RGI_n75_order_locked,Discharge,discharge_mean_m3s,hydro,75,7,"5-fold GroupKFold, sites held out",1,200,3,0,-1.5998368897892528,0.1096347727624755,-55767.29208419908,10,9,30867.324071577048,-1.8066772472690689,0.104282334291644,0.109375,1024,4182546.90631493,0.6157529955373716,0.7994978962359376,0.62890625
optionC_observed_RGI_n75_order_locked,Discharge,discharge_mean_m3s,hydro,75,8,"5-fold GroupKFold, sites held out",1,200,3,0,-1.5427809686876346,0.1228839285615002,-52585.15260141301,10,9,30374.51916694892,-1.7312258446754905,0.1174588227923137,0.126953125,1024,3943886.445105976,0.7368595673726552,0.7797523642946627,0.8011067708333334
optionC_observed_RGI_n75_order_locked,Discharge,discharge_mean_m3s,hydro,75,9,"5-fold GroupKFold, sites held out",1,200,3,0,-1.5513066120373866,0.1208282230386597,-54574.03052318685,10,9,31905.533518654345,-1.7104879469035932,0.1213402386956506,0.123046875,1024,4093052.289239014,0.509838901742908,0.5869787761110594,0.6685431985294118
optionC_observed_RGI_n75_order_locked,Discharge,discharge_mean_m3s,hydro,75,10,"5-fold GroupKFold, sites held out",1,200,3,0,-1.3907256096719254,0.1643086486598077,-49403.77080286304,10,9,32002.630000585006,-1.5437409613509874,0.1570471607155649,0.16015625,1024,3705282.810214728,0.5015005830148617,0.5886653496007236,0.6609933035714286
optionC_observed_RGI_n75_order_locked,Storage rate,storage_rate_pct,hydro,75,0,"5-fold GroupKFold, sites held out",1,200,3,0,1.421246015548894,0.1552452515335913,10690.625945946924,10,9,8698.495654756984,1.2290200938481235,0.2502282396039624,0.23828125,1024,801796.9459460193,0.511275901146566,0.6394721678767927,0.575
optionC_observed_RGI_n75_order_locked,Storage rate,storage_rate_pct,hydro,75,1,"5-fold GroupKFold, sites held out",1,200,3,0,0.5394994580216533,0.5895422708418045,3452.47284390932,10,9,7766.65180259882,0.444525251248431,0.6671600965749352,0.689453125,1024,258935.46329319896,0.9342531830950048,0.9800278413599022,0.9658203125
optionC_observed_RGI_n75_order_locked,Storage rate,storage_rate_pct,hydro,75,2,"5-fold GroupKFold, sites held out",1,200,3,0,0.0321547183213533,0.9743486670335416,203.0840640718538,10,9,7345.715304176516,0.0276466015442209,0.9785473434267776,0.978515625,1024,15231.304805389023,0.9743486670335416,0.9785473434267776,0.978515625
optionC_observed_RGI_n75_order_locked,Storage rate,storage_rate_pct,hydro,75,3,"5-fold GroupKFold, sites held out",1,200,3,0,0.1303100598928747,0.8963211212922848,732.2848892892677,10,9,6944.722072712778,0.1054448085354723,0.9183355860477392,0.9140625,1024,54921.36669669501,0.8963211212922849,0.9183355860477392,0.9140625
optionC_observed_RGI_n75_order_locked,Storage rate,storage_rate_pct,hydro,75,4,"5-fold GroupKFold, sites held out",1,200,3,0,0.3525251791231583,0.7244444386902975,2077.537764612985,10,9,7664.19821898177,0.2710704636353986,0.792451445918596,0.759765625,1024,155815.33234597387,0.7934391471369925,0.8679230121965575,0.9197162828947368
optionC_observed_RGI_n75_order_locked,Storage rate,storage_rate_pct,hydro,75,5,"5-fold GroupKFold, sites held out",1,200,3,0,0.1107521177319364,0.9118129161825106,599.1661324902425,10,9,6599.8684024588165,0.0907845575022404,0.9296522013219356,0.93359375,1024,44937.4599367682,0.9955972197443492,0.9957929564192628,0.9921875
optionC_observed_RGI_n75_order_locked,Storage rate,storage_rate_pct,hydro,75,6,"5-fold GroupKFold, sites held out",1,200,3,0,0.1407565480109884,0.8880622708824797,815.8888117347828,10,9,7082.281739176262,0.1152014056743355,0.9108148097664116,0.912109375,1024,61191.66088010863,0.967791168210443,0.9748174742735862,0.978515625
optionC_observed_RGI_n75_order_locked,Storage rate,storage_rate_pct,hydro,75,7,"5-fold GroupKFold, sites held out",1,200,3,0,0.2178677602147817,0.8275321473686663,1186.8050276876197,10,9,6602.071460139759,0.1797625237553088,0.8613212099578592,0.85546875,1024,89010.3770765714,0.9917941533339149,0.999818931737398,1.0
optionC_observed_RGI_n75_order_locked,Storage rate,storage_rate_pct,hydro,75,8,"5-fold GroupKFold, sites held out",1,200,3,0,0.1026499874515624,0.9182407681010996,555.0724358900015,10,9,6605.015262892076,0.0840380247125965,0.934865802308925,0.93359375,1024,41630.43269175012,0.9515293675336808,0.9557607513533308,0.95703125
optionC_observed_RGI_n75_order_locked,Storage rate,storage_rate_pct,hydro,75,9,"5-fold GroupKFold, sites held out",1,200,3,0,0.1182954576541998,0.9058335563966038,648.0127540908867,10,9,6704.699795009788,0.0966505248412752,0.925121956486065,0.94921875,1024,48600.9565568165,0.95710106503353,0.9545030568743854,0.94921875
optionC_observed_RGI_n75_order_locked,Storage rate,storage_rate_pct,hydro,75,10,"5-fold GroupKFold, sites held out",1,200,3,0,0.1546362075598243,0.877108123814885,881.8579784462572,10,9,6891.233924843132,0.1279680806171924,0.900988021802016,0.90625,1024,66139.34838346927,0.960642230844874,0.9702528255202788,0.9617365056818182
